phase,timestamp_utc,target,collection_status,application_health,health_observed_at
spring,2026-10-02T18:47:39.459993+00:00,spring,error,,
spring,2026-10-02T18:47:39.460816+00:00,quarkus,error,,
spring,2026-10-02T18:47:39.461310+00:00,micronaut,error,,
spring,2026-10-02T18:47:39.461790+00:00,statlite-self,ok,UP,2026-10-02T18:47:37.490601234Z
spring,2026-10-02T18:47:49.508593+00:00,spring,ok,UP,2026-10-02T18:47:44.535633983Z
spring,2026-10-02T18:47:49.509520+00:00,quarkus,error,,
spring,2026-10-02T18:47:49.510358+00:00,micronaut,error,,
spring,2026-10-02T18:47:49.511160+00:00,statlite-self,ok,UP,2026-10-02T18:47:47.503421982Z
spring,2026-10-02T18:47:59.465095+00:00,spring,ok,UP,2026-10-02T18:47:54.505876761Z
spring,2026-10-02T18:47:59.465789+00:00,quarkus,error,,
spring,2026-10-02T18:47:59.466361+00:00,micronaut,error,,
spring,2026-10-02T18:47:59.466870+00:00,statlite-self,ok,UP,2026-10-02T18:47:57.50406068Z
spring,2026-10-02T18:48:09.468377+00:00,spring,ok,UP,2026-10-02T18:48:04.508544341Z
spring,2026-10-02T18:48:09.469155+00:00,quarkus,error,,
spring,2026-10-02T18:48:09.469699+00:00,micronaut,error,,
spring,2026-10-02T18:48:09.470407+00:00,statlite-self,ok,UP,2026-10-02T18:48:07.503154664Z
spring,2026-10-02T18:48:19.462646+00:00,spring,ok,UP,2026-10-02T18:48:14.513361183Z
spring,2026-10-02T18:48:19.463613+00:00,quarkus,error,,
spring,2026-10-02T18:48:19.464398+00:00,micronaut,error,,
spring,2026-10-02T18:48:19.465123+00:00,statlite-self,ok,UP,2026-10-02T18:48:17.503431414Z
spring,2026-10-02T18:48:29.511006+00:00,spring,ok,UP,2026-10-02T18:48:24.507400437Z
spring,2026-10-02T18:48:29.511928+00:00,quarkus,error,,
spring,2026-10-02T18:48:29.512627+00:00,micronaut,error,,
spring,2026-10-02T18:48:29.513338+00:00,statlite-self,ok,UP,2026-10-02T18:48:27.503119605Z
spring,2026-10-02T18:48:39.506237+00:00,spring,ok,UP,2026-10-02T18:48:34.501835146Z
spring,2026-10-02T18:48:39.507135+00:00,quarkus,error,,
spring,2026-10-02T18:48:39.508018+00:00,micronaut,error,,
spring,2026-10-02T18:48:39.508855+00:00,statlite-self,ok,UP,2026-10-02T18:48:37.504307925Z
spring,2026-10-02T18:48:49.506150+00:00,spring,ok,UP,2026-10-02T18:48:44.502705966Z
spring,2026-10-02T18:48:49.506894+00:00,quarkus,error,,
spring,2026-10-02T18:48:49.507642+00:00,micronaut,error,,
spring,2026-10-02T18:48:49.508546+00:00,statlite-self,ok,UP,2026-10-02T18:48:47.503623611Z
spring,2026-10-02T18:48:59.509974+00:00,spring,ok,UP,2026-10-02T18:48:54.503482248Z
spring,2026-10-02T18:48:59.510853+00:00,quarkus,error,,
spring,2026-10-02T18:48:59.511727+00:00,micronaut,error,,
spring,2026-10-02T18:48:59.512561+00:00,statlite-self,ok,UP,2026-10-02T18:48:57.50627276Z
spring,2026-10-02T18:49:09.511036+00:00,spring,ok,UP,2026-10-02T18:49:04.504359582Z
spring,2026-10-02T18:49:09.512035+00:00,quarkus,error,,
spring,2026-10-02T18:49:09.512778+00:00,micronaut,error,,
spring,2026-10-02T18:49:09.513686+00:00,statlite-self,ok,UP,2026-10-02T18:49:07.503650861Z
spring,2026-10-02T18:49:19.474006+00:00,spring,ok,UP,2026-10-02T18:49:14.500996298Z
spring,2026-10-02T18:49:19.474784+00:00,quarkus,error,,
spring,2026-10-02T18:49:19.475366+00:00,micronaut,error,,
spring,2026-10-02T18:49:19.475933+00:00,statlite-self,ok,UP,2026-10-02T18:49:17.504472971Z
spring,2026-10-02T18:49:29.482329+00:00,spring,ok,UP,2026-10-02T18:49:24.50379509Z
spring,2026-10-02T18:49:29.483227+00:00,quarkus,error,,
spring,2026-10-02T18:49:29.484092+00:00,micronaut,error,,
spring,2026-10-02T18:49:29.484859+00:00,statlite-self,ok,UP,2026-10-02T18:49:27.50267054Z
spring,2026-10-02T18:49:39.471168+00:00,spring,ok,UP,2026-10-02T18:49:34.50225154Z
spring,2026-10-02T18:49:39.471819+00:00,quarkus,error,,
spring,2026-10-02T18:49:39.472480+00:00,micronaut,error,,
spring,2026-10-02T18:49:39.473043+00:00,statlite-self,ok,UP,2026-10-02T18:49:37.505237397Z
spring,2026-10-02T18:49:49.473102+00:00,spring,ok,UP,2026-10-02T18:49:44.503597593Z
spring,2026-10-02T18:49:49.473875+00:00,quarkus,error,,
spring,2026-10-02T18:49:49.474699+00:00,micronaut,error,,
spring,2026-10-02T18:49:49.475378+00:00,statlite-self,ok,UP,2026-10-02T18:49:47.502622667Z
spring,2026-10-02T18:49:59.478583+00:00,spring,ok,UP,2026-10-02T18:49:54.504251928Z
spring,2026-10-02T18:49:59.479767+00:00,quarkus,error,,
spring,2026-10-02T18:49:59.480547+00:00,micronaut,error,,
spring,2026-10-02T18:49:59.481263+00:00,statlite-self,ok,UP,2026-10-02T18:49:57.503388832Z
spring,2026-10-02T18:50:09.488837+00:00,spring,ok,UP,2026-10-02T18:50:04.5052179Z
spring,2026-10-02T18:50:09.489575+00:00,quarkus,error,,
spring,2026-10-02T18:50:09.490145+00:00,micronaut,error,,
spring,2026-10-02T18:50:09.490736+00:00,statlite-self,ok,UP,2026-10-02T18:50:07.502565267Z
spring,2026-10-02T18:50:19.496876+00:00,spring,ok,UP,2026-10-02T18:50:14.50274749Z
spring,2026-10-02T18:50:19.497823+00:00,quarkus,error,,
spring,2026-10-02T18:50:19.498625+00:00,micronaut,error,,
spring,2026-10-02T18:50:19.499447+00:00,statlite-self,ok,UP,2026-10-02T18:50:17.50339087Z
spring,2026-10-02T18:50:29.483142+00:00,spring,ok,UP,2026-10-02T18:50:24.505486912Z
spring,2026-10-02T18:50:29.484115+00:00,quarkus,error,,
spring,2026-10-02T18:50:29.484851+00:00,micronaut,error,,
spring,2026-10-02T18:50:29.485613+00:00,statlite-self,ok,UP,2026-10-02T18:50:27.504875467Z
spring,2026-10-02T18:50:39.465826+00:00,spring,ok,UP,2026-10-02T18:50:34.504301551Z
spring,2026-10-02T18:50:39.467201+00:00,quarkus,error,,
spring,2026-10-02T18:50:39.468237+00:00,micronaut,error,,
spring,2026-10-02T18:50:39.468882+00:00,statlite-self,ok,UP,2026-10-02T18:50:37.503120429Z
spring,2026-10-02T18:50:49.507141+00:00,spring,ok,UP,2026-10-02T18:50:44.504394137Z
spring,2026-10-02T18:50:49.508106+00:00,quarkus,error,,
spring,2026-10-02T18:50:49.509033+00:00,micronaut,error,,
spring,2026-10-02T18:50:49.509667+00:00,statlite-self,ok,UP,2026-10-02T18:50:47.50274783Z
spring,2026-10-02T18:50:59.466835+00:00,spring,ok,UP,2026-10-02T18:50:54.504442678Z
spring,2026-10-02T18:50:59.467671+00:00,quarkus,error,,
spring,2026-10-02T18:50:59.468468+00:00,micronaut,error,,
spring,2026-10-02T18:50:59.469282+00:00,statlite-self,ok,UP,2026-10-02T18:50:57.503062757Z
spring,2026-10-02T18:51:09.510428+00:00,spring,ok,UP,2026-10-02T18:51:04.501025839Z
spring,2026-10-02T18:51:09.511327+00:00,quarkus,error,,
spring,2026-10-02T18:51:09.512198+00:00,micronaut,error,,
spring,2026-10-02T18:51:09.512922+00:00,statlite-self,ok,UP,2026-10-02T18:51:07.502712165Z
spring,2026-10-02T18:51:19.465379+00:00,spring,ok,UP,2026-10-02T18:51:14.497151288Z
spring,2026-10-02T18:51:19.466448+00:00,quarkus,error,,
spring,2026-10-02T18:51:19.467122+00:00,micronaut,error,,
spring,2026-10-02T18:51:19.467627+00:00,statlite-self,ok,UP,2026-10-02T18:51:17.503034057Z
spring,2026-10-02T18:51:29.466136+00:00,spring,ok,UP,2026-10-02T18:51:24.504617564Z
spring,2026-10-02T18:51:29.467098+00:00,quarkus,error,,
spring,2026-10-02T18:51:29.467710+00:00,micronaut,error,,
spring,2026-10-02T18:51:29.468376+00:00,statlite-self,ok,UP,2026-10-02T18:51:27.502642695Z
spring,2026-10-02T18:51:39.500550+00:00,spring,ok,UP,2026-10-02T18:51:34.495367927Z
spring,2026-10-02T18:51:39.501251+00:00,quarkus,error,,
spring,2026-10-02T18:51:39.501749+00:00,micronaut,error,,
spring,2026-10-02T18:51:39.502352+00:00,statlite-self,ok,UP,2026-10-02T18:51:37.503086755Z
spring,2026-10-02T18:51:49.465318+00:00,spring,ok,UP,2026-10-02T18:51:44.499699439Z
spring,2026-10-02T18:51:49.466142+00:00,quarkus,error,,
spring,2026-10-02T18:51:49.467121+00:00,micronaut,error,,
spring,2026-10-02T18:51:49.467863+00:00,statlite-self,ok,UP,2026-10-02T18:51:47.502371575Z
spring,2026-10-02T18:51:59.494920+00:00,spring,ok,UP,2026-10-02T18:51:54.500265466Z
spring,2026-10-02T18:51:59.495699+00:00,quarkus,error,,
spring,2026-10-02T18:51:59.496213+00:00,micronaut,error,,
spring,2026-10-02T18:51:59.496598+00:00,statlite-self,ok,UP,2026-10-02T18:51:57.503749278Z
spring,2026-10-02T18:52:09.471372+00:00,spring,ok,UP,2026-10-02T18:52:04.502004301Z
spring,2026-10-02T18:52:09.472128+00:00,quarkus,error,,
spring,2026-10-02T18:52:09.472775+00:00,micronaut,error,,
spring,2026-10-02T18:52:09.473501+00:00,statlite-self,ok,UP,2026-10-02T18:52:07.503314793Z
spring,2026-10-02T18:52:19.509267+00:00,spring,ok,UP,2026-10-02T18:52:14.52692923Z
spring,2026-10-02T18:52:19.510108+00:00,quarkus,error,,
spring,2026-10-02T18:52:19.510618+00:00,micronaut,error,,
spring,2026-10-02T18:52:19.511130+00:00,statlite-self,ok,UP,2026-10-02T18:52:17.503044446Z
spring,2026-10-02T18:52:29.465308+00:00,spring,ok,UP,2026-10-02T18:52:24.505836998Z
spring,2026-10-02T18:52:29.466025+00:00,quarkus,error,,
spring,2026-10-02T18:52:29.466641+00:00,micronaut,error,,
spring,2026-10-02T18:52:29.467346+00:00,statlite-self,ok,UP,2026-10-02T18:52:27.503581185Z
spring,2026-10-02T18:52:39.484055+00:00,spring,ok,UP,2026-10-02T18:52:34.502164575Z
spring,2026-10-02T18:52:39.484766+00:00,quarkus,error,,
spring,2026-10-02T18:52:39.485325+00:00,micronaut,error,,
spring,2026-10-02T18:52:39.486023+00:00,statlite-self,ok,UP,2026-10-02T18:52:37.503300261Z
spring,2026-10-02T18:52:49.509035+00:00,spring,ok,UP,2026-10-02T18:52:44.500863424Z
spring,2026-10-02T18:52:49.510009+00:00,quarkus,error,,
spring,2026-10-02T18:52:49.510765+00:00,micronaut,error,,
spring,2026-10-02T18:52:49.511551+00:00,statlite-self,ok,UP,2026-10-02T18:52:47.50258819Z
spring,2026-10-02T18:52:59.496893+00:00,spring,ok,UP,2026-10-02T18:52:54.504257197Z
spring,2026-10-02T18:52:59.497636+00:00,quarkus,error,,
spring,2026-10-02T18:52:59.498301+00:00,micronaut,error,,
spring,2026-10-02T18:52:59.499012+00:00,statlite-self,ok,UP,2026-10-02T18:52:57.503029674Z
spring,2026-10-02T18:53:09.461042+00:00,spring,ok,UP,2026-10-02T18:53:04.501584262Z
spring,2026-10-02T18:53:09.462052+00:00,quarkus,error,,
spring,2026-10-02T18:53:09.462669+00:00,micronaut,error,,
spring,2026-10-02T18:53:09.463425+00:00,statlite-self,ok,UP,2026-10-02T18:53:07.502856697Z
spring,2026-10-02T18:53:19.504979+00:00,spring,ok,UP,2026-10-02T18:53:14.501512657Z
spring,2026-10-02T18:53:19.506100+00:00,quarkus,error,,
spring,2026-10-02T18:53:19.506773+00:00,micronaut,error,,
spring,2026-10-02T18:53:19.507452+00:00,statlite-self,ok,UP,2026-10-02T18:53:17.503912247Z
spring,2026-10-02T18:53:29.468374+00:00,spring,ok,UP,2026-10-02T18:53:24.498260615Z
spring,2026-10-02T18:53:29.469171+00:00,quarkus,error,,
spring,2026-10-02T18:53:29.469841+00:00,micronaut,error,,
spring,2026-10-02T18:53:29.470534+00:00,statlite-self,ok,UP,2026-10-02T18:53:27.502903686Z
spring,2026-10-02T18:53:39.509955+00:00,spring,ok,UP,2026-10-02T18:53:34.497270538Z
spring,2026-10-02T18:53:39.510795+00:00,quarkus,error,,
spring,2026-10-02T18:53:39.511566+00:00,micronaut,error,,
spring,2026-10-02T18:53:39.512471+00:00,statlite-self,ok,UP,2026-10-02T18:53:37.517523593Z
spring,2026-10-02T18:53:49.482153+00:00,spring,ok,UP,2026-10-02T18:53:44.501586444Z
spring,2026-10-02T18:53:49.482823+00:00,quarkus,error,,
spring,2026-10-02T18:53:49.483395+00:00,micronaut,error,,
spring,2026-10-02T18:53:49.483875+00:00,statlite-self,ok,UP,2026-10-02T18:53:47.503326596Z
spring,2026-10-02T18:53:59.489897+00:00,spring,ok,UP,2026-10-02T18:53:54.500675149Z
spring,2026-10-02T18:53:59.490930+00:00,quarkus,error,,
spring,2026-10-02T18:53:59.491672+00:00,micronaut,error,,
spring,2026-10-02T18:53:59.492330+00:00,statlite-self,ok,UP,2026-10-02T18:53:57.503874372Z
spring,2026-10-02T18:54:09.473226+00:00,spring,ok,UP,2026-10-02T18:54:04.502749816Z
spring,2026-10-02T18:54:09.473994+00:00,quarkus,error,,
spring,2026-10-02T18:54:09.474649+00:00,micronaut,error,,
spring,2026-10-02T18:54:09.475268+00:00,statlite-self,ok,UP,2026-10-02T18:54:07.505486117Z
spring,2026-10-02T18:54:19.481656+00:00,spring,ok,UP,2026-10-02T18:54:14.499251353Z
spring,2026-10-02T18:54:19.482588+00:00,quarkus,error,,
spring,2026-10-02T18:54:19.483216+00:00,micronaut,error,,
spring,2026-10-02T18:54:19.483989+00:00,statlite-self,ok,UP,2026-10-02T18:54:17.503493131Z
spring,2026-10-02T18:54:29.501229+00:00,spring,ok,UP,2026-10-02T18:54:24.50368229Z
spring,2026-10-02T18:54:29.502052+00:00,quarkus,error,,
spring,2026-10-02T18:54:29.502718+00:00,micronaut,error,,
spring,2026-10-02T18:54:29.503336+00:00,statlite-self,ok,UP,2026-10-02T18:54:27.502633421Z
spring,2026-10-02T18:54:39.490529+00:00,spring,ok,UP,2026-10-02T18:54:34.504442792Z
spring,2026-10-02T18:54:39.491510+00:00,quarkus,error,,
spring,2026-10-02T18:54:39.492335+00:00,micronaut,error,,
spring,2026-10-02T18:54:39.493174+00:00,statlite-self,ok,UP,2026-10-02T18:54:37.503488851Z
spring,2026-10-02T18:54:49.481749+00:00,spring,ok,UP,2026-10-02T18:54:44.498138476Z
spring,2026-10-02T18:54:49.482716+00:00,quarkus,error,,
spring,2026-10-02T18:54:49.483503+00:00,micronaut,error,,
spring,2026-10-02T18:54:49.484263+00:00,statlite-self,ok,UP,2026-10-02T18:54:47.502778867Z
spring,2026-10-02T18:54:59.484818+00:00,spring,ok,UP,2026-10-02T18:54:54.498613926Z
spring,2026-10-02T18:54:59.485668+00:00,quarkus,error,,
spring,2026-10-02T18:54:59.486850+00:00,micronaut,error,,
spring,2026-10-02T18:54:59.487582+00:00,statlite-self,ok,UP,2026-10-02T18:54:57.503655098Z
spring,2026-10-02T18:55:09.485464+00:00,spring,ok,UP,2026-10-02T18:55:04.496912829Z
spring,2026-10-02T18:55:09.486405+00:00,quarkus,error,,
spring,2026-10-02T18:55:09.487320+00:00,micronaut,error,,
spring,2026-10-02T18:55:09.488105+00:00,statlite-self,ok,UP,2026-10-02T18:55:07.502630956Z
spring,2026-10-02T18:55:19.509800+00:00,spring,ok,UP,2026-10-02T18:55:14.496753173Z
spring,2026-10-02T18:55:19.510702+00:00,quarkus,error,,
spring,2026-10-02T18:55:19.511286+00:00,micronaut,error,,
spring,2026-10-02T18:55:19.511939+00:00,statlite-self,ok,UP,2026-10-02T18:55:17.503288918Z
spring,2026-10-02T18:55:29.476942+00:00,spring,ok,UP,2026-10-02T18:55:24.499711176Z
spring,2026-10-02T18:55:29.477732+00:00,quarkus,error,,
spring,2026-10-02T18:55:29.478380+00:00,micronaut,error,,
spring,2026-10-02T18:55:29.479078+00:00,statlite-self,ok,UP,2026-10-02T18:55:27.537774072Z
spring,2026-10-02T18:55:39.473252+00:00,spring,ok,UP,2026-10-02T18:55:34.497109255Z
spring,2026-10-02T18:55:39.474180+00:00,quarkus,error,,
spring,2026-10-02T18:55:39.474882+00:00,micronaut,error,,
spring,2026-10-02T18:55:39.475746+00:00,statlite-self,ok,UP,2026-10-02T18:55:37.503172609Z
spring,2026-10-02T18:55:49.470991+00:00,spring,ok,UP,2026-10-02T18:55:44.501789162Z
spring,2026-10-02T18:55:49.471648+00:00,quarkus,error,,
spring,2026-10-02T18:55:49.472148+00:00,micronaut,error,,
spring,2026-10-02T18:55:49.472633+00:00,statlite-self,ok,UP,2026-10-02T18:55:47.502912288Z
spring,2026-10-02T18:55:59.463428+00:00,spring,ok,UP,2026-10-02T18:55:54.495460316Z
spring,2026-10-02T18:55:59.464037+00:00,quarkus,error,,
spring,2026-10-02T18:55:59.464604+00:00,micronaut,error,,
spring,2026-10-02T18:55:59.465094+00:00,statlite-self,ok,UP,2026-10-02T18:55:57.50282759Z
spring,2026-10-02T18:56:09.503888+00:00,spring,ok,UP,2026-10-02T18:56:04.497700949Z
spring,2026-10-02T18:56:09.504769+00:00,quarkus,error,,
spring,2026-10-02T18:56:09.505535+00:00,micronaut,error,,
spring,2026-10-02T18:56:09.506498+00:00,statlite-self,ok,UP,2026-10-02T18:56:07.502685706Z
spring,2026-10-02T18:56:19.475248+00:00,spring,ok,UP,2026-10-02T18:56:14.501146844Z
spring,2026-10-02T18:56:19.476185+00:00,quarkus,error,,
spring,2026-10-02T18:56:19.477088+00:00,micronaut,error,,
spring,2026-10-02T18:56:19.477773+00:00,statlite-self,ok,UP,2026-10-02T18:56:17.502802773Z
spring,2026-10-02T18:56:29.507993+00:00,spring,ok,UP,2026-10-02T18:56:24.497536532Z
spring,2026-10-02T18:56:29.508803+00:00,quarkus,error,,
spring,2026-10-02T18:56:29.509449+00:00,micronaut,error,,
spring,2026-10-02T18:56:29.509993+00:00,statlite-self,ok,UP,2026-10-02T18:56:27.502506674Z
spring,2026-10-02T18:56:39.469857+00:00,spring,ok,UP,2026-10-02T18:56:34.498815047Z
spring,2026-10-02T18:56:39.470764+00:00,quarkus,error,,
spring,2026-10-02T18:56:39.471508+00:00,micronaut,error,,
spring,2026-10-02T18:56:39.472178+00:00,statlite-self,ok,UP,2026-10-02T18:56:37.505443079Z
spring,2026-10-02T18:56:49.509042+00:00,spring,ok,UP,2026-10-02T18:56:44.502102412Z
spring,2026-10-02T18:56:49.509857+00:00,quarkus,error,,
spring,2026-10-02T18:56:49.510689+00:00,micronaut,error,,
spring,2026-10-02T18:56:49.511534+00:00,statlite-self,ok,UP,2026-10-02T18:56:47.503208932Z
spring,2026-10-02T18:56:59.460924+00:00,spring,ok,UP,2026-10-02T18:56:54.494498525Z
spring,2026-10-02T18:56:59.461943+00:00,quarkus,error,,
spring,2026-10-02T18:56:59.463257+00:00,micronaut,error,,
spring,2026-10-02T18:56:59.464188+00:00,statlite-self,ok,UP,2026-10-02T18:56:57.503742637Z
spring,2026-10-02T18:57:09.510281+00:00,spring,ok,UP,2026-10-02T18:57:04.496877023Z
spring,2026-10-02T18:57:09.511595+00:00,quarkus,error,,
spring,2026-10-02T18:57:09.512479+00:00,micronaut,error,,
spring,2026-10-02T18:57:09.513687+00:00,statlite-self,ok,UP,2026-10-02T18:57:07.502302307Z
spring,2026-10-02T18:57:19.514019+00:00,spring,ok,UP,2026-10-02T18:57:14.500361356Z
spring,2026-10-02T18:57:19.515048+00:00,quarkus,error,,
spring,2026-10-02T18:57:19.515835+00:00,micronaut,error,,
spring,2026-10-02T18:57:19.516672+00:00,statlite-self,ok,UP,2026-10-02T18:57:17.50331422Z
spring,2026-10-02T18:57:29.492136+00:00,spring,ok,UP,2026-10-02T18:57:24.49969951Z
spring,2026-10-02T18:57:29.493100+00:00,quarkus,error,,
spring,2026-10-02T18:57:29.493851+00:00,micronaut,error,,
spring,2026-10-02T18:57:29.494622+00:00,statlite-self,ok,UP,2026-10-02T18:57:27.502713336Z
spring,2026-10-02T18:57:39.479143+00:00,spring,ok,UP,2026-10-02T18:57:34.49703255Z
spring,2026-10-02T18:57:39.479849+00:00,quarkus,error,,
spring,2026-10-02T18:57:39.480537+00:00,micronaut,error,,
spring,2026-10-02T18:57:39.481249+00:00,statlite-self,ok,UP,2026-10-02T18:57:37.503145059Z
spring,2026-10-02T18:57:49.486861+00:00,spring,ok,UP,2026-10-02T18:57:44.495461956Z
spring,2026-10-02T18:57:49.487481+00:00,quarkus,error,,
spring,2026-10-02T18:57:49.488134+00:00,micronaut,error,,
spring,2026-10-02T18:57:49.488688+00:00,statlite-self,ok,UP,2026-10-02T18:57:47.503223944Z
spring,2026-10-02T18:57:59.479641+00:00,spring,ok,UP,2026-10-02T18:57:54.501896596Z
spring,2026-10-02T18:57:59.480575+00:00,quarkus,error,,
spring,2026-10-02T18:57:59.481447+00:00,micronaut,error,,
spring,2026-10-02T18:57:59.482197+00:00,statlite-self,ok,UP,2026-10-02T18:57:57.503120538Z
spring,2026-10-02T18:58:09.480725+00:00,spring,ok,UP,2026-10-02T18:58:04.499011188Z
spring,2026-10-02T18:58:09.481623+00:00,quarkus,error,,
spring,2026-10-02T18:58:09.482511+00:00,micronaut,error,,
spring,2026-10-02T18:58:09.483399+00:00,statlite-self,ok,UP,2026-10-02T18:58:07.502776095Z
spring,2026-10-02T18:58:19.497047+00:00,spring,ok,UP,2026-10-02T18:58:14.499328295Z
spring,2026-10-02T18:58:19.498033+00:00,quarkus,error,,
spring,2026-10-02T18:58:19.498789+00:00,micronaut,error,,
spring,2026-10-02T18:58:19.499448+00:00,statlite-self,ok,UP,2026-10-02T18:58:17.504107108Z
spring,2026-10-02T18:58:29.494942+00:00,spring,ok,UP,2026-10-02T18:58:24.497098422Z
spring,2026-10-02T18:58:29.495835+00:00,quarkus,error,,
spring,2026-10-02T18:58:29.496781+00:00,micronaut,error,,
spring,2026-10-02T18:58:29.497533+00:00,statlite-self,ok,UP,2026-10-02T18:58:27.503520593Z
spring,2026-10-02T18:58:39.488381+00:00,spring,ok,UP,2026-10-02T18:58:34.495857899Z
spring,2026-10-02T18:58:39.489191+00:00,quarkus,error,,
spring,2026-10-02T18:58:39.489808+00:00,micronaut,error,,
spring,2026-10-02T18:58:39.490378+00:00,statlite-self,ok,UP,2026-10-02T18:58:37.50666342Z
spring,2026-10-02T18:58:49.479579+00:00,spring,ok,UP,2026-10-02T18:58:44.49943665Z
spring,2026-10-02T18:58:49.480531+00:00,quarkus,error,,
spring,2026-10-02T18:58:49.481355+00:00,micronaut,error,,
spring,2026-10-02T18:58:49.482068+00:00,statlite-self,ok,UP,2026-10-02T18:58:47.503396725Z
spring,2026-10-02T18:58:59.473745+00:00,spring,ok,UP,2026-10-02T18:58:54.496384575Z
spring,2026-10-02T18:58:59.474704+00:00,quarkus,error,,
spring,2026-10-02T18:58:59.475546+00:00,micronaut,error,,
spring,2026-10-02T18:58:59.476365+00:00,statlite-self,ok,UP,2026-10-02T18:58:57.506884821Z
spring,2026-10-02T18:59:09.508399+00:00,spring,ok,UP,2026-10-02T18:59:04.49983005Z
spring,2026-10-02T18:59:09.509238+00:00,quarkus,error,,
spring,2026-10-02T18:59:09.510019+00:00,micronaut,error,,
spring,2026-10-02T18:59:09.510787+00:00,statlite-self,ok,UP,2026-10-02T18:59:07.503243024Z
spring,2026-10-02T18:59:19.498530+00:00,spring,ok,UP,2026-10-02T18:59:14.496399803Z
spring,2026-10-02T18:59:19.499402+00:00,quarkus,error,,
spring,2026-10-02T18:59:19.500131+00:00,micronaut,error,,
spring,2026-10-02T18:59:19.500892+00:00,statlite-self,ok,UP,2026-10-02T18:59:17.504241227Z
spring,2026-10-02T18:59:29.488702+00:00,spring,ok,UP,2026-10-02T18:59:24.498476259Z
spring,2026-10-02T18:59:29.489564+00:00,quarkus,error,,
spring,2026-10-02T18:59:29.490468+00:00,micronaut,error,,
spring,2026-10-02T18:59:29.491298+00:00,statlite-self,ok,UP,2026-10-02T18:59:27.503630396Z
spring,2026-10-02T18:59:39.482825+00:00,spring,ok,UP,2026-10-02T18:59:34.494717978Z
spring,2026-10-02T18:59:39.483710+00:00,quarkus,error,,
spring,2026-10-02T18:59:39.484381+00:00,micronaut,error,,
spring,2026-10-02T18:59:39.485213+00:00,statlite-self,ok,UP,2026-10-02T18:59:37.503319876Z
spring,2026-10-02T18:59:49.478722+00:00,spring,ok,UP,2026-10-02T18:59:44.497472147Z
spring,2026-10-02T18:59:49.479673+00:00,quarkus,error,,
spring,2026-10-02T18:59:49.480571+00:00,micronaut,error,,
spring,2026-10-02T18:59:49.481465+00:00,statlite-self,ok,UP,2026-10-02T18:59:47.502759843Z
spring,2026-10-02T18:59:59.469182+00:00,spring,ok,UP,2026-10-02T18:59:54.496735117Z
spring,2026-10-02T18:59:59.469752+00:00,quarkus,error,,
spring,2026-10-02T18:59:59.470147+00:00,micronaut,error,,
spring,2026-10-02T18:59:59.470617+00:00,statlite-self,ok,UP,2026-10-02T18:59:57.504008561Z
spring,2026-10-02T19:00:09.506140+00:00,spring,ok,UP,2026-10-02T19:00:04.497148131Z
spring,2026-10-02T19:00:09.506919+00:00,quarkus,error,,
spring,2026-10-02T19:00:09.507661+00:00,micronaut,error,,
spring,2026-10-02T19:00:09.508384+00:00,statlite-self,ok,UP,2026-10-02T19:00:07.502482794Z
spring,2026-10-02T19:00:19.468237+00:00,spring,ok,UP,2026-10-02T19:00:14.499758212Z
spring,2026-10-02T19:00:19.469078+00:00,quarkus,error,,
spring,2026-10-02T19:00:19.469592+00:00,micronaut,error,,
spring,2026-10-02T19:00:19.470114+00:00,statlite-self,ok,UP,2026-10-02T19:00:17.503004516Z
spring,2026-10-02T19:00:29.463606+00:00,spring,ok,UP,2026-10-02T19:00:24.494151591Z
spring,2026-10-02T19:00:29.464216+00:00,quarkus,error,,
spring,2026-10-02T19:00:29.464728+00:00,micronaut,error,,
spring,2026-10-02T19:00:29.465176+00:00,statlite-self,ok,UP,2026-10-02T19:00:27.503115808Z
spring,2026-10-02T19:00:39.508305+00:00,spring,ok,UP,2026-10-02T19:00:34.496113172Z
spring,2026-10-02T19:00:39.509305+00:00,quarkus,error,,
spring,2026-10-02T19:00:39.510112+00:00,micronaut,error,,
spring,2026-10-02T19:00:39.510756+00:00,statlite-self,ok,UP,2026-10-02T19:00:37.503315603Z
spring,2026-10-02T19:00:49.501415+00:00,spring,ok,UP,2026-10-02T19:00:44.495373998Z
spring,2026-10-02T19:00:49.502226+00:00,quarkus,error,,
spring,2026-10-02T19:00:49.502793+00:00,micronaut,error,,
spring,2026-10-02T19:00:49.503531+00:00,statlite-self,ok,UP,2026-10-02T19:00:47.503219128Z
spring,2026-10-02T19:00:59.507598+00:00,spring,ok,UP,2026-10-02T19:00:54.499807104Z
spring,2026-10-02T19:00:59.508674+00:00,quarkus,error,,
spring,2026-10-02T19:00:59.509591+00:00,micronaut,error,,
spring,2026-10-02T19:00:59.510376+00:00,statlite-self,ok,UP,2026-10-02T19:00:57.503842825Z
spring,2026-10-02T19:01:09.508362+00:00,spring,ok,UP,2026-10-02T19:01:04.499574702Z
spring,2026-10-02T19:01:09.509052+00:00,quarkus,error,,
spring,2026-10-02T19:01:09.509639+00:00,micronaut,error,,
spring,2026-10-02T19:01:09.510203+00:00,statlite-self,ok,UP,2026-10-02T19:01:07.505194992Z
spring,2026-10-02T19:01:19.500027+00:00,spring,ok,UP,2026-10-02T19:01:14.496346049Z
spring,2026-10-02T19:01:19.500819+00:00,quarkus,error,,
spring,2026-10-02T19:01:19.501654+00:00,micronaut,error,,
spring,2026-10-02T19:01:19.502255+00:00,statlite-self,ok,UP,2026-10-02T19:01:17.50517016Z
spring,2026-10-02T19:01:29.476979+00:00,spring,ok,UP,2026-10-02T19:01:24.501360411Z
spring,2026-10-02T19:01:29.477791+00:00,quarkus,error,,
spring,2026-10-02T19:01:29.478467+00:00,micronaut,error,,
spring,2026-10-02T19:01:29.479015+00:00,statlite-self,ok,UP,2026-10-02T19:01:27.502737383Z
spring,2026-10-02T19:01:39.496678+00:00,spring,ok,UP,2026-10-02T19:01:34.498164578Z
spring,2026-10-02T19:01:39.498042+00:00,quarkus,error,,
spring,2026-10-02T19:01:39.498733+00:00,micronaut,error,,
spring,2026-10-02T19:01:39.499450+00:00,statlite-self,ok,UP,2026-10-02T19:01:37.503364769Z
spring,2026-10-02T19:01:49.463897+00:00,spring,ok,UP,2026-10-02T19:01:44.496048641Z
spring,2026-10-02T19:01:49.465034+00:00,quarkus,error,,
spring,2026-10-02T19:01:49.465826+00:00,micronaut,error,,
spring,2026-10-02T19:01:49.466627+00:00,statlite-self,ok,UP,2026-10-02T19:01:47.502653964Z
spring,2026-10-02T19:01:59.490373+00:00,spring,ok,UP,2026-10-02T19:01:54.528704955Z
spring,2026-10-02T19:01:59.491322+00:00,quarkus,error,,
spring,2026-10-02T19:01:59.492163+00:00,micronaut,error,,
spring,2026-10-02T19:01:59.492927+00:00,statlite-self,ok,UP,2026-10-02T19:01:57.505162209Z
spring,2026-10-02T19:02:09.469466+00:00,spring,ok,UP,2026-10-02T19:02:04.498030295Z
spring,2026-10-02T19:02:09.470430+00:00,quarkus,error,,
spring,2026-10-02T19:02:09.471045+00:00,micronaut,error,,
spring,2026-10-02T19:02:09.471727+00:00,statlite-self,ok,UP,2026-10-02T19:02:07.502724019Z
spring,2026-10-02T19:02:19.509312+00:00,spring,ok,UP,2026-10-02T19:02:14.498316169Z
spring,2026-10-02T19:02:19.510281+00:00,quarkus,error,,
spring,2026-10-02T19:02:19.511063+00:00,micronaut,error,,
spring,2026-10-02T19:02:19.511775+00:00,statlite-self,ok,UP,2026-10-02T19:02:17.503117504Z
spring,2026-10-02T19:02:29.468691+00:00,spring,ok,UP,2026-10-02T19:02:24.50176166Z
spring,2026-10-02T19:02:29.469405+00:00,quarkus,error,,
spring,2026-10-02T19:02:29.470043+00:00,micronaut,error,,
spring,2026-10-02T19:02:29.470783+00:00,statlite-self,ok,UP,2026-10-02T19:02:27.502475172Z
quarkus,2026-10-02T19:02:42.386925+00:00,spring,ok,UP,2026-10-02T19:02:34.493136798Z
quarkus,2026-10-02T19:02:42.387828+00:00,quarkus,error,,
quarkus,2026-10-02T19:02:42.388496+00:00,micronaut,error,,
quarkus,2026-10-02T19:02:42.389026+00:00,statlite-self,ok,UP,2026-10-02T19:02:37.502782725Z
quarkus,2026-10-02T19:02:52.397392+00:00,spring,error,UP,2026-10-02T19:02:34.493136798Z
quarkus,2026-10-02T19:02:52.398442+00:00,quarkus,ok,UP,2026-10-02T19:02:44.551251722Z
quarkus,2026-10-02T19:02:52.399132+00:00,micronaut,error,,
quarkus,2026-10-02T19:02:52.399820+00:00,statlite-self,ok,UP,2026-10-02T19:02:47.502647354Z
quarkus,2026-10-02T19:03:02.401410+00:00,spring,error,UP,2026-10-02T19:02:34.493136798Z
quarkus,2026-10-02T19:03:02.402299+00:00,quarkus,ok,UP,2026-10-02T19:02:54.50461374Z
quarkus,2026-10-02T19:03:02.403154+00:00,micronaut,error,,
quarkus,2026-10-02T19:03:02.403923+00:00,statlite-self,ok,UP,2026-10-02T19:02:57.503275422Z
quarkus,2026-10-02T19:03:12.428758+00:00,spring,error,UP,2026-10-02T19:02:34.493136798Z
quarkus,2026-10-02T19:03:12.429466+00:00,quarkus,ok,UP,2026-10-02T19:03:04.503077862Z
quarkus,2026-10-02T19:03:12.430056+00:00,micronaut,error,,
quarkus,2026-10-02T19:03:12.430698+00:00,statlite-self,ok,UP,2026-10-02T19:03:07.502652107Z
quarkus,2026-10-02T19:03:22.389363+00:00,spring,error,UP,2026-10-02T19:02:34.493136798Z
quarkus,2026-10-02T19:03:22.390143+00:00,quarkus,ok,UP,2026-10-02T19:03:14.502301964Z
quarkus,2026-10-02T19:03:22.390702+00:00,micronaut,error,,
quarkus,2026-10-02T19:03:22.391264+00:00,statlite-self,ok,UP,2026-10-02T19:03:17.503381658Z
quarkus,2026-10-02T19:03:32.410058+00:00,spring,error,UP,2026-10-02T19:02:34.493136798Z
quarkus,2026-10-02T19:03:32.410669+00:00,quarkus,ok,UP,2026-10-02T19:03:24.497807217Z
quarkus,2026-10-02T19:03:32.411192+00:00,micronaut,error,,
quarkus,2026-10-02T19:03:32.411725+00:00,statlite-self,ok,UP,2026-10-02T19:03:27.5029098Z
quarkus,2026-10-02T19:03:42.390820+00:00,spring,error,UP,2026-10-02T19:02:34.493136798Z
quarkus,2026-10-02T19:03:42.391746+00:00,quarkus,ok,UP,2026-10-02T19:03:34.497499675Z
quarkus,2026-10-02T19:03:42.392620+00:00,micronaut,error,,
quarkus,2026-10-02T19:03:42.393438+00:00,statlite-self,ok,UP,2026-10-02T19:03:37.504157478Z
quarkus,2026-10-02T19:03:52.417900+00:00,spring,error,UP,2026-10-02T19:02:34.493136798Z
quarkus,2026-10-02T19:03:52.418583+00:00,quarkus,ok,UP,2026-10-02T19:03:44.505833405Z
quarkus,2026-10-02T19:03:52.419124+00:00,micronaut,error,,
quarkus,2026-10-02T19:03:52.419596+00:00,statlite-self,ok,UP,2026-10-02T19:03:47.503193301Z
quarkus,2026-10-02T19:04:02.405294+00:00,spring,error,UP,2026-10-02T19:02:34.493136798Z
quarkus,2026-10-02T19:04:02.405985+00:00,quarkus,ok,UP,2026-10-02T19:03:54.497338371Z
quarkus,2026-10-02T19:04:02.406474+00:00,micronaut,error,,
quarkus,2026-10-02T19:04:02.406902+00:00,statlite-self,ok,UP,2026-10-02T19:03:57.505242716Z
quarkus,2026-10-02T19:04:12.431951+00:00,spring,error,UP,2026-10-02T19:02:34.493136798Z
quarkus,2026-10-02T19:04:12.432570+00:00,quarkus,ok,UP,2026-10-02T19:04:04.494745621Z
quarkus,2026-10-02T19:04:12.433198+00:00,micronaut,error,,
quarkus,2026-10-02T19:04:12.433812+00:00,statlite-self,ok,UP,2026-10-02T19:04:07.502630923Z
quarkus,2026-10-02T19:04:22.420136+00:00,spring,error,UP,2026-10-02T19:02:34.493136798Z
quarkus,2026-10-02T19:04:22.420844+00:00,quarkus,ok,UP,2026-10-02T19:04:14.497041678Z
quarkus,2026-10-02T19:04:22.421572+00:00,micronaut,error,,
quarkus,2026-10-02T19:04:22.422099+00:00,statlite-self,ok,UP,2026-10-02T19:04:17.503469522Z
quarkus,2026-10-02T19:04:32.388885+00:00,spring,error,UP,2026-10-02T19:02:34.493136798Z
quarkus,2026-10-02T19:04:32.389658+00:00,quarkus,ok,UP,2026-10-02T19:04:24.498084476Z
quarkus,2026-10-02T19:04:32.390232+00:00,micronaut,error,,
quarkus,2026-10-02T19:04:32.390726+00:00,statlite-self,ok,UP,2026-10-02T19:04:27.502385517Z
quarkus,2026-10-02T19:04:42.423341+00:00,spring,error,UP,2026-10-02T19:02:34.493136798Z
quarkus,2026-10-02T19:04:42.424019+00:00,quarkus,ok,UP,2026-10-02T19:04:34.497544882Z
quarkus,2026-10-02T19:04:42.424489+00:00,micronaut,error,,
quarkus,2026-10-02T19:04:42.424954+00:00,statlite-self,ok,UP,2026-10-02T19:04:37.503682949Z
quarkus,2026-10-02T19:04:52.436561+00:00,spring,error,UP,2026-10-02T19:02:34.493136798Z
quarkus,2026-10-02T19:04:52.437263+00:00,quarkus,ok,UP,2026-10-02T19:04:44.49512456Z
quarkus,2026-10-02T19:04:52.437752+00:00,micronaut,error,,
quarkus,2026-10-02T19:04:52.438423+00:00,statlite-self,ok,UP,2026-10-02T19:04:47.503088745Z
quarkus,2026-10-02T19:05:02.387943+00:00,spring,error,UP,2026-10-02T19:02:34.493136798Z
quarkus,2026-10-02T19:05:02.388875+00:00,quarkus,ok,UP,2026-10-02T19:04:54.494669977Z
quarkus,2026-10-02T19:05:02.389686+00:00,micronaut,error,,
quarkus,2026-10-02T19:05:02.390340+00:00,statlite-self,ok,UP,2026-10-02T19:04:57.503399245Z
quarkus,2026-10-02T19:05:12.403505+00:00,spring,error,UP,2026-10-02T19:02:34.493136798Z
quarkus,2026-10-02T19:05:12.404408+00:00,quarkus,ok,UP,2026-10-02T19:05:04.498183314Z
quarkus,2026-10-02T19:05:12.405106+00:00,micronaut,error,,
quarkus,2026-10-02T19:05:12.405828+00:00,statlite-self,ok,UP,2026-10-02T19:05:07.502951843Z
quarkus,2026-10-02T19:05:22.431153+00:00,spring,error,UP,2026-10-02T19:02:34.493136798Z
quarkus,2026-10-02T19:05:22.431826+00:00,quarkus,ok,UP,2026-10-02T19:05:14.495816869Z
quarkus,2026-10-02T19:05:22.432362+00:00,micronaut,error,,
quarkus,2026-10-02T19:05:22.432780+00:00,statlite-self,ok,UP,2026-10-02T19:05:17.502908245Z
quarkus,2026-10-02T19:05:32.401108+00:00,spring,error,UP,2026-10-02T19:02:34.493136798Z
quarkus,2026-10-02T19:05:32.401787+00:00,quarkus,ok,UP,2026-10-02T19:05:24.502464051Z
quarkus,2026-10-02T19:05:32.402363+00:00,micronaut,error,,
quarkus,2026-10-02T19:05:32.402996+00:00,statlite-self,ok,UP,2026-10-02T19:05:27.502646562Z
quarkus,2026-10-02T19:05:42.418192+00:00,spring,error,UP,2026-10-02T19:02:34.493136798Z
quarkus,2026-10-02T19:05:42.419043+00:00,quarkus,ok,UP,2026-10-02T19:05:34.498107449Z
quarkus,2026-10-02T19:05:42.419708+00:00,micronaut,error,,
quarkus,2026-10-02T19:05:42.420440+00:00,statlite-self,ok,UP,2026-10-02T19:05:37.512410649Z
quarkus,2026-10-02T19:05:52.413101+00:00,spring,error,UP,2026-10-02T19:02:34.493136798Z
quarkus,2026-10-02T19:05:52.413803+00:00,quarkus,ok,UP,2026-10-02T19:05:44.497381103Z
quarkus,2026-10-02T19:05:52.414572+00:00,micronaut,error,,
quarkus,2026-10-02T19:05:52.415156+00:00,statlite-self,ok,UP,2026-10-02T19:05:47.502954579Z
quarkus,2026-10-02T19:06:02.410687+00:00,spring,error,UP,2026-10-02T19:02:34.493136798Z
quarkus,2026-10-02T19:06:02.411512+00:00,quarkus,ok,UP,2026-10-02T19:05:54.503383473Z
quarkus,2026-10-02T19:06:02.412109+00:00,micronaut,error,,
quarkus,2026-10-02T19:06:02.412795+00:00,statlite-self,ok,UP,2026-10-02T19:05:57.503677993Z
quarkus,2026-10-02T19:06:12.416628+00:00,spring,error,UP,2026-10-02T19:02:34.493136798Z
quarkus,2026-10-02T19:06:12.417275+00:00,quarkus,ok,UP,2026-10-02T19:06:04.498849742Z
quarkus,2026-10-02T19:06:12.417807+00:00,micronaut,error,,
quarkus,2026-10-02T19:06:12.418417+00:00,statlite-self,ok,UP,2026-10-02T19:06:07.505035575Z
quarkus,2026-10-02T19:06:22.434224+00:00,spring,error,UP,2026-10-02T19:02:34.493136798Z
quarkus,2026-10-02T19:06:22.435132+00:00,quarkus,ok,UP,2026-10-02T19:06:14.500968679Z
quarkus,2026-10-02T19:06:22.435796+00:00,micronaut,error,,
quarkus,2026-10-02T19:06:22.436474+00:00,statlite-self,ok,UP,2026-10-02T19:06:17.503586682Z
quarkus,2026-10-02T19:06:32.428421+00:00,spring,error,UP,2026-10-02T19:02:34.493136798Z
quarkus,2026-10-02T19:06:32.429254+00:00,quarkus,ok,UP,2026-10-02T19:06:24.501436687Z
quarkus,2026-10-02T19:06:32.430134+00:00,micronaut,error,,
quarkus,2026-10-02T19:06:32.431022+00:00,statlite-self,ok,UP,2026-10-02T19:06:27.503402846Z
quarkus,2026-10-02T19:06:42.420568+00:00,spring,error,UP,2026-10-02T19:02:34.493136798Z
quarkus,2026-10-02T19:06:42.421512+00:00,quarkus,ok,UP,2026-10-02T19:06:34.496143131Z
quarkus,2026-10-02T19:06:42.422337+00:00,micronaut,error,,
quarkus,2026-10-02T19:06:42.423140+00:00,statlite-self,ok,UP,2026-10-02T19:06:37.52997618Z
quarkus,2026-10-02T19:06:52.432811+00:00,spring,error,UP,2026-10-02T19:02:34.493136798Z
quarkus,2026-10-02T19:06:52.433695+00:00,quarkus,ok,UP,2026-10-02T19:06:44.49904822Z
quarkus,2026-10-02T19:06:52.434518+00:00,micronaut,error,,
quarkus,2026-10-02T19:06:52.435233+00:00,statlite-self,ok,UP,2026-10-02T19:06:47.503033443Z
quarkus,2026-10-02T19:07:02.393423+00:00,spring,error,UP,2026-10-02T19:02:34.493136798Z
quarkus,2026-10-02T19:07:02.394412+00:00,quarkus,ok,UP,2026-10-02T19:06:54.498471504Z
quarkus,2026-10-02T19:07:02.395224+00:00,micronaut,error,,
quarkus,2026-10-02T19:07:02.396026+00:00,statlite-self,ok,UP,2026-10-02T19:06:57.503697328Z
quarkus,2026-10-02T19:07:12.411078+00:00,spring,error,UP,2026-10-02T19:02:34.493136798Z
quarkus,2026-10-02T19:07:12.411975+00:00,quarkus,ok,UP,2026-10-02T19:07:04.501674264Z
quarkus,2026-10-02T19:07:12.412549+00:00,micronaut,error,,
quarkus,2026-10-02T19:07:12.413228+00:00,statlite-self,ok,UP,2026-10-02T19:07:07.502515986Z
quarkus,2026-10-02T19:07:22.402484+00:00,spring,error,UP,2026-10-02T19:02:34.493136798Z
quarkus,2026-10-02T19:07:22.403294+00:00,quarkus,ok,UP,2026-10-02T19:07:14.497616027Z
quarkus,2026-10-02T19:07:22.403924+00:00,micronaut,error,,
quarkus,2026-10-02T19:07:22.404729+00:00,statlite-self,ok,UP,2026-10-02T19:07:17.503067362Z
quarkus,2026-10-02T19:07:32.392754+00:00,spring,error,UP,2026-10-02T19:02:34.493136798Z
quarkus,2026-10-02T19:07:32.393607+00:00,quarkus,ok,UP,2026-10-02T19:07:24.500281077Z
quarkus,2026-10-02T19:07:32.394436+00:00,micronaut,error,,
quarkus,2026-10-02T19:07:32.395213+00:00,statlite-self,ok,UP,2026-10-02T19:07:27.503628422Z
quarkus,2026-10-02T19:07:42.432879+00:00,spring,error,UP,2026-10-02T19:02:34.493136798Z
quarkus,2026-10-02T19:07:42.433695+00:00,quarkus,ok,UP,2026-10-02T19:07:34.494898805Z
quarkus,2026-10-02T19:07:42.434561+00:00,micronaut,error,,
quarkus,2026-10-02T19:07:42.435374+00:00,statlite-self,ok,UP,2026-10-02T19:07:37.502700427Z
quarkus,2026-10-02T19:07:52.390661+00:00,spring,error,UP,2026-10-02T19:02:34.493136798Z
quarkus,2026-10-02T19:07:52.391638+00:00,quarkus,ok,UP,2026-10-02T19:07:44.501414981Z
quarkus,2026-10-02T19:07:52.392410+00:00,micronaut,error,,
quarkus,2026-10-02T19:07:52.393241+00:00,statlite-self,ok,UP,2026-10-02T19:07:47.502885126Z
quarkus,2026-10-02T19:08:02.433943+00:00,spring,error,UP,2026-10-02T19:02:34.493136798Z
quarkus,2026-10-02T19:08:02.434744+00:00,quarkus,ok,UP,2026-10-02T19:07:54.501706692Z
quarkus,2026-10-02T19:08:02.435540+00:00,micronaut,error,,
quarkus,2026-10-02T19:08:02.436232+00:00,statlite-self,ok,UP,2026-10-02T19:07:57.502874746Z
quarkus,2026-10-02T19:08:12.407745+00:00,spring,error,UP,2026-10-02T19:02:34.493136798Z
quarkus,2026-10-02T19:08:12.408481+00:00,quarkus,ok,UP,2026-10-02T19:08:04.517980416Z
quarkus,2026-10-02T19:08:12.409000+00:00,micronaut,error,,
quarkus,2026-10-02T19:08:12.409464+00:00,statlite-self,ok,UP,2026-10-02T19:08:07.502410755Z
quarkus,2026-10-02T19:08:22.424604+00:00,spring,error,UP,2026-10-02T19:02:34.493136798Z
quarkus,2026-10-02T19:08:22.425328+00:00,quarkus,ok,UP,2026-10-02T19:08:14.499781812Z
quarkus,2026-10-02T19:08:22.426013+00:00,micronaut,error,,
quarkus,2026-10-02T19:08:22.426548+00:00,statlite-self,ok,UP,2026-10-02T19:08:17.502760368Z
quarkus,2026-10-02T19:08:32.392221+00:00,spring,error,UP,2026-10-02T19:02:34.493136798Z
quarkus,2026-10-02T19:08:32.392834+00:00,quarkus,ok,UP,2026-10-02T19:08:24.49920934Z
quarkus,2026-10-02T19:08:32.393525+00:00,micronaut,error,,
quarkus,2026-10-02T19:08:32.394086+00:00,statlite-self,ok,UP,2026-10-02T19:08:27.502653711Z
quarkus,2026-10-02T19:08:42.415066+00:00,spring,error,UP,2026-10-02T19:02:34.493136798Z
quarkus,2026-10-02T19:08:42.415682+00:00,quarkus,ok,UP,2026-10-02T19:08:34.496490933Z
quarkus,2026-10-02T19:08:42.416199+00:00,micronaut,error,,
quarkus,2026-10-02T19:08:42.416629+00:00,statlite-self,ok,UP,2026-10-02T19:08:37.502832188Z
quarkus,2026-10-02T19:08:52.434009+00:00,spring,error,UP,2026-10-02T19:02:34.493136798Z
quarkus,2026-10-02T19:08:52.435012+00:00,quarkus,ok,UP,2026-10-02T19:08:44.49511808Z
quarkus,2026-10-02T19:08:52.435725+00:00,micronaut,error,,
quarkus,2026-10-02T19:08:52.436540+00:00,statlite-self,ok,UP,2026-10-02T19:08:47.502544926Z
quarkus,2026-10-02T19:09:02.405336+00:00,spring,error,UP,2026-10-02T19:02:34.493136798Z
quarkus,2026-10-02T19:09:02.406030+00:00,quarkus,ok,UP,2026-10-02T19:08:54.499841957Z
quarkus,2026-10-02T19:09:02.406519+00:00,micronaut,error,,
quarkus,2026-10-02T19:09:02.406985+00:00,statlite-self,ok,UP,2026-10-02T19:08:57.5032742Z
quarkus,2026-10-02T19:09:12.398223+00:00,spring,error,UP,2026-10-02T19:02:34.493136798Z
quarkus,2026-10-02T19:09:12.399111+00:00,quarkus,ok,UP,2026-10-02T19:09:04.493474998Z
quarkus,2026-10-02T19:09:12.399842+00:00,micronaut,error,,
quarkus,2026-10-02T19:09:12.400658+00:00,statlite-self,ok,UP,2026-10-02T19:09:07.502842932Z
quarkus,2026-10-02T19:09:22.398985+00:00,spring,error,UP,2026-10-02T19:02:34.493136798Z
quarkus,2026-10-02T19:09:22.400175+00:00,quarkus,ok,UP,2026-10-02T19:09:14.502536564Z
quarkus,2026-10-02T19:09:22.400914+00:00,micronaut,error,,
quarkus,2026-10-02T19:09:22.401665+00:00,statlite-self,ok,UP,2026-10-02T19:09:17.503599467Z
quarkus,2026-10-02T19:09:32.429967+00:00,spring,error,UP,2026-10-02T19:02:34.493136798Z
quarkus,2026-10-02T19:09:32.430693+00:00,quarkus,ok,UP,2026-10-02T19:09:24.499201974Z
quarkus,2026-10-02T19:09:32.431580+00:00,micronaut,error,,
quarkus,2026-10-02T19:09:32.432098+00:00,statlite-self,ok,UP,2026-10-02T19:09:27.503302834Z
quarkus,2026-10-02T19:09:42.436797+00:00,spring,error,UP,2026-10-02T19:02:34.493136798Z
quarkus,2026-10-02T19:09:42.437435+00:00,quarkus,ok,UP,2026-10-02T19:09:34.496015181Z
quarkus,2026-10-02T19:09:42.437994+00:00,micronaut,error,,
quarkus,2026-10-02T19:09:42.438503+00:00,statlite-self,ok,UP,2026-10-02T19:09:37.50491334Z
quarkus,2026-10-02T19:09:52.401273+00:00,spring,error,UP,2026-10-02T19:02:34.493136798Z
quarkus,2026-10-02T19:09:52.402086+00:00,quarkus,ok,UP,2026-10-02T19:09:44.505246895Z
quarkus,2026-10-02T19:09:52.402730+00:00,micronaut,error,,
quarkus,2026-10-02T19:09:52.403248+00:00,statlite-self,ok,UP,2026-10-02T19:09:47.503250106Z
quarkus,2026-10-02T19:10:02.398243+00:00,spring,error,UP,2026-10-02T19:02:34.493136798Z
quarkus,2026-10-02T19:10:02.399039+00:00,quarkus,ok,UP,2026-10-02T19:09:54.496131622Z
quarkus,2026-10-02T19:10:02.399779+00:00,micronaut,error,,
quarkus,2026-10-02T19:10:02.400384+00:00,statlite-self,ok,UP,2026-10-02T19:09:57.504975696Z
quarkus,2026-10-02T19:10:12.396446+00:00,spring,error,UP,2026-10-02T19:02:34.493136798Z
quarkus,2026-10-02T19:10:12.397090+00:00,quarkus,ok,UP,2026-10-02T19:10:04.494309523Z
quarkus,2026-10-02T19:10:12.397601+00:00,micronaut,error,,
quarkus,2026-10-02T19:10:12.398110+00:00,statlite-self,ok,UP,2026-10-02T19:10:07.505214122Z
quarkus,2026-10-02T19:10:22.390561+00:00,spring,error,UP,2026-10-02T19:02:34.493136798Z
quarkus,2026-10-02T19:10:22.391530+00:00,quarkus,ok,UP,2026-10-02T19:10:14.497479471Z
quarkus,2026-10-02T19:10:22.392427+00:00,micronaut,error,,
quarkus,2026-10-02T19:10:22.393170+00:00,statlite-self,ok,UP,2026-10-02T19:10:17.5034255Z
quarkus,2026-10-02T19:10:32.396646+00:00,spring,error,UP,2026-10-02T19:02:34.493136798Z
quarkus,2026-10-02T19:10:32.397722+00:00,quarkus,ok,UP,2026-10-02T19:10:24.496318291Z
quarkus,2026-10-02T19:10:32.398463+00:00,micronaut,error,,
quarkus,2026-10-02T19:10:32.399116+00:00,statlite-self,ok,UP,2026-10-02T19:10:27.502547103Z
quarkus,2026-10-02T19:10:42.411370+00:00,spring,error,UP,2026-10-02T19:02:34.493136798Z
quarkus,2026-10-02T19:10:42.412248+00:00,quarkus,ok,UP,2026-10-02T19:10:34.492069217Z
quarkus,2026-10-02T19:10:42.413126+00:00,micronaut,error,,
quarkus,2026-10-02T19:10:42.413855+00:00,statlite-self,ok,UP,2026-10-02T19:10:37.502764354Z
quarkus,2026-10-02T19:10:52.420307+00:00,spring,error,UP,2026-10-02T19:02:34.493136798Z
quarkus,2026-10-02T19:10:52.421079+00:00,quarkus,ok,UP,2026-10-02T19:10:44.497214885Z
quarkus,2026-10-02T19:10:52.421561+00:00,micronaut,error,,
quarkus,2026-10-02T19:10:52.422112+00:00,statlite-self,ok,UP,2026-10-02T19:10:47.503509664Z
quarkus,2026-10-02T19:11:02.414211+00:00,spring,error,UP,2026-10-02T19:02:34.493136798Z
quarkus,2026-10-02T19:11:02.415059+00:00,quarkus,ok,UP,2026-10-02T19:10:54.495146239Z
quarkus,2026-10-02T19:11:02.415720+00:00,micronaut,error,,
quarkus,2026-10-02T19:11:02.416498+00:00,statlite-self,ok,UP,2026-10-02T19:10:57.503433152Z
quarkus,2026-10-02T19:11:12.435418+00:00,spring,error,UP,2026-10-02T19:02:34.493136798Z
quarkus,2026-10-02T19:11:12.436097+00:00,quarkus,ok,UP,2026-10-02T19:11:04.510501861Z
quarkus,2026-10-02T19:11:12.436666+00:00,micronaut,error,,
quarkus,2026-10-02T19:11:12.437160+00:00,statlite-self,ok,UP,2026-10-02T19:11:07.503405818Z
quarkus,2026-10-02T19:11:22.433239+00:00,spring,error,UP,2026-10-02T19:02:34.493136798Z
quarkus,2026-10-02T19:11:22.433916+00:00,quarkus,ok,UP,2026-10-02T19:11:14.493758108Z
quarkus,2026-10-02T19:11:22.434649+00:00,micronaut,error,,
quarkus,2026-10-02T19:11:22.435135+00:00,statlite-self,ok,UP,2026-10-02T19:11:17.505600566Z
quarkus,2026-10-02T19:11:32.392608+00:00,spring,error,UP,2026-10-02T19:02:34.493136798Z
quarkus,2026-10-02T19:11:32.393165+00:00,quarkus,ok,UP,2026-10-02T19:11:24.493103967Z
quarkus,2026-10-02T19:11:32.393735+00:00,micronaut,error,,
quarkus,2026-10-02T19:11:32.394183+00:00,statlite-self,ok,UP,2026-10-02T19:11:27.50310966Z
quarkus,2026-10-02T19:11:42.427322+00:00,spring,error,UP,2026-10-02T19:02:34.493136798Z
quarkus,2026-10-02T19:11:42.428211+00:00,quarkus,ok,UP,2026-10-02T19:11:34.494241176Z
quarkus,2026-10-02T19:11:42.429061+00:00,micronaut,error,,
quarkus,2026-10-02T19:11:42.429800+00:00,statlite-self,ok,UP,2026-10-02T19:11:37.502886251Z
quarkus,2026-10-02T19:11:52.426165+00:00,spring,error,UP,2026-10-02T19:02:34.493136798Z
quarkus,2026-10-02T19:11:52.426942+00:00,quarkus,ok,UP,2026-10-02T19:11:44.504623055Z
quarkus,2026-10-02T19:11:52.427651+00:00,micronaut,error,,
quarkus,2026-10-02T19:11:52.428327+00:00,statlite-self,ok,UP,2026-10-02T19:11:47.503269785Z
quarkus,2026-10-02T19:12:02.428494+00:00,spring,error,UP,2026-10-02T19:02:34.493136798Z
quarkus,2026-10-02T19:12:02.429372+00:00,quarkus,ok,UP,2026-10-02T19:11:54.497267517Z
quarkus,2026-10-02T19:12:02.430080+00:00,micronaut,error,,
quarkus,2026-10-02T19:12:02.431103+00:00,statlite-self,ok,UP,2026-10-02T19:11:57.503320628Z
quarkus,2026-10-02T19:12:12.388014+00:00,spring,error,UP,2026-10-02T19:02:34.493136798Z
quarkus,2026-10-02T19:12:12.388647+00:00,quarkus,ok,UP,2026-10-02T19:12:04.496654292Z
quarkus,2026-10-02T19:12:12.389164+00:00,micronaut,error,,
quarkus,2026-10-02T19:12:12.389598+00:00,statlite-self,ok,UP,2026-10-02T19:12:07.502612436Z
quarkus,2026-10-02T19:12:22.426063+00:00,spring,error,UP,2026-10-02T19:02:34.493136798Z
quarkus,2026-10-02T19:12:22.427199+00:00,quarkus,ok,UP,2026-10-02T19:12:14.495629761Z
quarkus,2026-10-02T19:12:22.427988+00:00,micronaut,error,,
quarkus,2026-10-02T19:12:22.428741+00:00,statlite-self,ok,UP,2026-10-02T19:12:17.503576811Z
quarkus,2026-10-02T19:12:32.414114+00:00,spring,error,UP,2026-10-02T19:02:34.493136798Z
quarkus,2026-10-02T19:12:32.415041+00:00,quarkus,ok,UP,2026-10-02T19:12:24.497219952Z
quarkus,2026-10-02T19:12:32.415864+00:00,micronaut,error,,
quarkus,2026-10-02T19:12:32.416704+00:00,statlite-self,ok,UP,2026-10-02T19:12:27.502762788Z
quarkus,2026-10-02T19:12:42.431879+00:00,spring,error,UP,2026-10-02T19:02:34.493136798Z
quarkus,2026-10-02T19:12:42.432766+00:00,quarkus,ok,UP,2026-10-02T19:12:34.496255116Z
quarkus,2026-10-02T19:12:42.433591+00:00,micronaut,error,,
quarkus,2026-10-02T19:12:42.434320+00:00,statlite-self,ok,UP,2026-10-02T19:12:37.503849951Z
quarkus,2026-10-02T19:12:52.409412+00:00,spring,error,UP,2026-10-02T19:02:34.493136798Z
quarkus,2026-10-02T19:12:52.410046+00:00,quarkus,ok,UP,2026-10-02T19:12:44.494754456Z
quarkus,2026-10-02T19:12:52.410536+00:00,micronaut,error,,
quarkus,2026-10-02T19:12:52.411107+00:00,statlite-self,ok,UP,2026-10-02T19:12:47.502805905Z
quarkus,2026-10-02T19:13:02.418301+00:00,spring,error,UP,2026-10-02T19:02:34.493136798Z
quarkus,2026-10-02T19:13:02.418943+00:00,quarkus,ok,UP,2026-10-02T19:12:54.497114267Z
quarkus,2026-10-02T19:13:02.419551+00:00,micronaut,error,,
quarkus,2026-10-02T19:13:02.420177+00:00,statlite-self,ok,UP,2026-10-02T19:12:57.502844332Z
quarkus,2026-10-02T19:13:12.402877+00:00,spring,error,UP,2026-10-02T19:02:34.493136798Z
quarkus,2026-10-02T19:13:12.403538+00:00,quarkus,ok,UP,2026-10-02T19:13:04.494536146Z
quarkus,2026-10-02T19:13:12.404165+00:00,micronaut,error,,
quarkus,2026-10-02T19:13:12.404810+00:00,statlite-self,ok,UP,2026-10-02T19:13:07.502680111Z
quarkus,2026-10-02T19:13:22.432415+00:00,spring,error,UP,2026-10-02T19:02:34.493136798Z
quarkus,2026-10-02T19:13:22.433372+00:00,quarkus,ok,UP,2026-10-02T19:13:14.499621794Z
quarkus,2026-10-02T19:13:22.434370+00:00,micronaut,error,,
quarkus,2026-10-02T19:13:22.435173+00:00,statlite-self,ok,UP,2026-10-02T19:13:17.503111942Z
quarkus,2026-10-02T19:13:32.404918+00:00,spring,error,UP,2026-10-02T19:02:34.493136798Z
quarkus,2026-10-02T19:13:32.405560+00:00,quarkus,ok,UP,2026-10-02T19:13:24.493753922Z
quarkus,2026-10-02T19:13:32.406183+00:00,micronaut,error,,
quarkus,2026-10-02T19:13:32.406818+00:00,statlite-self,ok,UP,2026-10-02T19:13:27.502758464Z
quarkus,2026-10-02T19:13:42.391599+00:00,spring,error,UP,2026-10-02T19:02:34.493136798Z
quarkus,2026-10-02T19:13:42.392307+00:00,quarkus,ok,UP,2026-10-02T19:13:34.495620588Z
quarkus,2026-10-02T19:13:42.392898+00:00,micronaut,error,,
quarkus,2026-10-02T19:13:42.393480+00:00,statlite-self,ok,UP,2026-10-02T19:13:37.503390886Z
quarkus,2026-10-02T19:13:52.415324+00:00,spring,error,UP,2026-10-02T19:02:34.493136798Z
quarkus,2026-10-02T19:13:52.416174+00:00,quarkus,ok,UP,2026-10-02T19:13:44.493050857Z
quarkus,2026-10-02T19:13:52.417014+00:00,micronaut,error,,
quarkus,2026-10-02T19:13:52.417764+00:00,statlite-self,ok,UP,2026-10-02T19:13:47.502574177Z
quarkus,2026-10-02T19:14:02.398201+00:00,spring,error,UP,2026-10-02T19:02:34.493136798Z
quarkus,2026-10-02T19:14:02.398872+00:00,quarkus,ok,UP,2026-10-02T19:13:54.494876013Z
quarkus,2026-10-02T19:14:02.399551+00:00,micronaut,error,,
quarkus,2026-10-02T19:14:02.400322+00:00,statlite-self,ok,UP,2026-10-02T19:13:57.503606533Z
quarkus,2026-10-02T19:14:12.397769+00:00,spring,error,UP,2026-10-02T19:02:34.493136798Z
quarkus,2026-10-02T19:14:12.398680+00:00,quarkus,ok,UP,2026-10-02T19:14:04.51342656Z
quarkus,2026-10-02T19:14:12.399496+00:00,micronaut,error,,
quarkus,2026-10-02T19:14:12.400289+00:00,statlite-self,ok,UP,2026-10-02T19:14:07.503142866Z
quarkus,2026-10-02T19:14:22.401686+00:00,spring,error,UP,2026-10-02T19:02:34.493136798Z
quarkus,2026-10-02T19:14:22.402449+00:00,quarkus,ok,UP,2026-10-02T19:14:14.494826428Z
quarkus,2026-10-02T19:14:22.402996+00:00,micronaut,error,,
quarkus,2026-10-02T19:14:22.403585+00:00,statlite-self,ok,UP,2026-10-02T19:14:17.503605495Z
quarkus,2026-10-02T19:14:32.391743+00:00,spring,error,UP,2026-10-02T19:02:34.493136798Z
quarkus,2026-10-02T19:14:32.392515+00:00,quarkus,ok,UP,2026-10-02T19:14:24.492815715Z
quarkus,2026-10-02T19:14:32.393132+00:00,micronaut,error,,
quarkus,2026-10-02T19:14:32.393556+00:00,statlite-self,ok,UP,2026-10-02T19:14:27.502668115Z
quarkus,2026-10-02T19:14:42.394886+00:00,spring,error,UP,2026-10-02T19:02:34.493136798Z
quarkus,2026-10-02T19:14:42.396428+00:00,quarkus,ok,UP,2026-10-02T19:14:34.493268187Z
quarkus,2026-10-02T19:14:42.397280+00:00,micronaut,error,,
quarkus,2026-10-02T19:14:42.397886+00:00,statlite-self,ok,UP,2026-10-02T19:14:37.504308276Z
quarkus,2026-10-02T19:14:52.414403+00:00,spring,error,UP,2026-10-02T19:02:34.493136798Z
quarkus,2026-10-02T19:14:52.415366+00:00,quarkus,ok,UP,2026-10-02T19:14:44.497307051Z
quarkus,2026-10-02T19:14:52.416165+00:00,micronaut,error,,
quarkus,2026-10-02T19:14:52.416896+00:00,statlite-self,ok,UP,2026-10-02T19:14:47.502648436Z
quarkus,2026-10-02T19:15:02.404798+00:00,spring,error,UP,2026-10-02T19:02:34.493136798Z
quarkus,2026-10-02T19:15:02.405801+00:00,quarkus,ok,UP,2026-10-02T19:14:54.492883052Z
quarkus,2026-10-02T19:15:02.406537+00:00,micronaut,error,,
quarkus,2026-10-02T19:15:02.407301+00:00,statlite-self,ok,UP,2026-10-02T19:14:57.516603957Z
quarkus,2026-10-02T19:15:12.419647+00:00,spring,error,UP,2026-10-02T19:02:34.493136798Z
quarkus,2026-10-02T19:15:12.420437+00:00,quarkus,ok,UP,2026-10-02T19:15:04.492630237Z
quarkus,2026-10-02T19:15:12.421118+00:00,micronaut,error,,
quarkus,2026-10-02T19:15:12.421761+00:00,statlite-self,ok,UP,2026-10-02T19:15:07.502515225Z
quarkus,2026-10-02T19:15:22.420903+00:00,spring,error,UP,2026-10-02T19:02:34.493136798Z
quarkus,2026-10-02T19:15:22.421577+00:00,quarkus,ok,UP,2026-10-02T19:15:14.497052432Z
quarkus,2026-10-02T19:15:22.422227+00:00,micronaut,error,,
quarkus,2026-10-02T19:15:22.422711+00:00,statlite-self,ok,UP,2026-10-02T19:15:17.503055765Z
quarkus,2026-10-02T19:15:32.412019+00:00,spring,error,UP,2026-10-02T19:02:34.493136798Z
quarkus,2026-10-02T19:15:32.413118+00:00,quarkus,ok,UP,2026-10-02T19:15:24.507303112Z
quarkus,2026-10-02T19:15:32.413867+00:00,micronaut,error,,
quarkus,2026-10-02T19:15:32.414725+00:00,statlite-self,ok,UP,2026-10-02T19:15:27.502475814Z
quarkus,2026-10-02T19:15:42.412388+00:00,spring,error,UP,2026-10-02T19:02:34.493136798Z
quarkus,2026-10-02T19:15:42.413071+00:00,quarkus,ok,UP,2026-10-02T19:15:34.496118409Z
quarkus,2026-10-02T19:15:42.414537+00:00,micronaut,error,,
quarkus,2026-10-02T19:15:42.415111+00:00,statlite-self,ok,UP,2026-10-02T19:15:37.503763044Z
quarkus,2026-10-02T19:15:52.425001+00:00,spring,error,UP,2026-10-02T19:02:34.493136798Z
quarkus,2026-10-02T19:15:52.425815+00:00,quarkus,ok,UP,2026-10-02T19:15:44.495244283Z
quarkus,2026-10-02T19:15:52.426442+00:00,micronaut,error,,
quarkus,2026-10-02T19:15:52.427105+00:00,statlite-self,ok,UP,2026-10-02T19:15:47.503451052Z
quarkus,2026-10-02T19:16:02.413725+00:00,spring,error,UP,2026-10-02T19:02:34.493136798Z
quarkus,2026-10-02T19:16:02.414502+00:00,quarkus,ok,UP,2026-10-02T19:15:54.493633219Z
quarkus,2026-10-02T19:16:02.415165+00:00,micronaut,error,,
quarkus,2026-10-02T19:16:02.415912+00:00,statlite-self,ok,UP,2026-10-02T19:15:57.503707607Z
quarkus,2026-10-02T19:16:12.390429+00:00,spring,error,UP,2026-10-02T19:02:34.493136798Z
quarkus,2026-10-02T19:16:12.390967+00:00,quarkus,ok,UP,2026-10-02T19:16:04.496000445Z
quarkus,2026-10-02T19:16:12.391483+00:00,micronaut,error,,
quarkus,2026-10-02T19:16:12.391906+00:00,statlite-self,ok,UP,2026-10-02T19:16:07.502999558Z
quarkus,2026-10-02T19:16:22.427873+00:00,spring,error,UP,2026-10-02T19:02:34.493136798Z
quarkus,2026-10-02T19:16:22.428532+00:00,quarkus,ok,UP,2026-10-02T19:16:14.496019333Z
quarkus,2026-10-02T19:16:22.429125+00:00,micronaut,error,,
quarkus,2026-10-02T19:16:22.429709+00:00,statlite-self,ok,UP,2026-10-02T19:16:17.502852884Z
quarkus,2026-10-02T19:16:32.406050+00:00,spring,error,UP,2026-10-02T19:02:34.493136798Z
quarkus,2026-10-02T19:16:32.406705+00:00,quarkus,ok,UP,2026-10-02T19:16:24.495338534Z
quarkus,2026-10-02T19:16:32.407306+00:00,micronaut,error,,
quarkus,2026-10-02T19:16:32.407727+00:00,statlite-self,ok,UP,2026-10-02T19:16:27.502587593Z
quarkus,2026-10-02T19:16:42.429787+00:00,spring,error,UP,2026-10-02T19:02:34.493136798Z
quarkus,2026-10-02T19:16:42.430613+00:00,quarkus,ok,UP,2026-10-02T19:16:34.492533583Z
quarkus,2026-10-02T19:16:42.431357+00:00,micronaut,error,,
quarkus,2026-10-02T19:16:42.432115+00:00,statlite-self,ok,UP,2026-10-02T19:16:37.503527847Z
quarkus,2026-10-02T19:16:52.418272+00:00,spring,error,UP,2026-10-02T19:02:34.493136798Z
quarkus,2026-10-02T19:16:52.418982+00:00,quarkus,ok,UP,2026-10-02T19:16:44.495084458Z
quarkus,2026-10-02T19:16:52.419447+00:00,micronaut,error,,
quarkus,2026-10-02T19:16:52.420063+00:00,statlite-self,ok,UP,2026-10-02T19:16:47.502715482Z
quarkus,2026-10-02T19:17:02.387675+00:00,spring,error,UP,2026-10-02T19:02:34.493136798Z
quarkus,2026-10-02T19:17:02.388772+00:00,quarkus,ok,UP,2026-10-02T19:16:54.498962117Z
quarkus,2026-10-02T19:17:02.389823+00:00,micronaut,error,,
quarkus,2026-10-02T19:17:02.390717+00:00,statlite-self,ok,UP,2026-10-02T19:16:57.502996555Z
quarkus,2026-10-02T19:17:12.408346+00:00,spring,error,UP,2026-10-02T19:02:34.493136798Z
quarkus,2026-10-02T19:17:12.408970+00:00,quarkus,ok,UP,2026-10-02T19:17:04.493943522Z
quarkus,2026-10-02T19:17:12.409498+00:00,micronaut,error,,
quarkus,2026-10-02T19:17:12.409919+00:00,statlite-self,ok,UP,2026-10-02T19:17:07.503187973Z
quarkus,2026-10-02T19:17:22.411301+00:00,spring,error,UP,2026-10-02T19:02:34.493136798Z
quarkus,2026-10-02T19:17:22.412123+00:00,quarkus,ok,UP,2026-10-02T19:17:14.494482835Z
quarkus,2026-10-02T19:17:22.412780+00:00,micronaut,error,,
quarkus,2026-10-02T19:17:22.413497+00:00,statlite-self,ok,UP,2026-10-02T19:17:17.50333455Z
quarkus,2026-10-02T19:17:32.436859+00:00,spring,error,UP,2026-10-02T19:02:34.493136798Z
quarkus,2026-10-02T19:17:32.437653+00:00,quarkus,ok,UP,2026-10-02T19:17:24.493636484Z
quarkus,2026-10-02T19:17:32.438443+00:00,micronaut,error,,
quarkus,2026-10-02T19:17:32.439365+00:00,statlite-self,ok,UP,2026-10-02T19:17:27.503549002Z
micronaut,2026-10-02T19:17:45.446067+00:00,spring,error,UP,2026-10-02T19:02:34.493136798Z
micronaut,2026-10-02T19:17:45.446784+00:00,quarkus,error,UP,2026-10-02T19:17:34.494240508Z
micronaut,2026-10-02T19:17:45.447246+00:00,micronaut,error,,
micronaut,2026-10-02T19:17:45.447802+00:00,statlite-self,ok,UP,2026-10-02T19:17:37.503845723Z
micronaut,2026-10-02T19:17:55.485879+00:00,spring,error,UP,2026-10-02T19:02:34.493136798Z
micronaut,2026-10-02T19:17:55.486750+00:00,quarkus,error,UP,2026-10-02T19:17:34.494240508Z
micronaut,2026-10-02T19:17:55.487411+00:00,micronaut,ok,UP,2026-10-02T19:17:54.596230483Z
micronaut,2026-10-02T19:17:55.487979+00:00,statlite-self,ok,UP,2026-10-02T19:17:47.503719329Z
micronaut,2026-10-02T19:18:05.472186+00:00,spring,error,UP,2026-10-02T19:02:34.493136798Z
micronaut,2026-10-02T19:18:05.473025+00:00,quarkus,error,UP,2026-10-02T19:17:34.494240508Z
micronaut,2026-10-02T19:18:05.473749+00:00,micronaut,ok,UP,2026-10-02T19:18:04.53473932Z
micronaut,2026-10-02T19:18:05.474334+00:00,statlite-self,ok,UP,2026-10-02T19:17:57.50309879Z
micronaut,2026-10-02T19:18:15.489384+00:00,spring,error,UP,2026-10-02T19:02:34.493136798Z
micronaut,2026-10-02T19:18:15.490236+00:00,quarkus,error,UP,2026-10-02T19:17:34.494240508Z
micronaut,2026-10-02T19:18:15.490868+00:00,micronaut,ok,UP,2026-10-02T19:18:14.526300127Z
micronaut,2026-10-02T19:18:15.491391+00:00,statlite-self,ok,UP,2026-10-02T19:18:07.502624219Z
micronaut,2026-10-02T19:18:25.456510+00:00,spring,error,UP,2026-10-02T19:02:34.493136798Z
micronaut,2026-10-02T19:18:25.457225+00:00,quarkus,error,UP,2026-10-02T19:17:34.494240508Z
micronaut,2026-10-02T19:18:25.457674+00:00,micronaut,ok,UP,2026-10-02T19:18:24.528559497Z
micronaut,2026-10-02T19:18:25.458146+00:00,statlite-self,ok,UP,2026-10-02T19:18:17.502835816Z
micronaut,2026-10-02T19:18:35.473576+00:00,spring,error,UP,2026-10-02T19:02:34.493136798Z
micronaut,2026-10-02T19:18:35.477580+00:00,quarkus,error,UP,2026-10-02T19:17:34.494240508Z
micronaut,2026-10-02T19:18:35.478745+00:00,micronaut,ok,UP,2026-10-02T19:18:34.517732983Z
micronaut,2026-10-02T19:18:35.479482+00:00,statlite-self,ok,UP,2026-10-02T19:18:27.502398655Z
micronaut,2026-10-02T19:18:45.480372+00:00,spring,error,UP,2026-10-02T19:02:34.493136798Z
micronaut,2026-10-02T19:18:45.481310+00:00,quarkus,error,UP,2026-10-02T19:17:34.494240508Z
micronaut,2026-10-02T19:18:45.482040+00:00,micronaut,ok,UP,2026-10-02T19:18:44.531603922Z
micronaut,2026-10-02T19:18:45.482690+00:00,statlite-self,ok,UP,2026-10-02T19:18:37.50466396Z
micronaut,2026-10-02T19:18:55.456383+00:00,spring,error,UP,2026-10-02T19:02:34.493136798Z
micronaut,2026-10-02T19:18:55.457139+00:00,quarkus,error,UP,2026-10-02T19:17:34.494240508Z
micronaut,2026-10-02T19:18:55.457899+00:00,micronaut,ok,UP,2026-10-02T19:18:54.518276109Z
micronaut,2026-10-02T19:18:55.458428+00:00,statlite-self,ok,UP,2026-10-02T19:18:47.502597651Z
micronaut,2026-10-02T19:19:05.470250+00:00,spring,error,UP,2026-10-02T19:02:34.493136798Z
micronaut,2026-10-02T19:19:05.471232+00:00,quarkus,error,UP,2026-10-02T19:17:34.494240508Z
micronaut,2026-10-02T19:19:05.471906+00:00,micronaut,ok,UP,2026-10-02T19:19:04.524221785Z
micronaut,2026-10-02T19:19:05.472601+00:00,statlite-self,ok,UP,2026-10-02T19:18:57.504490731Z
micronaut,2026-10-02T19:19:15.449305+00:00,spring,error,UP,2026-10-02T19:02:34.493136798Z
micronaut,2026-10-02T19:19:15.450190+00:00,quarkus,error,UP,2026-10-02T19:17:34.494240508Z
micronaut,2026-10-02T19:19:15.450767+00:00,micronaut,ok,UP,2026-10-02T19:19:14.533332762Z
micronaut,2026-10-02T19:19:15.451403+00:00,statlite-self,ok,UP,2026-10-02T19:19:07.504283027Z
micronaut,2026-10-02T19:19:25.471956+00:00,spring,error,UP,2026-10-02T19:02:34.493136798Z
micronaut,2026-10-02T19:19:25.472830+00:00,quarkus,error,UP,2026-10-02T19:17:34.494240508Z
micronaut,2026-10-02T19:19:25.473498+00:00,micronaut,ok,UP,2026-10-02T19:19:24.507435312Z
micronaut,2026-10-02T19:19:25.474148+00:00,statlite-self,ok,UP,2026-10-02T19:19:17.503006837Z
micronaut,2026-10-02T19:19:35.460405+00:00,spring,error,UP,2026-10-02T19:02:34.493136798Z
micronaut,2026-10-02T19:19:35.461122+00:00,quarkus,error,UP,2026-10-02T19:17:34.494240508Z
micronaut,2026-10-02T19:19:35.461759+00:00,micronaut,ok,UP,2026-10-02T19:19:34.536911713Z
micronaut,2026-10-02T19:19:35.462398+00:00,statlite-self,ok,UP,2026-10-02T19:19:27.502859906Z
micronaut,2026-10-02T19:19:45.494070+00:00,spring,error,UP,2026-10-02T19:02:34.493136798Z
micronaut,2026-10-02T19:19:45.494838+00:00,quarkus,error,UP,2026-10-02T19:17:34.494240508Z
micronaut,2026-10-02T19:19:45.495443+00:00,micronaut,ok,UP,2026-10-02T19:19:44.521176153Z
micronaut,2026-10-02T19:19:45.496176+00:00,statlite-self,ok,UP,2026-10-02T19:19:37.503014931Z
micronaut,2026-10-02T19:19:55.488922+00:00,spring,error,UP,2026-10-02T19:02:34.493136798Z
micronaut,2026-10-02T19:19:55.489727+00:00,quarkus,error,UP,2026-10-02T19:17:34.494240508Z
micronaut,2026-10-02T19:19:55.490451+00:00,micronaut,ok,UP,2026-10-02T19:19:54.527261094Z
micronaut,2026-10-02T19:19:55.491098+00:00,statlite-self,ok,UP,2026-10-02T19:19:47.50254805Z
micronaut,2026-10-02T19:20:05.447672+00:00,spring,error,UP,2026-10-02T19:02:34.493136798Z
micronaut,2026-10-02T19:20:05.448774+00:00,quarkus,error,UP,2026-10-02T19:17:34.494240508Z
micronaut,2026-10-02T19:20:05.449366+00:00,micronaut,ok,UP,2026-10-02T19:20:04.53429208Z
micronaut,2026-10-02T19:20:05.450087+00:00,statlite-self,ok,UP,2026-10-02T19:19:57.502740963Z
micronaut,2026-10-02T19:20:15.487448+00:00,spring,error,UP,2026-10-02T19:02:34.493136798Z
micronaut,2026-10-02T19:20:15.488247+00:00,quarkus,error,UP,2026-10-02T19:17:34.494240508Z
micronaut,2026-10-02T19:20:15.488933+00:00,micronaut,ok,UP,2026-10-02T19:20:14.516693769Z
micronaut,2026-10-02T19:20:15.489776+00:00,statlite-self,ok,UP,2026-10-02T19:20:07.502647629Z
micronaut,2026-10-02T19:20:25.493483+00:00,spring,error,UP,2026-10-02T19:02:34.493136798Z
micronaut,2026-10-02T19:20:25.494179+00:00,quarkus,error,UP,2026-10-02T19:17:34.494240508Z
micronaut,2026-10-02T19:20:25.494742+00:00,micronaut,ok,UP,2026-10-02T19:20:24.506326183Z
micronaut,2026-10-02T19:20:25.495357+00:00,statlite-self,ok,UP,2026-10-02T19:20:17.504335659Z
micronaut,2026-10-02T19:20:35.460014+00:00,spring,error,UP,2026-10-02T19:02:34.493136798Z
micronaut,2026-10-02T19:20:35.460821+00:00,quarkus,error,UP,2026-10-02T19:17:34.494240508Z
micronaut,2026-10-02T19:20:35.461558+00:00,micronaut,ok,UP,2026-10-02T19:20:34.522898626Z
micronaut,2026-10-02T19:20:35.462186+00:00,statlite-self,ok,UP,2026-10-02T19:20:27.504347844Z
micronaut,2026-10-02T19:20:45.475952+00:00,spring,error,UP,2026-10-02T19:02:34.493136798Z
micronaut,2026-10-02T19:20:45.476670+00:00,quarkus,error,UP,2026-10-02T19:17:34.494240508Z
micronaut,2026-10-02T19:20:45.479365+00:00,micronaut,ok,UP,2026-10-02T19:20:44.522780967Z
micronaut,2026-10-02T19:20:45.480189+00:00,statlite-self,ok,UP,2026-10-02T19:20:37.503038338Z
micronaut,2026-10-02T19:20:55.479580+00:00,spring,error,UP,2026-10-02T19:02:34.493136798Z
micronaut,2026-10-02T19:20:55.480373+00:00,quarkus,error,UP,2026-10-02T19:17:34.494240508Z
micronaut,2026-10-02T19:20:55.481017+00:00,micronaut,ok,UP,2026-10-02T19:20:54.506200221Z
micronaut,2026-10-02T19:20:55.481575+00:00,statlite-self,ok,UP,2026-10-02T19:20:47.502774091Z
micronaut,2026-10-02T19:21:05.456705+00:00,spring,error,UP,2026-10-02T19:02:34.493136798Z
micronaut,2026-10-02T19:21:05.457483+00:00,quarkus,error,UP,2026-10-02T19:17:34.494240508Z
micronaut,2026-10-02T19:21:05.458060+00:00,micronaut,ok,UP,2026-10-02T19:21:04.558012371Z
micronaut,2026-10-02T19:21:05.458598+00:00,statlite-self,ok,UP,2026-10-02T19:20:57.503547905Z
micronaut,2026-10-02T19:21:15.448588+00:00,spring,error,UP,2026-10-02T19:02:34.493136798Z
micronaut,2026-10-02T19:21:15.449310+00:00,quarkus,error,UP,2026-10-02T19:17:34.494240508Z
micronaut,2026-10-02T19:21:15.449867+00:00,micronaut,ok,UP,2026-10-02T19:21:14.513961915Z
micronaut,2026-10-02T19:21:15.450580+00:00,statlite-self,ok,UP,2026-10-02T19:21:07.503542387Z
micronaut,2026-10-02T19:21:25.491705+00:00,spring,error,UP,2026-10-02T19:02:34.493136798Z
micronaut,2026-10-02T19:21:25.492458+00:00,quarkus,error,UP,2026-10-02T19:17:34.494240508Z
micronaut,2026-10-02T19:21:25.493099+00:00,micronaut,ok,UP,2026-10-02T19:21:24.527251212Z
micronaut,2026-10-02T19:21:25.493819+00:00,statlite-self,ok,UP,2026-10-02T19:21:17.502993224Z
micronaut,2026-10-02T19:21:35.470852+00:00,spring,error,UP,2026-10-02T19:02:34.493136798Z
micronaut,2026-10-02T19:21:35.471464+00:00,quarkus,error,UP,2026-10-02T19:17:34.494240508Z
micronaut,2026-10-02T19:21:35.472204+00:00,micronaut,ok,UP,2026-10-02T19:21:34.517253647Z
micronaut,2026-10-02T19:21:35.472719+00:00,statlite-self,ok,UP,2026-10-02T19:21:27.502829387Z
micronaut,2026-10-02T19:21:45.460686+00:00,spring,error,UP,2026-10-02T19:02:34.493136798Z
micronaut,2026-10-02T19:21:45.461511+00:00,quarkus,error,UP,2026-10-02T19:17:34.494240508Z
micronaut,2026-10-02T19:21:45.462208+00:00,micronaut,ok,UP,2026-10-02T19:21:44.528176368Z
micronaut,2026-10-02T19:21:45.462787+00:00,statlite-self,ok,UP,2026-10-02T19:21:37.503007244Z
micronaut,2026-10-02T19:21:55.486947+00:00,spring,error,UP,2026-10-02T19:02:34.493136798Z
micronaut,2026-10-02T19:21:55.487682+00:00,quarkus,error,UP,2026-10-02T19:17:34.494240508Z
micronaut,2026-10-02T19:21:55.488411+00:00,micronaut,ok,UP,2026-10-02T19:21:54.519477719Z
micronaut,2026-10-02T19:21:55.489153+00:00,statlite-self,ok,UP,2026-10-02T19:21:47.502634499Z
micronaut,2026-10-02T19:22:05.459072+00:00,spring,error,UP,2026-10-02T19:02:34.493136798Z
micronaut,2026-10-02T19:22:05.459914+00:00,quarkus,error,UP,2026-10-02T19:17:34.494240508Z
micronaut,2026-10-02T19:22:05.460485+00:00,micronaut,ok,UP,2026-10-02T19:22:04.522219727Z
micronaut,2026-10-02T19:22:05.461096+00:00,statlite-self,ok,UP,2026-10-02T19:21:57.504701054Z
micronaut,2026-10-02T19:22:15.449626+00:00,spring,error,UP,2026-10-02T19:02:34.493136798Z
micronaut,2026-10-02T19:22:15.450455+00:00,quarkus,error,UP,2026-10-02T19:17:34.494240508Z
micronaut,2026-10-02T19:22:15.451088+00:00,micronaut,ok,UP,2026-10-02T19:22:14.528582358Z
micronaut,2026-10-02T19:22:15.451697+00:00,statlite-self,ok,UP,2026-10-02T19:22:07.504004189Z
micronaut,2026-10-02T19:22:25.453704+00:00,spring,error,UP,2026-10-02T19:02:34.493136798Z
micronaut,2026-10-02T19:22:25.454424+00:00,quarkus,error,UP,2026-10-02T19:17:34.494240508Z
micronaut,2026-10-02T19:22:25.454931+00:00,micronaut,ok,UP,2026-10-02T19:22:24.529875999Z
micronaut,2026-10-02T19:22:25.455399+00:00,statlite-self,ok,UP,2026-10-02T19:22:17.502752683Z
micronaut,2026-10-02T19:22:35.467590+00:00,spring,error,UP,2026-10-02T19:02:34.493136798Z
micronaut,2026-10-02T19:22:35.468276+00:00,quarkus,error,UP,2026-10-02T19:17:34.494240508Z
micronaut,2026-10-02T19:22:35.468826+00:00,micronaut,ok,UP,2026-10-02T19:22:34.523670911Z
micronaut,2026-10-02T19:22:35.469393+00:00,statlite-self,ok,UP,2026-10-02T19:22:27.502730524Z
micronaut,2026-10-02T19:22:45.449974+00:00,spring,error,UP,2026-10-02T19:02:34.493136798Z
micronaut,2026-10-02T19:22:45.450635+00:00,quarkus,error,UP,2026-10-02T19:17:34.494240508Z
micronaut,2026-10-02T19:22:45.451367+00:00,micronaut,ok,UP,2026-10-02T19:22:44.524615113Z
micronaut,2026-10-02T19:22:45.452127+00:00,statlite-self,ok,UP,2026-10-02T19:22:37.503164304Z
micronaut,2026-10-02T19:22:55.462973+00:00,spring,error,UP,2026-10-02T19:02:34.493136798Z
micronaut,2026-10-02T19:22:55.464002+00:00,quarkus,error,UP,2026-10-02T19:17:34.494240508Z
micronaut,2026-10-02T19:22:55.464772+00:00,micronaut,ok,UP,2026-10-02T19:22:54.51771989Z
micronaut,2026-10-02T19:22:55.465518+00:00,statlite-self,ok,UP,2026-10-02T19:22:47.503778421Z
micronaut,2026-10-02T19:23:05.452285+00:00,spring,error,UP,2026-10-02T19:02:34.493136798Z
micronaut,2026-10-02T19:23:05.453189+00:00,quarkus,error,UP,2026-10-02T19:17:34.494240508Z
micronaut,2026-10-02T19:23:05.453904+00:00,micronaut,ok,UP,2026-10-02T19:23:04.523804803Z
micronaut,2026-10-02T19:23:05.454571+00:00,statlite-self,ok,UP,2026-10-02T19:22:57.503223915Z
micronaut,2026-10-02T19:23:15.450585+00:00,spring,error,UP,2026-10-02T19:02:34.493136798Z
micronaut,2026-10-02T19:23:15.451637+00:00,quarkus,error,UP,2026-10-02T19:17:34.494240508Z
micronaut,2026-10-02T19:23:15.452428+00:00,micronaut,ok,UP,2026-10-02T19:23:14.522009045Z
micronaut,2026-10-02T19:23:15.453301+00:00,statlite-self,ok,UP,2026-10-02T19:23:07.504464611Z
micronaut,2026-10-02T19:23:25.453911+00:00,spring,error,UP,2026-10-02T19:02:34.493136798Z
micronaut,2026-10-02T19:23:25.454759+00:00,quarkus,error,UP,2026-10-02T19:17:34.494240508Z
micronaut,2026-10-02T19:23:25.455504+00:00,micronaut,ok,UP,2026-10-02T19:23:24.526187961Z
micronaut,2026-10-02T19:23:25.456152+00:00,statlite-self,ok,UP,2026-10-02T19:23:17.503432963Z
micronaut,2026-10-02T19:23:35.466076+00:00,spring,error,UP,2026-10-02T19:02:34.493136798Z
micronaut,2026-10-02T19:23:35.466936+00:00,quarkus,error,UP,2026-10-02T19:17:34.494240508Z
micronaut,2026-10-02T19:23:35.467766+00:00,micronaut,ok,UP,2026-10-02T19:23:34.53776034Z
micronaut,2026-10-02T19:23:35.468559+00:00,statlite-self,ok,UP,2026-10-02T19:23:27.504245849Z
micronaut,2026-10-02T19:23:45.456047+00:00,spring,error,UP,2026-10-02T19:02:34.493136798Z
micronaut,2026-10-02T19:23:45.456680+00:00,quarkus,error,UP,2026-10-02T19:17:34.494240508Z
micronaut,2026-10-02T19:23:45.457189+00:00,micronaut,ok,UP,2026-10-02T19:23:44.511922621Z
micronaut,2026-10-02T19:23:45.457714+00:00,statlite-self,ok,UP,2026-10-02T19:23:37.503406498Z
micronaut,2026-10-02T19:23:55.459490+00:00,spring,error,UP,2026-10-02T19:02:34.493136798Z
micronaut,2026-10-02T19:23:55.460273+00:00,quarkus,error,UP,2026-10-02T19:17:34.494240508Z
micronaut,2026-10-02T19:23:55.460936+00:00,micronaut,ok,UP,2026-10-02T19:23:54.514451679Z
micronaut,2026-10-02T19:23:55.461552+00:00,statlite-self,ok,UP,2026-10-02T19:23:47.502831801Z
micronaut,2026-10-02T19:24:05.476509+00:00,spring,error,UP,2026-10-02T19:02:34.493136798Z
micronaut,2026-10-02T19:24:05.477511+00:00,quarkus,error,UP,2026-10-02T19:17:34.494240508Z
micronaut,2026-10-02T19:24:05.478347+00:00,micronaut,ok,UP,2026-10-02T19:24:04.533553472Z
micronaut,2026-10-02T19:24:05.479192+00:00,statlite-self,ok,UP,2026-10-02T19:23:57.50504879Z
micronaut,2026-10-02T19:24:15.453347+00:00,spring,error,UP,2026-10-02T19:02:34.493136798Z
micronaut,2026-10-02T19:24:15.454398+00:00,quarkus,error,UP,2026-10-02T19:17:34.494240508Z
micronaut,2026-10-02T19:24:15.455154+00:00,micronaut,ok,UP,2026-10-02T19:24:14.526112671Z
micronaut,2026-10-02T19:24:15.455798+00:00,statlite-self,ok,UP,2026-10-02T19:24:07.50413402Z
micronaut,2026-10-02T19:24:25.484863+00:00,spring,error,UP,2026-10-02T19:02:34.493136798Z
micronaut,2026-10-02T19:24:25.485802+00:00,quarkus,error,UP,2026-10-02T19:17:34.494240508Z
micronaut,2026-10-02T19:24:25.486375+00:00,micronaut,ok,UP,2026-10-02T19:24:24.528208712Z
micronaut,2026-10-02T19:24:25.486991+00:00,statlite-self,ok,UP,2026-10-02T19:24:17.503094755Z
micronaut,2026-10-02T19:24:35.464750+00:00,spring,error,UP,2026-10-02T19:02:34.493136798Z
micronaut,2026-10-02T19:24:35.465455+00:00,quarkus,error,UP,2026-10-02T19:17:34.494240508Z
micronaut,2026-10-02T19:24:35.466040+00:00,micronaut,ok,UP,2026-10-02T19:24:34.523754313Z
micronaut,2026-10-02T19:24:35.466470+00:00,statlite-self,ok,UP,2026-10-02T19:24:27.502759723Z
micronaut,2026-10-02T19:24:45.491358+00:00,spring,error,UP,2026-10-02T19:02:34.493136798Z
micronaut,2026-10-02T19:24:45.492057+00:00,quarkus,error,UP,2026-10-02T19:17:34.494240508Z
micronaut,2026-10-02T19:24:45.492503+00:00,micronaut,ok,UP,2026-10-02T19:24:44.504422295Z
micronaut,2026-10-02T19:24:45.493008+00:00,statlite-self,ok,UP,2026-10-02T19:24:37.503055546Z
micronaut,2026-10-02T19:24:55.466941+00:00,spring,error,UP,2026-10-02T19:02:34.493136798Z
micronaut,2026-10-02T19:24:55.467595+00:00,quarkus,error,UP,2026-10-02T19:17:34.494240508Z
micronaut,2026-10-02T19:24:55.468356+00:00,micronaut,ok,UP,2026-10-02T19:24:54.526823619Z
micronaut,2026-10-02T19:24:55.468916+00:00,statlite-self,ok,UP,2026-10-02T19:24:47.502462004Z
micronaut,2026-10-02T19:25:05.476368+00:00,spring,error,UP,2026-10-02T19:02:34.493136798Z
micronaut,2026-10-02T19:25:05.477006+00:00,quarkus,error,UP,2026-10-02T19:17:34.494240508Z
micronaut,2026-10-02T19:25:05.477473+00:00,micronaut,ok,UP,2026-10-02T19:25:04.528617525Z
micronaut,2026-10-02T19:25:05.477873+00:00,statlite-self,ok,UP,2026-10-02T19:24:57.502899353Z
micronaut,2026-10-02T19:25:15.482921+00:00,spring,error,UP,2026-10-02T19:02:34.493136798Z
micronaut,2026-10-02T19:25:15.483655+00:00,quarkus,error,UP,2026-10-02T19:17:34.494240508Z
micronaut,2026-10-02T19:25:15.484329+00:00,micronaut,ok,UP,2026-10-02T19:25:14.522439021Z
micronaut,2026-10-02T19:25:15.485126+00:00,statlite-self,ok,UP,2026-10-02T19:25:07.502547268Z
micronaut,2026-10-02T19:25:25.466836+00:00,spring,error,UP,2026-10-02T19:02:34.493136798Z
micronaut,2026-10-02T19:25:25.467530+00:00,quarkus,error,UP,2026-10-02T19:17:34.494240508Z
micronaut,2026-10-02T19:25:25.468118+00:00,micronaut,ok,UP,2026-10-02T19:25:24.526401338Z
micronaut,2026-10-02T19:25:25.468796+00:00,statlite-self,ok,UP,2026-10-02T19:25:17.504602978Z
micronaut,2026-10-02T19:25:35.453532+00:00,spring,error,UP,2026-10-02T19:02:34.493136798Z
micronaut,2026-10-02T19:25:35.454310+00:00,quarkus,error,UP,2026-10-02T19:17:34.494240508Z
micronaut,2026-10-02T19:25:35.455037+00:00,micronaut,ok,UP,2026-10-02T19:25:34.527532754Z
micronaut,2026-10-02T19:25:35.455629+00:00,statlite-self,ok,UP,2026-10-02T19:25:27.503584164Z
micronaut,2026-10-02T19:25:45.461925+00:00,spring,error,UP,2026-10-02T19:02:34.493136798Z
micronaut,2026-10-02T19:25:45.462548+00:00,quarkus,error,UP,2026-10-02T19:17:34.494240508Z
micronaut,2026-10-02T19:25:45.463057+00:00,micronaut,ok,UP,2026-10-02T19:25:44.539506479Z
micronaut,2026-10-02T19:25:45.463578+00:00,statlite-self,ok,UP,2026-10-02T19:25:37.503089784Z
micronaut,2026-10-02T19:25:55.476361+00:00,spring,error,UP,2026-10-02T19:02:34.493136798Z
micronaut,2026-10-02T19:25:55.477053+00:00,quarkus,error,UP,2026-10-02T19:17:34.494240508Z
micronaut,2026-10-02T19:25:55.477497+00:00,micronaut,ok,UP,2026-10-02T19:25:54.50414053Z
micronaut,2026-10-02T19:25:55.477994+00:00,statlite-self,ok,UP,2026-10-02T19:25:47.502615393Z
micronaut,2026-10-02T19:26:05.463857+00:00,spring,error,UP,2026-10-02T19:02:34.493136798Z
micronaut,2026-10-02T19:26:05.464426+00:00,quarkus,error,UP,2026-10-02T19:17:34.494240508Z
micronaut,2026-10-02T19:26:05.464850+00:00,micronaut,ok,UP,2026-10-02T19:26:04.520297372Z
micronaut,2026-10-02T19:26:05.465339+00:00,statlite-self,ok,UP,2026-10-02T19:25:57.503282247Z
micronaut,2026-10-02T19:26:15.471741+00:00,spring,error,UP,2026-10-02T19:02:34.493136798Z
micronaut,2026-10-02T19:26:15.472445+00:00,quarkus,error,UP,2026-10-02T19:17:34.494240508Z
micronaut,2026-10-02T19:26:15.472987+00:00,micronaut,ok,UP,2026-10-02T19:26:14.540368168Z
micronaut,2026-10-02T19:26:15.473910+00:00,statlite-self,ok,UP,2026-10-02T19:26:07.502560113Z
micronaut,2026-10-02T19:26:25.485411+00:00,spring,error,UP,2026-10-02T19:02:34.493136798Z
micronaut,2026-10-02T19:26:25.486107+00:00,quarkus,error,UP,2026-10-02T19:17:34.494240508Z
micronaut,2026-10-02T19:26:25.486702+00:00,micronaut,ok,UP,2026-10-02T19:26:24.518209311Z
micronaut,2026-10-02T19:26:25.487569+00:00,statlite-self,ok,UP,2026-10-02T19:26:17.502776629Z
micronaut,2026-10-02T19:26:35.491541+00:00,spring,error,UP,2026-10-02T19:02:34.493136798Z
micronaut,2026-10-02T19:26:35.492160+00:00,quarkus,error,UP,2026-10-02T19:17:34.494240508Z
micronaut,2026-10-02T19:26:35.492646+00:00,micronaut,ok,UP,2026-10-02T19:26:34.516546707Z
micronaut,2026-10-02T19:26:35.493112+00:00,statlite-self,ok,UP,2026-10-02T19:26:27.504297804Z
micronaut,2026-10-02T19:26:45.450950+00:00,spring,error,UP,2026-10-02T19:02:34.493136798Z
micronaut,2026-10-02T19:26:45.451546+00:00,quarkus,error,UP,2026-10-02T19:17:34.494240508Z
micronaut,2026-10-02T19:26:45.452079+00:00,micronaut,ok,UP,2026-10-02T19:26:44.528465109Z
micronaut,2026-10-02T19:26:45.452540+00:00,statlite-self,ok,UP,2026-10-02T19:26:37.503050754Z
micronaut,2026-10-02T19:26:55.486704+00:00,spring,error,UP,2026-10-02T19:02:34.493136798Z
micronaut,2026-10-02T19:26:55.487406+00:00,quarkus,error,UP,2026-10-02T19:17:34.494240508Z
micronaut,2026-10-02T19:26:55.488251+00:00,micronaut,ok,UP,2026-10-02T19:26:54.536258491Z
micronaut,2026-10-02T19:26:55.488861+00:00,statlite-self,ok,UP,2026-10-02T19:26:47.504596432Z
micronaut,2026-10-02T19:27:05.466591+00:00,spring,error,UP,2026-10-02T19:02:34.493136798Z
micronaut,2026-10-02T19:27:05.467237+00:00,quarkus,error,UP,2026-10-02T19:17:34.494240508Z
micronaut,2026-10-02T19:27:05.467698+00:00,micronaut,ok,UP,2026-10-02T19:27:04.506100313Z
micronaut,2026-10-02T19:27:05.468134+00:00,statlite-self,ok,UP,2026-10-02T19:26:57.502765618Z
micronaut,2026-10-02T19:27:15.449983+00:00,spring,error,UP,2026-10-02T19:02:34.493136798Z
micronaut,2026-10-02T19:27:15.450657+00:00,quarkus,error,UP,2026-10-02T19:17:34.494240508Z
micronaut,2026-10-02T19:27:15.451282+00:00,micronaut,ok,UP,2026-10-02T19:27:14.510208043Z
micronaut,2026-10-02T19:27:15.452069+00:00,statlite-self,ok,UP,2026-10-02T19:27:07.502553924Z
micronaut,2026-10-02T19:27:25.452554+00:00,spring,error,UP,2026-10-02T19:02:34.493136798Z
micronaut,2026-10-02T19:27:25.453399+00:00,quarkus,error,UP,2026-10-02T19:17:34.494240508Z
micronaut,2026-10-02T19:27:25.453999+00:00,micronaut,ok,UP,2026-10-02T19:27:24.545744217Z
micronaut,2026-10-02T19:27:25.454586+00:00,statlite-self,ok,UP,2026-10-02T19:27:17.502886803Z
micronaut,2026-10-02T19:27:35.461135+00:00,spring,error,UP,2026-10-02T19:02:34.493136798Z
micronaut,2026-10-02T19:27:35.461877+00:00,quarkus,error,UP,2026-10-02T19:17:34.494240508Z
micronaut,2026-10-02T19:27:35.462342+00:00,micronaut,ok,UP,2026-10-02T19:27:34.52031755Z
micronaut,2026-10-02T19:27:35.462735+00:00,statlite-self,ok,UP,2026-10-02T19:27:27.504421355Z
micronaut,2026-10-02T19:27:45.456567+00:00,spring,error,UP,2026-10-02T19:02:34.493136798Z
micronaut,2026-10-02T19:27:45.457379+00:00,quarkus,error,UP,2026-10-02T19:17:34.494240508Z
micronaut,2026-10-02T19:27:45.458244+00:00,micronaut,ok,UP,2026-10-02T19:27:44.518483414Z
micronaut,2026-10-02T19:27:45.459681+00:00,statlite-self,ok,UP,2026-10-02T19:27:37.503778457Z
micronaut,2026-10-02T19:27:55.449679+00:00,spring,error,UP,2026-10-02T19:02:34.493136798Z
micronaut,2026-10-02T19:27:55.450309+00:00,quarkus,error,UP,2026-10-02T19:17:34.494240508Z
micronaut,2026-10-02T19:27:55.450860+00:00,micronaut,ok,UP,2026-10-02T19:27:54.523471454Z
micronaut,2026-10-02T19:27:55.451493+00:00,statlite-self,ok,UP,2026-10-02T19:27:47.50277588Z
micronaut,2026-10-02T19:28:05.483295+00:00,spring,error,UP,2026-10-02T19:02:34.493136798Z
micronaut,2026-10-02T19:28:05.483959+00:00,quarkus,error,UP,2026-10-02T19:17:34.494240508Z
micronaut,2026-10-02T19:28:05.484497+00:00,micronaut,ok,UP,2026-10-02T19:28:04.521863469Z
micronaut,2026-10-02T19:28:05.485066+00:00,statlite-self,ok,UP,2026-10-02T19:27:57.504553732Z
micronaut,2026-10-02T19:28:15.488150+00:00,spring,error,UP,2026-10-02T19:02:34.493136798Z
micronaut,2026-10-02T19:28:15.488764+00:00,quarkus,error,UP,2026-10-02T19:17:34.494240508Z
micronaut,2026-10-02T19:28:15.489324+00:00,micronaut,ok,UP,2026-10-02T19:28:14.509977938Z
micronaut,2026-10-02T19:28:15.489778+00:00,statlite-self,ok,UP,2026-10-02T19:28:07.50282259Z
micronaut,2026-10-02T19:28:25.471936+00:00,spring,error,UP,2026-10-02T19:02:34.493136798Z
micronaut,2026-10-02T19:28:25.472978+00:00,quarkus,error,UP,2026-10-02T19:17:34.494240508Z
micronaut,2026-10-02T19:28:25.473758+00:00,micronaut,ok,UP,2026-10-02T19:28:24.541916866Z
micronaut,2026-10-02T19:28:25.474490+00:00,statlite-self,ok,UP,2026-10-02T19:28:17.503670731Z
micronaut,2026-10-02T19:28:35.477573+00:00,spring,error,UP,2026-10-02T19:02:34.493136798Z
micronaut,2026-10-02T19:28:35.478505+00:00,quarkus,error,UP,2026-10-02T19:17:34.494240508Z
micronaut,2026-10-02T19:28:35.479265+00:00,micronaut,ok,UP,2026-10-02T19:28:34.517365168Z
micronaut,2026-10-02T19:28:35.480184+00:00,statlite-self,ok,UP,2026-10-02T19:28:27.502804532Z
micronaut,2026-10-02T19:28:45.491140+00:00,spring,error,UP,2026-10-02T19:02:34.493136798Z
micronaut,2026-10-02T19:28:45.491872+00:00,quarkus,error,UP,2026-10-02T19:17:34.494240508Z
micronaut,2026-10-02T19:28:45.492749+00:00,micronaut,ok,UP,2026-10-02T19:28:44.529312103Z
micronaut,2026-10-02T19:28:45.493446+00:00,statlite-self,ok,UP,2026-10-02T19:28:37.503560167Z
micronaut,2026-10-02T19:28:55.466906+00:00,spring,error,UP,2026-10-02T19:02:34.493136798Z
micronaut,2026-10-02T19:28:55.467700+00:00,quarkus,error,UP,2026-10-02T19:17:34.494240508Z
micronaut,2026-10-02T19:28:55.468438+00:00,micronaut,ok,UP,2026-10-02T19:28:54.524473067Z
micronaut,2026-10-02T19:28:55.469143+00:00,statlite-self,ok,UP,2026-10-02T19:28:47.502876709Z
micronaut,2026-10-02T19:29:05.465246+00:00,spring,error,UP,2026-10-02T19:02:34.493136798Z
micronaut,2026-10-02T19:29:05.465986+00:00,quarkus,error,UP,2026-10-02T19:17:34.494240508Z
micronaut,2026-10-02T19:29:05.466636+00:00,micronaut,ok,UP,2026-10-02T19:29:04.512157202Z
micronaut,2026-10-02T19:29:05.467238+00:00,statlite-self,ok,UP,2026-10-02T19:28:57.503711744Z
micronaut,2026-10-02T19:29:15.451792+00:00,spring,error,UP,2026-10-02T19:02:34.493136798Z
micronaut,2026-10-02T19:29:15.452735+00:00,quarkus,error,UP,2026-10-02T19:17:34.494240508Z
micronaut,2026-10-02T19:29:15.453634+00:00,micronaut,ok,UP,2026-10-02T19:29:14.519786961Z
micronaut,2026-10-02T19:29:15.454353+00:00,statlite-self,ok,UP,2026-10-02T19:29:07.50316931Z
micronaut,2026-10-02T19:29:25.452876+00:00,spring,error,UP,2026-10-02T19:02:34.493136798Z
micronaut,2026-10-02T19:29:25.453615+00:00,quarkus,error,UP,2026-10-02T19:17:34.494240508Z
micronaut,2026-10-02T19:29:25.454231+00:00,micronaut,ok,UP,2026-10-02T19:29:24.520277408Z
micronaut,2026-10-02T19:29:25.454887+00:00,statlite-self,ok,UP,2026-10-02T19:29:17.504466919Z
micronaut,2026-10-02T19:29:35.449256+00:00,spring,error,UP,2026-10-02T19:02:34.493136798Z
micronaut,2026-10-02T19:29:35.450212+00:00,quarkus,error,UP,2026-10-02T19:17:34.494240508Z
micronaut,2026-10-02T19:29:35.451104+00:00,micronaut,ok,UP,2026-10-02T19:29:34.524423983Z
micronaut,2026-10-02T19:29:35.451896+00:00,statlite-self,ok,UP,2026-10-02T19:29:27.502597611Z
micronaut,2026-10-02T19:29:45.447628+00:00,spring,error,UP,2026-10-02T19:02:34.493136798Z
micronaut,2026-10-02T19:29:45.448685+00:00,quarkus,error,UP,2026-10-02T19:17:34.494240508Z
micronaut,2026-10-02T19:29:45.449461+00:00,micronaut,ok,UP,2026-10-02T19:29:44.531683282Z
micronaut,2026-10-02T19:29:45.450361+00:00,statlite-self,ok,UP,2026-10-02T19:29:37.50476013Z
micronaut,2026-10-02T19:29:55.451181+00:00,spring,error,UP,2026-10-02T19:02:34.493136798Z
micronaut,2026-10-02T19:29:55.452175+00:00,quarkus,error,UP,2026-10-02T19:17:34.494240508Z
micronaut,2026-10-02T19:29:55.452899+00:00,micronaut,ok,UP,2026-10-02T19:29:54.519825262Z
micronaut,2026-10-02T19:29:55.453569+00:00,statlite-self,ok,UP,2026-10-02T19:29:47.502854973Z
micronaut,2026-10-02T19:30:05.454721+00:00,spring,error,UP,2026-10-02T19:02:34.493136798Z
micronaut,2026-10-02T19:30:05.455832+00:00,quarkus,error,UP,2026-10-02T19:17:34.494240508Z
micronaut,2026-10-02T19:30:05.456955+00:00,micronaut,ok,UP,2026-10-02T19:30:04.509034699Z
micronaut,2026-10-02T19:30:05.457797+00:00,statlite-self,ok,UP,2026-10-02T19:29:57.502917768Z
micronaut,2026-10-02T19:30:15.459781+00:00,spring,error,UP,2026-10-02T19:02:34.493136798Z
micronaut,2026-10-02T19:30:15.460637+00:00,quarkus,error,UP,2026-10-02T19:17:34.494240508Z
micronaut,2026-10-02T19:30:15.461513+00:00,micronaut,ok,UP,2026-10-02T19:30:14.51962442Z
micronaut,2026-10-02T19:30:15.462383+00:00,statlite-self,ok,UP,2026-10-02T19:30:07.502858455Z
micronaut,2026-10-02T19:30:25.457272+00:00,spring,error,UP,2026-10-02T19:02:34.493136798Z
micronaut,2026-10-02T19:30:25.458261+00:00,quarkus,error,UP,2026-10-02T19:17:34.494240508Z
micronaut,2026-10-02T19:30:25.459035+00:00,micronaut,ok,UP,2026-10-02T19:30:24.536488044Z
micronaut,2026-10-02T19:30:25.459689+00:00,statlite-self,ok,UP,2026-10-02T19:30:17.503392762Z
micronaut,2026-10-02T19:30:35.492641+00:00,spring,error,UP,2026-10-02T19:02:34.493136798Z
micronaut,2026-10-02T19:30:35.493489+00:00,quarkus,error,UP,2026-10-02T19:17:34.494240508Z
micronaut,2026-10-02T19:30:35.494485+00:00,micronaut,ok,UP,2026-10-02T19:30:34.523931704Z
micronaut,2026-10-02T19:30:35.495264+00:00,statlite-self,ok,UP,2026-10-02T19:30:27.502394961Z
micronaut,2026-10-02T19:30:45.457088+00:00,spring,error,UP,2026-10-02T19:02:34.493136798Z
micronaut,2026-10-02T19:30:45.458117+00:00,quarkus,error,UP,2026-10-02T19:17:34.494240508Z
micronaut,2026-10-02T19:30:45.458909+00:00,micronaut,ok,UP,2026-10-02T19:30:44.527395364Z
micronaut,2026-10-02T19:30:45.459857+00:00,statlite-self,ok,UP,2026-10-02T19:30:37.504579572Z
micronaut,2026-10-02T19:30:55.490841+00:00,spring,error,UP,2026-10-02T19:02:34.493136798Z
micronaut,2026-10-02T19:30:55.491732+00:00,quarkus,error,UP,2026-10-02T19:17:34.494240508Z
micronaut,2026-10-02T19:30:55.492497+00:00,micronaut,ok,UP,2026-10-02T19:30:54.511567992Z
micronaut,2026-10-02T19:30:55.493188+00:00,statlite-self,ok,UP,2026-10-02T19:30:47.502825188Z
micronaut,2026-10-02T19:31:05.476250+00:00,spring,error,UP,2026-10-02T19:02:34.493136798Z
micronaut,2026-10-02T19:31:05.477195+00:00,quarkus,error,UP,2026-10-02T19:17:34.494240508Z
micronaut,2026-10-02T19:31:05.477985+00:00,micronaut,ok,UP,2026-10-02T19:31:04.518253233Z
micronaut,2026-10-02T19:31:05.478629+00:00,statlite-self,ok,UP,2026-10-02T19:30:57.50360109Z
micronaut,2026-10-02T19:31:15.450985+00:00,spring,error,UP,2026-10-02T19:02:34.493136798Z
micronaut,2026-10-02T19:31:15.451990+00:00,quarkus,error,UP,2026-10-02T19:17:34.494240508Z
micronaut,2026-10-02T19:31:15.452711+00:00,micronaut,ok,UP,2026-10-02T19:31:14.536005115Z
micronaut,2026-10-02T19:31:15.453437+00:00,statlite-self,ok,UP,2026-10-02T19:31:07.503801912Z
micronaut,2026-10-02T19:31:25.452491+00:00,spring,error,UP,2026-10-02T19:02:34.493136798Z
micronaut,2026-10-02T19:31:25.453533+00:00,quarkus,error,UP,2026-10-02T19:17:34.494240508Z
micronaut,2026-10-02T19:31:25.454330+00:00,micronaut,ok,UP,2026-10-02T19:31:24.527631324Z
micronaut,2026-10-02T19:31:25.455257+00:00,statlite-self,ok,UP,2026-10-02T19:31:17.504055584Z
micronaut,2026-10-02T19:31:35.460083+00:00,spring,error,UP,2026-10-02T19:02:34.493136798Z
micronaut,2026-10-02T19:31:35.461130+00:00,quarkus,error,UP,2026-10-02T19:17:34.494240508Z
micronaut,2026-10-02T19:31:35.461901+00:00,micronaut,ok,UP,2026-10-02T19:31:34.51960165Z
micronaut,2026-10-02T19:31:35.462622+00:00,statlite-self,ok,UP,2026-10-02T19:31:27.503098507Z
micronaut,2026-10-02T19:31:45.454243+00:00,spring,error,UP,2026-10-02T19:02:34.493136798Z
micronaut,2026-10-02T19:31:45.455301+00:00,quarkus,error,UP,2026-10-02T19:17:34.494240508Z
micronaut,2026-10-02T19:31:45.456174+00:00,micronaut,ok,UP,2026-10-02T19:31:44.510474843Z
micronaut,2026-10-02T19:31:45.456938+00:00,statlite-self,ok,UP,2026-10-02T19:31:37.504396236Z
micronaut,2026-10-02T19:31:55.472541+00:00,spring,error,UP,2026-10-02T19:02:34.493136798Z
micronaut,2026-10-02T19:31:55.473444+00:00,quarkus,error,UP,2026-10-02T19:17:34.494240508Z
micronaut,2026-10-02T19:31:55.474124+00:00,micronaut,ok,UP,2026-10-02T19:31:54.513202482Z
micronaut,2026-10-02T19:31:55.474804+00:00,statlite-self,ok,UP,2026-10-02T19:31:47.503216789Z
micronaut,2026-10-02T19:32:05.496959+00:00,spring,error,UP,2026-10-02T19:02:34.493136798Z
micronaut,2026-10-02T19:32:05.497908+00:00,quarkus,error,UP,2026-10-02T19:17:34.494240508Z
micronaut,2026-10-02T19:32:05.498787+00:00,micronaut,ok,UP,2026-10-02T19:32:04.524082287Z
micronaut,2026-10-02T19:32:05.499736+00:00,statlite-self,ok,UP,2026-10-02T19:31:57.504512854Z
micronaut,2026-10-02T19:32:15.470263+00:00,spring,error,UP,2026-10-02T19:02:34.493136798Z
micronaut,2026-10-02T19:32:15.471066+00:00,quarkus,error,UP,2026-10-02T19:17:34.494240508Z
micronaut,2026-10-02T19:32:15.471736+00:00,micronaut,ok,UP,2026-10-02T19:32:14.526588954Z
micronaut,2026-10-02T19:32:15.472473+00:00,statlite-self,ok,UP,2026-10-02T19:32:07.50288987Z
micronaut,2026-10-02T19:32:25.481202+00:00,spring,error,UP,2026-10-02T19:02:34.493136798Z
micronaut,2026-10-02T19:32:25.482100+00:00,quarkus,error,UP,2026-10-02T19:17:34.494240508Z
micronaut,2026-10-02T19:32:25.482892+00:00,micronaut,ok,UP,2026-10-02T19:32:24.524855814Z
micronaut,2026-10-02T19:32:25.483788+00:00,statlite-self,ok,UP,2026-10-02T19:32:17.503877376Z
micronaut,2026-10-02T19:32:35.476664+00:00,spring,error,UP,2026-10-02T19:02:34.493136798Z
micronaut,2026-10-02T19:32:35.477376+00:00,quarkus,error,UP,2026-10-02T19:17:34.494240508Z
micronaut,2026-10-02T19:32:35.478020+00:00,micronaut,ok,UP,2026-10-02T19:32:34.518316967Z
micronaut,2026-10-02T19:32:35.478562+00:00,statlite-self,ok,UP,2026-10-02T19:32:27.504599591Z
shared,2026-10-02T19:32:55.511139+00:00,spring,ok,UP,2026-10-02T19:32:54.606383033Z
shared,2026-10-02T19:32:55.511806+00:00,quarkus,ok,UP,2026-10-02T19:32:54.598330023Z
shared,2026-10-02T19:32:55.512324+00:00,micronaut,error,UP,2026-10-02T19:32:44.508655911Z
shared,2026-10-02T19:32:55.512802+00:00,statlite-self,ok,UP,2026-10-02T19:32:47.504711009Z
shared,2026-10-02T19:33:05.552065+00:00,spring,ok,UP,2026-10-02T19:33:04.546808479Z
shared,2026-10-02T19:33:05.552793+00:00,quarkus,ok,UP,2026-10-02T19:33:04.540309719Z
shared,2026-10-02T19:33:05.553379+00:00,micronaut,ok,UP,2026-10-02T19:33:04.605623166Z
shared,2026-10-02T19:33:05.553858+00:00,statlite-self,ok,UP,2026-10-02T19:32:57.503598052Z
shared,2026-10-02T19:33:15.523196+00:00,spring,ok,UP,2026-10-02T19:33:14.526022873Z
shared,2026-10-02T19:33:15.523878+00:00,quarkus,ok,UP,2026-10-02T19:33:14.531638003Z
shared,2026-10-02T19:33:15.524403+00:00,micronaut,ok,UP,2026-10-02T19:33:14.561820774Z
shared,2026-10-02T19:33:15.524858+00:00,statlite-self,ok,UP,2026-10-02T19:33:07.502911864Z
shared,2026-10-02T19:33:25.542544+00:00,spring,ok,UP,2026-10-02T19:33:24.536828042Z
shared,2026-10-02T19:33:25.543255+00:00,quarkus,ok,UP,2026-10-02T19:33:24.53122426Z
shared,2026-10-02T19:33:25.543822+00:00,micronaut,ok,UP,2026-10-02T19:33:24.550143235Z
shared,2026-10-02T19:33:25.544563+00:00,statlite-self,ok,UP,2026-10-02T19:33:17.504518471Z
shared,2026-10-02T19:33:35.533802+00:00,spring,ok,UP,2026-10-02T19:33:34.527306867Z
shared,2026-10-02T19:33:35.534710+00:00,quarkus,ok,UP,2026-10-02T19:33:34.519622715Z
shared,2026-10-02T19:33:35.535521+00:00,micronaut,ok,UP,2026-10-02T19:33:34.55229944Z
shared,2026-10-02T19:33:35.536324+00:00,statlite-self,ok,UP,2026-10-02T19:33:27.503040677Z
shared,2026-10-02T19:33:45.562194+00:00,spring,ok,UP,2026-10-02T19:33:44.533749503Z
shared,2026-10-02T19:33:45.563136+00:00,quarkus,ok,UP,2026-10-02T19:33:44.52386099Z
shared,2026-10-02T19:33:45.563788+00:00,micronaut,ok,UP,2026-10-02T19:33:44.543634346Z
shared,2026-10-02T19:33:45.564372+00:00,statlite-self,ok,UP,2026-10-02T19:33:37.504384036Z
shared,2026-10-02T19:33:55.543353+00:00,spring,ok,UP,2026-10-02T19:33:54.59004104Z
shared,2026-10-02T19:33:55.544267+00:00,quarkus,ok,UP,2026-10-02T19:33:54.511883027Z
shared,2026-10-02T19:33:55.544936+00:00,micronaut,ok,UP,2026-10-02T19:33:54.589350972Z
shared,2026-10-02T19:33:55.545587+00:00,statlite-self,ok,UP,2026-10-02T19:33:47.502799164Z
shared,2026-10-02T19:34:05.514261+00:00,spring,ok,UP,2026-10-02T19:34:04.517838416Z
shared,2026-10-02T19:34:05.514996+00:00,quarkus,ok,UP,2026-10-02T19:34:04.514205422Z
shared,2026-10-02T19:34:05.515689+00:00,micronaut,ok,UP,2026-10-02T19:34:04.545299182Z
shared,2026-10-02T19:34:05.516461+00:00,statlite-self,ok,UP,2026-10-02T19:33:57.50330276Z
shared,2026-10-02T19:34:15.542330+00:00,spring,ok,UP,2026-10-02T19:34:14.53229196Z
shared,2026-10-02T19:34:15.543338+00:00,quarkus,ok,UP,2026-10-02T19:34:14.510759489Z
shared,2026-10-02T19:34:15.544143+00:00,micronaut,ok,UP,2026-10-02T19:34:14.544731068Z
shared,2026-10-02T19:34:15.544900+00:00,statlite-self,ok,UP,2026-10-02T19:34:07.502699054Z
shared,2026-10-02T19:34:25.516332+00:00,spring,ok,UP,2026-10-02T19:34:24.533961151Z
shared,2026-10-02T19:34:25.517132+00:00,quarkus,ok,UP,2026-10-02T19:34:24.510904656Z
shared,2026-10-02T19:34:25.518596+00:00,micronaut,ok,UP,2026-10-02T19:34:24.554640444Z
shared,2026-10-02T19:34:25.519229+00:00,statlite-self,ok,UP,2026-10-02T19:34:17.503665787Z
shared,2026-10-02T19:34:35.511953+00:00,spring,ok,UP,2026-10-02T19:34:34.53230619Z
shared,2026-10-02T19:34:35.512595+00:00,quarkus,ok,UP,2026-10-02T19:34:34.516241665Z
shared,2026-10-02T19:34:35.513225+00:00,micronaut,ok,UP,2026-10-02T19:34:34.552329808Z
shared,2026-10-02T19:34:35.513703+00:00,statlite-self,ok,UP,2026-10-02T19:34:27.503563648Z
shared,2026-10-02T19:34:45.538098+00:00,spring,ok,UP,2026-10-02T19:34:44.573475513Z
shared,2026-10-02T19:34:45.539072+00:00,quarkus,ok,UP,2026-10-02T19:34:44.542362349Z
shared,2026-10-02T19:34:45.539701+00:00,micronaut,ok,UP,2026-10-02T19:34:44.636915613Z
shared,2026-10-02T19:34:45.540461+00:00,statlite-self,ok,UP,2026-10-02T19:34:37.515079662Z
shared,2026-10-02T19:34:55.527581+00:00,spring,ok,UP,2026-10-02T19:34:54.522029592Z
shared,2026-10-02T19:34:55.528571+00:00,quarkus,ok,UP,2026-10-02T19:34:54.511339236Z
shared,2026-10-02T19:34:55.529422+00:00,micronaut,ok,UP,2026-10-02T19:34:54.556610029Z
shared,2026-10-02T19:34:55.530358+00:00,statlite-self,ok,UP,2026-10-02T19:34:47.502669909Z
shared,2026-10-02T19:35:05.512377+00:00,spring,ok,UP,2026-10-02T19:35:04.511613374Z
shared,2026-10-02T19:35:05.513364+00:00,quarkus,ok,UP,2026-10-02T19:35:04.515745454Z
shared,2026-10-02T19:35:05.514141+00:00,micronaut,ok,UP,2026-10-02T19:35:04.562552306Z
shared,2026-10-02T19:35:05.514875+00:00,statlite-self,ok,UP,2026-10-02T19:34:57.50470845Z
shared,2026-10-02T19:35:15.558698+00:00,spring,ok,UP,2026-10-02T19:35:14.518197384Z
shared,2026-10-02T19:35:15.559633+00:00,quarkus,ok,UP,2026-10-02T19:35:14.516074723Z
shared,2026-10-02T19:35:15.560429+00:00,micronaut,ok,UP,2026-10-02T19:35:14.547372082Z
shared,2026-10-02T19:35:15.561142+00:00,statlite-self,ok,UP,2026-10-02T19:35:07.503188037Z
shared,2026-10-02T19:35:25.535246+00:00,spring,ok,UP,2026-10-02T19:35:24.515562722Z
shared,2026-10-02T19:35:25.536123+00:00,quarkus,ok,UP,2026-10-02T19:35:24.5184381Z
shared,2026-10-02T19:35:25.536762+00:00,micronaut,ok,UP,2026-10-02T19:35:24.554860194Z
shared,2026-10-02T19:35:25.537374+00:00,statlite-self,ok,UP,2026-10-02T19:35:17.503500094Z
shared,2026-10-02T19:35:35.560981+00:00,spring,ok,UP,2026-10-02T19:35:34.515219386Z
shared,2026-10-02T19:35:35.562039+00:00,quarkus,ok,UP,2026-10-02T19:35:34.514982756Z
shared,2026-10-02T19:35:35.562902+00:00,micronaut,ok,UP,2026-10-02T19:35:34.535654101Z
shared,2026-10-02T19:35:35.563764+00:00,statlite-self,ok,UP,2026-10-02T19:35:27.503495836Z
shared,2026-10-02T19:35:45.537353+00:00,spring,ok,UP,2026-10-02T19:35:44.506407493Z
shared,2026-10-02T19:35:45.538280+00:00,quarkus,ok,UP,2026-10-02T19:35:44.512587807Z
shared,2026-10-02T19:35:45.539123+00:00,micronaut,ok,UP,2026-10-02T19:35:44.53727801Z
shared,2026-10-02T19:35:45.539874+00:00,statlite-self,ok,UP,2026-10-02T19:35:37.503567436Z
shared,2026-10-02T19:35:55.538146+00:00,spring,ok,UP,2026-10-02T19:35:54.52704183Z
shared,2026-10-02T19:35:55.539030+00:00,quarkus,ok,UP,2026-10-02T19:35:54.507979963Z
shared,2026-10-02T19:35:55.539797+00:00,micronaut,ok,UP,2026-10-02T19:35:54.573264709Z
shared,2026-10-02T19:35:55.540667+00:00,statlite-self,ok,UP,2026-10-02T19:35:47.503571326Z
shared,2026-10-02T19:36:05.525486+00:00,spring,ok,UP,2026-10-02T19:36:04.525605066Z
shared,2026-10-02T19:36:05.526089+00:00,quarkus,ok,UP,2026-10-02T19:36:04.530842862Z
shared,2026-10-02T19:36:05.528297+00:00,micronaut,ok,UP,2026-10-02T19:36:04.553238912Z
shared,2026-10-02T19:36:05.528816+00:00,statlite-self,ok,UP,2026-10-02T19:35:57.504301093Z
shared,2026-10-02T19:36:15.553624+00:00,spring,ok,UP,2026-10-02T19:36:14.529928763Z
shared,2026-10-02T19:36:15.554550+00:00,quarkus,ok,UP,2026-10-02T19:36:14.508031935Z
shared,2026-10-02T19:36:15.555445+00:00,micronaut,ok,UP,2026-10-02T19:36:14.540715903Z
shared,2026-10-02T19:36:15.556356+00:00,statlite-self,ok,UP,2026-10-02T19:36:07.503742052Z
shared,2026-10-02T19:36:25.537361+00:00,spring,ok,UP,2026-10-02T19:36:24.515619032Z
shared,2026-10-02T19:36:25.538194+00:00,quarkus,ok,UP,2026-10-02T19:36:24.51593968Z
shared,2026-10-02T19:36:25.539165+00:00,micronaut,ok,UP,2026-10-02T19:36:24.547074978Z
shared,2026-10-02T19:36:25.539909+00:00,statlite-self,ok,UP,2026-10-02T19:36:17.505856265Z
shared,2026-10-02T19:36:35.517304+00:00,spring,ok,UP,2026-10-02T19:36:34.517425402Z
shared,2026-10-02T19:36:35.518186+00:00,quarkus,ok,UP,2026-10-02T19:36:34.507609777Z
shared,2026-10-02T19:36:35.519163+00:00,micronaut,ok,UP,2026-10-02T19:36:34.551410511Z
shared,2026-10-02T19:36:35.520097+00:00,statlite-self,ok,UP,2026-10-02T19:36:27.503783525Z
shared,2026-10-02T19:36:45.543161+00:00,spring,ok,UP,2026-10-02T19:36:44.517696983Z
shared,2026-10-02T19:36:45.544097+00:00,quarkus,ok,UP,2026-10-02T19:36:44.503126663Z
shared,2026-10-02T19:36:45.544850+00:00,micronaut,ok,UP,2026-10-02T19:36:44.530572128Z
shared,2026-10-02T19:36:45.545602+00:00,statlite-self,ok,UP,2026-10-02T19:36:37.503333759Z
shared,2026-10-02T19:36:55.548787+00:00,spring,ok,UP,2026-10-02T19:36:54.519386129Z
shared,2026-10-02T19:36:55.549527+00:00,quarkus,ok,UP,2026-10-02T19:36:54.503782984Z
shared,2026-10-02T19:36:55.550149+00:00,micronaut,ok,UP,2026-10-02T19:36:54.544681168Z
shared,2026-10-02T19:36:55.550720+00:00,statlite-self,ok,UP,2026-10-02T19:36:47.50319925Z
shared,2026-10-02T19:37:05.522340+00:00,spring,ok,UP,2026-10-02T19:37:04.527165405Z
shared,2026-10-02T19:37:05.523230+00:00,quarkus,ok,UP,2026-10-02T19:37:04.507318789Z
shared,2026-10-02T19:37:05.524055+00:00,micronaut,ok,UP,2026-10-02T19:37:04.552628915Z
shared,2026-10-02T19:37:05.524822+00:00,statlite-self,ok,UP,2026-10-02T19:36:57.50276863Z
shared,2026-10-02T19:37:15.558555+00:00,spring,ok,UP,2026-10-02T19:37:14.511223786Z
shared,2026-10-02T19:37:15.559450+00:00,quarkus,ok,UP,2026-10-02T19:37:14.504186533Z
shared,2026-10-02T19:37:15.560327+00:00,micronaut,ok,UP,2026-10-02T19:37:14.539207136Z
shared,2026-10-02T19:37:15.561139+00:00,statlite-self,ok,UP,2026-10-02T19:37:07.502764058Z
shared,2026-10-02T19:37:25.534326+00:00,spring,ok,UP,2026-10-02T19:37:24.513422929Z
shared,2026-10-02T19:37:25.535449+00:00,quarkus,ok,UP,2026-10-02T19:37:24.505802389Z
shared,2026-10-02T19:37:25.536418+00:00,micronaut,ok,UP,2026-10-02T19:37:24.545363769Z
shared,2026-10-02T19:37:25.537094+00:00,statlite-self,ok,UP,2026-10-02T19:37:17.505075469Z
shared,2026-10-02T19:37:35.519234+00:00,spring,ok,UP,2026-10-02T19:37:34.512755893Z
shared,2026-10-02T19:37:35.519855+00:00,quarkus,ok,UP,2026-10-02T19:37:34.515928039Z
shared,2026-10-02T19:37:35.520426+00:00,micronaut,ok,UP,2026-10-02T19:37:34.554402481Z
shared,2026-10-02T19:37:35.521025+00:00,statlite-self,ok,UP,2026-10-02T19:37:27.503310865Z
shared,2026-10-02T19:37:45.551678+00:00,spring,ok,UP,2026-10-02T19:37:44.511610008Z
shared,2026-10-02T19:37:45.552621+00:00,quarkus,ok,UP,2026-10-02T19:37:44.507531635Z
shared,2026-10-02T19:37:45.553411+00:00,micronaut,ok,UP,2026-10-02T19:37:44.543801257Z
shared,2026-10-02T19:37:45.554128+00:00,statlite-self,ok,UP,2026-10-02T19:37:37.503091534Z
shared,2026-10-02T19:37:55.523785+00:00,spring,ok,UP,2026-10-02T19:37:54.506253035Z
shared,2026-10-02T19:37:55.524914+00:00,quarkus,ok,UP,2026-10-02T19:37:54.508153489Z
shared,2026-10-02T19:37:55.526020+00:00,micronaut,ok,UP,2026-10-02T19:37:54.525124799Z
shared,2026-10-02T19:37:55.526753+00:00,statlite-self,ok,UP,2026-10-02T19:37:47.502583718Z
shared,2026-10-02T19:38:05.551160+00:00,spring,ok,UP,2026-10-02T19:38:04.517416399Z
shared,2026-10-02T19:38:05.552156+00:00,quarkus,ok,UP,2026-10-02T19:38:04.501234145Z
shared,2026-10-02T19:38:05.553020+00:00,micronaut,ok,UP,2026-10-02T19:38:04.554906627Z
shared,2026-10-02T19:38:05.553820+00:00,statlite-self,ok,UP,2026-10-02T19:37:57.505003675Z
shared,2026-10-02T19:38:15.529634+00:00,spring,ok,UP,2026-10-02T19:38:14.505335571Z
shared,2026-10-02T19:38:15.530581+00:00,quarkus,ok,UP,2026-10-02T19:38:14.507406697Z
shared,2026-10-02T19:38:15.531214+00:00,micronaut,ok,UP,2026-10-02T19:38:14.536317566Z
shared,2026-10-02T19:38:15.531846+00:00,statlite-self,ok,UP,2026-10-02T19:38:07.50310028Z
shared,2026-10-02T19:38:25.524753+00:00,spring,ok,UP,2026-10-02T19:38:24.515875812Z
shared,2026-10-02T19:38:25.525582+00:00,quarkus,ok,UP,2026-10-02T19:38:24.505747785Z
shared,2026-10-02T19:38:25.526305+00:00,micronaut,ok,UP,2026-10-02T19:38:24.542194701Z
shared,2026-10-02T19:38:25.527035+00:00,statlite-self,ok,UP,2026-10-02T19:38:17.504763764Z
shared,2026-10-02T19:38:35.519429+00:00,spring,ok,UP,2026-10-02T19:38:34.526542875Z
shared,2026-10-02T19:38:35.520327+00:00,quarkus,ok,UP,2026-10-02T19:38:34.502698435Z
shared,2026-10-02T19:38:35.521172+00:00,micronaut,ok,UP,2026-10-02T19:38:34.539592981Z
shared,2026-10-02T19:38:35.521951+00:00,statlite-self,ok,UP,2026-10-02T19:38:27.502963297Z
shared,2026-10-02T19:38:45.546470+00:00,spring,ok,UP,2026-10-02T19:38:44.51757393Z
shared,2026-10-02T19:38:45.547154+00:00,quarkus,ok,UP,2026-10-02T19:38:44.498705053Z
shared,2026-10-02T19:38:45.547747+00:00,micronaut,ok,UP,2026-10-02T19:38:44.542947348Z
shared,2026-10-02T19:38:45.548298+00:00,statlite-self,ok,UP,2026-10-02T19:38:37.504981393Z
shared,2026-10-02T19:38:55.535898+00:00,spring,ok,UP,2026-10-02T19:38:54.507624684Z
shared,2026-10-02T19:38:55.536752+00:00,quarkus,ok,UP,2026-10-02T19:38:54.509180667Z
shared,2026-10-02T19:38:55.537635+00:00,micronaut,ok,UP,2026-10-02T19:38:54.535574105Z
shared,2026-10-02T19:38:55.538418+00:00,statlite-self,ok,UP,2026-10-02T19:38:47.502839717Z
shared,2026-10-02T19:39:05.558564+00:00,spring,ok,UP,2026-10-02T19:39:04.515476219Z
shared,2026-10-02T19:39:05.559428+00:00,quarkus,ok,UP,2026-10-02T19:39:04.5028005Z
shared,2026-10-02T19:39:05.560133+00:00,micronaut,ok,UP,2026-10-02T19:39:04.530992924Z
shared,2026-10-02T19:39:05.560745+00:00,statlite-self,ok,UP,2026-10-02T19:38:57.504224279Z
shared,2026-10-02T19:39:15.533477+00:00,spring,ok,UP,2026-10-02T19:39:14.512320871Z
shared,2026-10-02T19:39:15.534386+00:00,quarkus,ok,UP,2026-10-02T19:39:14.513228673Z
shared,2026-10-02T19:39:15.535158+00:00,micronaut,ok,UP,2026-10-02T19:39:14.541714783Z
shared,2026-10-02T19:39:15.536114+00:00,statlite-self,ok,UP,2026-10-02T19:39:07.503412779Z
shared,2026-10-02T19:39:25.554844+00:00,spring,ok,UP,2026-10-02T19:39:24.514636761Z
shared,2026-10-02T19:39:25.555718+00:00,quarkus,ok,UP,2026-10-02T19:39:24.510102701Z
shared,2026-10-02T19:39:25.556580+00:00,micronaut,ok,UP,2026-10-02T19:39:24.543350608Z
shared,2026-10-02T19:39:25.557377+00:00,statlite-self,ok,UP,2026-10-02T19:39:17.503818951Z
shared,2026-10-02T19:39:35.547626+00:00,spring,ok,UP,2026-10-02T19:39:34.514815377Z
shared,2026-10-02T19:39:35.548686+00:00,quarkus,ok,UP,2026-10-02T19:39:34.506347837Z
shared,2026-10-02T19:39:35.549455+00:00,micronaut,ok,UP,2026-10-02T19:39:34.539740399Z
shared,2026-10-02T19:39:35.550139+00:00,statlite-self,ok,UP,2026-10-02T19:39:27.504612992Z
shared,2026-10-02T19:39:45.544756+00:00,spring,ok,UP,2026-10-02T19:39:44.505758949Z
shared,2026-10-02T19:39:45.545778+00:00,quarkus,ok,UP,2026-10-02T19:39:44.502504652Z
shared,2026-10-02T19:39:45.546593+00:00,micronaut,ok,UP,2026-10-02T19:39:44.534122454Z
shared,2026-10-02T19:39:45.547394+00:00,statlite-self,ok,UP,2026-10-02T19:39:37.503682226Z
shared,2026-10-02T19:39:55.518760+00:00,spring,ok,UP,2026-10-02T19:39:54.511320654Z
shared,2026-10-02T19:39:55.519642+00:00,quarkus,ok,UP,2026-10-02T19:39:54.504560546Z
shared,2026-10-02T19:39:55.520505+00:00,micronaut,ok,UP,2026-10-02T19:39:54.53496957Z
shared,2026-10-02T19:39:55.521266+00:00,statlite-self,ok,UP,2026-10-02T19:39:47.503500818Z
shared,2026-10-02T19:40:05.524363+00:00,spring,ok,UP,2026-10-02T19:40:04.517563862Z
shared,2026-10-02T19:40:05.525222+00:00,quarkus,ok,UP,2026-10-02T19:40:04.510831184Z
shared,2026-10-02T19:40:05.526037+00:00,micronaut,ok,UP,2026-10-02T19:40:04.550859591Z
shared,2026-10-02T19:40:05.526760+00:00,statlite-self,ok,UP,2026-10-02T19:39:57.505049994Z
shared,2026-10-02T19:40:15.555161+00:00,spring,ok,UP,2026-10-02T19:40:14.511363104Z
shared,2026-10-02T19:40:15.556131+00:00,quarkus,ok,UP,2026-10-02T19:40:14.504763537Z
shared,2026-10-02T19:40:15.556858+00:00,micronaut,ok,UP,2026-10-02T19:40:14.535312554Z
shared,2026-10-02T19:40:15.557778+00:00,statlite-self,ok,UP,2026-10-02T19:40:07.503303255Z
shared,2026-10-02T19:40:25.534555+00:00,spring,ok,UP,2026-10-02T19:40:24.515131137Z
shared,2026-10-02T19:40:25.535493+00:00,quarkus,ok,UP,2026-10-02T19:40:24.499833225Z
shared,2026-10-02T19:40:25.536303+00:00,micronaut,ok,UP,2026-10-02T19:40:24.544441455Z
shared,2026-10-02T19:40:25.537043+00:00,statlite-self,ok,UP,2026-10-02T19:40:17.503790942Z
shared,2026-10-02T19:40:35.555105+00:00,spring,ok,UP,2026-10-02T19:40:34.515179861Z
shared,2026-10-02T19:40:35.556091+00:00,quarkus,ok,UP,2026-10-02T19:40:34.506602714Z
shared,2026-10-02T19:40:35.557135+00:00,micronaut,ok,UP,2026-10-02T19:40:34.541176133Z
shared,2026-10-02T19:40:35.558160+00:00,statlite-self,ok,UP,2026-10-02T19:40:27.502511187Z
shared,2026-10-02T19:40:45.532340+00:00,spring,ok,UP,2026-10-02T19:40:44.513386528Z
shared,2026-10-02T19:40:45.533171+00:00,quarkus,ok,UP,2026-10-02T19:40:44.507563393Z
shared,2026-10-02T19:40:45.533998+00:00,micronaut,ok,UP,2026-10-02T19:40:44.545432365Z
shared,2026-10-02T19:40:45.534817+00:00,statlite-self,ok,UP,2026-10-02T19:40:37.503774829Z
shared,2026-10-02T19:40:55.538096+00:00,spring,ok,UP,2026-10-02T19:40:54.519015112Z
shared,2026-10-02T19:40:55.539035+00:00,quarkus,ok,UP,2026-10-02T19:40:54.5060107Z
shared,2026-10-02T19:40:55.539800+00:00,micronaut,ok,UP,2026-10-02T19:40:54.555311719Z
shared,2026-10-02T19:40:55.540575+00:00,statlite-self,ok,UP,2026-10-02T19:40:47.503373491Z
shared,2026-10-02T19:41:05.516064+00:00,spring,ok,UP,2026-10-02T19:41:04.542230361Z
shared,2026-10-02T19:41:05.516810+00:00,quarkus,ok,UP,2026-10-02T19:41:04.510138421Z
shared,2026-10-02T19:41:05.517402+00:00,micronaut,ok,UP,2026-10-02T19:41:04.555665735Z
shared,2026-10-02T19:41:05.518014+00:00,statlite-self,ok,UP,2026-10-02T19:40:57.504534546Z
shared,2026-10-02T19:41:15.545888+00:00,spring,ok,UP,2026-10-02T19:41:14.516426949Z
shared,2026-10-02T19:41:15.546908+00:00,quarkus,ok,UP,2026-10-02T19:41:14.512369514Z
shared,2026-10-02T19:41:15.547768+00:00,micronaut,ok,UP,2026-10-02T19:41:14.530067856Z
shared,2026-10-02T19:41:15.548559+00:00,statlite-self,ok,UP,2026-10-02T19:41:07.50407707Z
shared,2026-10-02T19:41:25.527094+00:00,spring,ok,UP,2026-10-02T19:41:24.516365403Z
shared,2026-10-02T19:41:25.528101+00:00,quarkus,ok,UP,2026-10-02T19:41:24.510902474Z
shared,2026-10-02T19:41:25.528835+00:00,micronaut,ok,UP,2026-10-02T19:41:24.539662842Z
shared,2026-10-02T19:41:25.529588+00:00,statlite-self,ok,UP,2026-10-02T19:41:17.504084438Z
shared,2026-10-02T19:41:35.553573+00:00,spring,ok,UP,2026-10-02T19:41:34.517331548Z
shared,2026-10-02T19:41:35.554670+00:00,quarkus,ok,UP,2026-10-02T19:41:34.493271444Z
shared,2026-10-02T19:41:35.555512+00:00,micronaut,ok,UP,2026-10-02T19:41:34.535557145Z
shared,2026-10-02T19:41:35.556319+00:00,statlite-self,ok,UP,2026-10-02T19:41:27.502737676Z
shared,2026-10-02T19:41:45.535935+00:00,spring,ok,UP,2026-10-02T19:41:44.501773657Z
shared,2026-10-02T19:41:45.536879+00:00,quarkus,ok,UP,2026-10-02T19:41:44.531918643Z
shared,2026-10-02T19:41:45.537635+00:00,micronaut,ok,UP,2026-10-02T19:41:44.570067039Z
shared,2026-10-02T19:41:45.538483+00:00,statlite-self,ok,UP,2026-10-02T19:41:37.505651175Z
shared,2026-10-02T19:41:55.517499+00:00,spring,ok,UP,2026-10-02T19:41:54.512173426Z
shared,2026-10-02T19:41:55.518232+00:00,quarkus,ok,UP,2026-10-02T19:41:54.513392192Z
shared,2026-10-02T19:41:55.518801+00:00,micronaut,ok,UP,2026-10-02T19:41:54.550042581Z
shared,2026-10-02T19:41:55.519379+00:00,statlite-self,ok,UP,2026-10-02T19:41:47.504452349Z
shared,2026-10-02T19:42:05.525978+00:00,spring,ok,UP,2026-10-02T19:42:04.522994242Z
shared,2026-10-02T19:42:05.527054+00:00,quarkus,ok,UP,2026-10-02T19:42:04.502100914Z
shared,2026-10-02T19:42:05.527918+00:00,micronaut,ok,UP,2026-10-02T19:42:04.546500056Z
shared,2026-10-02T19:42:05.528679+00:00,statlite-self,ok,UP,2026-10-02T19:41:57.503942015Z
shared,2026-10-02T19:42:15.521662+00:00,spring,ok,UP,2026-10-02T19:42:14.509732536Z
shared,2026-10-02T19:42:15.522612+00:00,quarkus,ok,UP,2026-10-02T19:42:14.496307314Z
shared,2026-10-02T19:42:15.523409+00:00,micronaut,ok,UP,2026-10-02T19:42:14.536669836Z
shared,2026-10-02T19:42:15.524241+00:00,statlite-self,ok,UP,2026-10-02T19:42:07.503008866Z
shared,2026-10-02T19:42:25.548430+00:00,spring,ok,UP,2026-10-02T19:42:24.509624604Z
shared,2026-10-02T19:42:25.549493+00:00,quarkus,ok,UP,2026-10-02T19:42:24.49693168Z
shared,2026-10-02T19:42:25.550205+00:00,micronaut,ok,UP,2026-10-02T19:42:24.53238543Z
shared,2026-10-02T19:42:25.551032+00:00,statlite-self,ok,UP,2026-10-02T19:42:17.504217333Z
shared,2026-10-02T19:42:35.532029+00:00,spring,ok,UP,2026-10-02T19:42:34.51451936Z
shared,2026-10-02T19:42:35.533001+00:00,quarkus,ok,UP,2026-10-02T19:42:34.500854781Z
shared,2026-10-02T19:42:35.533814+00:00,micronaut,ok,UP,2026-10-02T19:42:34.541041941Z
shared,2026-10-02T19:42:35.534537+00:00,statlite-self,ok,UP,2026-10-02T19:42:27.504173551Z
shared,2026-10-02T19:42:45.518512+00:00,spring,ok,UP,2026-10-02T19:42:44.505388127Z
shared,2026-10-02T19:42:45.519434+00:00,quarkus,ok,UP,2026-10-02T19:42:44.516518961Z
shared,2026-10-02T19:42:45.520227+00:00,micronaut,ok,UP,2026-10-02T19:42:44.540238425Z
shared,2026-10-02T19:42:45.521072+00:00,statlite-self,ok,UP,2026-10-02T19:42:37.50428464Z
shared,2026-10-02T19:42:55.546906+00:00,spring,ok,UP,2026-10-02T19:42:54.520228213Z
shared,2026-10-02T19:42:55.547899+00:00,quarkus,ok,UP,2026-10-02T19:42:54.504772195Z
shared,2026-10-02T19:42:55.548754+00:00,micronaut,ok,UP,2026-10-02T19:42:54.54343708Z
shared,2026-10-02T19:42:55.549604+00:00,statlite-self,ok,UP,2026-10-02T19:42:47.504354783Z
shared,2026-10-02T19:43:05.522222+00:00,spring,ok,UP,2026-10-02T19:43:04.507885513Z
shared,2026-10-02T19:43:05.523374+00:00,quarkus,ok,UP,2026-10-02T19:43:04.512898914Z
shared,2026-10-02T19:43:05.524186+00:00,micronaut,ok,UP,2026-10-02T19:43:04.544855762Z
shared,2026-10-02T19:43:05.524755+00:00,statlite-self,ok,UP,2026-10-02T19:42:57.504691851Z
shared,2026-10-02T19:43:15.541919+00:00,spring,ok,UP,2026-10-02T19:43:14.517623516Z
shared,2026-10-02T19:43:15.542472+00:00,quarkus,ok,UP,2026-10-02T19:43:14.504921158Z
shared,2026-10-02T19:43:15.543007+00:00,micronaut,ok,UP,2026-10-02T19:43:14.538207541Z
shared,2026-10-02T19:43:15.543678+00:00,statlite-self,ok,UP,2026-10-02T19:43:07.503021923Z
shared,2026-10-02T19:43:25.543412+00:00,spring,ok,UP,2026-10-02T19:43:24.506481405Z
shared,2026-10-02T19:43:25.544059+00:00,quarkus,ok,UP,2026-10-02T19:43:24.497941746Z
shared,2026-10-02T19:43:25.544624+00:00,micronaut,ok,UP,2026-10-02T19:43:24.532941216Z
shared,2026-10-02T19:43:25.545056+00:00,statlite-self,ok,UP,2026-10-02T19:43:17.503512198Z
shared,2026-10-02T19:43:35.542454+00:00,spring,ok,UP,2026-10-02T19:43:34.495346178Z
shared,2026-10-02T19:43:35.543006+00:00,quarkus,ok,UP,2026-10-02T19:43:34.506171104Z
shared,2026-10-02T19:43:35.543430+00:00,micronaut,ok,UP,2026-10-02T19:43:34.527377494Z
shared,2026-10-02T19:43:35.543871+00:00,statlite-self,ok,UP,2026-10-02T19:43:27.502404773Z
shared,2026-10-02T19:43:45.555842+00:00,spring,ok,UP,2026-10-02T19:43:44.508547134Z
shared,2026-10-02T19:43:45.556748+00:00,quarkus,ok,UP,2026-10-02T19:43:44.492484262Z
shared,2026-10-02T19:43:45.557541+00:00,micronaut,ok,UP,2026-10-02T19:43:44.52467755Z
shared,2026-10-02T19:43:45.558087+00:00,statlite-self,ok,UP,2026-10-02T19:43:37.503825888Z
shared,2026-10-02T19:43:55.560689+00:00,spring,ok,UP,2026-10-02T19:43:54.506849195Z
shared,2026-10-02T19:43:55.561689+00:00,quarkus,ok,UP,2026-10-02T19:43:54.501173652Z
shared,2026-10-02T19:43:55.562661+00:00,micronaut,ok,UP,2026-10-02T19:43:54.5441551Z
shared,2026-10-02T19:43:55.563581+00:00,statlite-self,ok,UP,2026-10-02T19:43:47.50263109Z
shared,2026-10-02T19:44:05.540269+00:00,spring,ok,UP,2026-10-02T19:44:04.502308621Z
shared,2026-10-02T19:44:05.541111+00:00,quarkus,ok,UP,2026-10-02T19:44:04.509948879Z
shared,2026-10-02T19:44:05.541860+00:00,micronaut,ok,UP,2026-10-02T19:44:04.56089351Z
shared,2026-10-02T19:44:05.542538+00:00,statlite-self,ok,UP,2026-10-02T19:43:57.505072202Z
shared,2026-10-02T19:44:15.526888+00:00,spring,ok,UP,2026-10-02T19:44:14.509732949Z
shared,2026-10-02T19:44:15.527840+00:00,quarkus,ok,UP,2026-10-02T19:44:14.501046134Z
shared,2026-10-02T19:44:15.528687+00:00,micronaut,ok,UP,2026-10-02T19:44:14.540541369Z
shared,2026-10-02T19:44:15.529304+00:00,statlite-self,ok,UP,2026-10-02T19:44:07.504426831Z
shared,2026-10-02T19:44:25.561436+00:00,spring,ok,UP,2026-10-02T19:44:24.504394608Z
shared,2026-10-02T19:44:25.562351+00:00,quarkus,ok,UP,2026-10-02T19:44:24.499908604Z
shared,2026-10-02T19:44:25.563137+00:00,micronaut,ok,UP,2026-10-02T19:44:24.532475726Z
shared,2026-10-02T19:44:25.563805+00:00,statlite-self,ok,UP,2026-10-02T19:44:17.503287946Z
shared,2026-10-02T19:44:35.516527+00:00,spring,ok,UP,2026-10-02T19:44:34.505808914Z
shared,2026-10-02T19:44:35.517430+00:00,quarkus,ok,UP,2026-10-02T19:44:34.50462229Z
shared,2026-10-02T19:44:35.518208+00:00,micronaut,ok,UP,2026-10-02T19:44:34.539170434Z
shared,2026-10-02T19:44:35.519018+00:00,statlite-self,ok,UP,2026-10-02T19:44:27.502525996Z
shared,2026-10-02T19:44:45.561145+00:00,spring,ok,UP,2026-10-02T19:44:44.496893092Z
shared,2026-10-02T19:44:45.562235+00:00,quarkus,ok,UP,2026-10-02T19:44:44.501411834Z
shared,2026-10-02T19:44:45.562962+00:00,micronaut,ok,UP,2026-10-02T19:44:44.524037338Z
shared,2026-10-02T19:44:45.563566+00:00,statlite-self,ok,UP,2026-10-02T19:44:37.505558768Z
shared,2026-10-02T19:44:55.537465+00:00,spring,ok,UP,2026-10-02T19:44:54.506570466Z
shared,2026-10-02T19:44:55.538270+00:00,quarkus,ok,UP,2026-10-02T19:44:54.497448212Z
shared,2026-10-02T19:44:55.538921+00:00,micronaut,ok,UP,2026-10-02T19:44:54.5385959Z
shared,2026-10-02T19:44:55.539530+00:00,statlite-self,ok,UP,2026-10-02T19:44:47.502872974Z
shared,2026-10-02T19:45:05.559005+00:00,spring,ok,UP,2026-10-02T19:45:04.50098266Z
shared,2026-10-02T19:45:05.560007+00:00,quarkus,ok,UP,2026-10-02T19:45:04.509514952Z
shared,2026-10-02T19:45:05.560759+00:00,micronaut,ok,UP,2026-10-02T19:45:04.537077456Z
shared,2026-10-02T19:45:05.561576+00:00,statlite-self,ok,UP,2026-10-02T19:44:57.503054002Z
shared,2026-10-02T19:45:15.540443+00:00,spring,ok,UP,2026-10-02T19:45:14.513799557Z
shared,2026-10-02T19:45:15.541454+00:00,quarkus,ok,UP,2026-10-02T19:45:14.503520714Z
shared,2026-10-02T19:45:15.542220+00:00,micronaut,ok,UP,2026-10-02T19:45:14.539752836Z
shared,2026-10-02T19:45:15.543025+00:00,statlite-self,ok,UP,2026-10-02T19:45:07.503039308Z
shared,2026-10-02T19:45:25.522877+00:00,spring,ok,UP,2026-10-02T19:45:24.510604788Z
shared,2026-10-02T19:45:25.523753+00:00,quarkus,ok,UP,2026-10-02T19:45:24.500581547Z
shared,2026-10-02T19:45:25.524787+00:00,micronaut,ok,UP,2026-10-02T19:45:24.551216382Z
shared,2026-10-02T19:45:25.525601+00:00,statlite-self,ok,UP,2026-10-02T19:45:17.504411109Z
shared,2026-10-02T19:45:35.557176+00:00,spring,ok,UP,2026-10-02T19:45:34.507225214Z
shared,2026-10-02T19:45:35.558139+00:00,quarkus,ok,UP,2026-10-02T19:45:34.507672659Z
shared,2026-10-02T19:45:35.559001+00:00,micronaut,ok,UP,2026-10-02T19:45:34.536798567Z
shared,2026-10-02T19:45:35.559849+00:00,statlite-self,ok,UP,2026-10-02T19:45:27.504096371Z
shared,2026-10-02T19:45:45.549773+00:00,spring,ok,UP,2026-10-02T19:45:44.50240959Z
shared,2026-10-02T19:45:45.550774+00:00,quarkus,ok,UP,2026-10-02T19:45:44.499497248Z
shared,2026-10-02T19:45:45.551723+00:00,micronaut,ok,UP,2026-10-02T19:45:44.528633049Z
shared,2026-10-02T19:45:45.552502+00:00,statlite-self,ok,UP,2026-10-02T19:45:37.504258577Z
shared,2026-10-02T19:45:55.548712+00:00,spring,ok,UP,2026-10-02T19:45:54.504019872Z
shared,2026-10-02T19:45:55.549786+00:00,quarkus,ok,UP,2026-10-02T19:45:54.492668587Z
shared,2026-10-02T19:45:55.550689+00:00,micronaut,ok,UP,2026-10-02T19:45:54.537521622Z
shared,2026-10-02T19:45:55.551587+00:00,statlite-self,ok,UP,2026-10-02T19:45:47.503501254Z
shared,2026-10-02T19:46:05.522242+00:00,spring,ok,UP,2026-10-02T19:46:04.512140614Z
shared,2026-10-02T19:46:05.523256+00:00,quarkus,ok,UP,2026-10-02T19:46:04.507240956Z
shared,2026-10-02T19:46:05.524061+00:00,micronaut,ok,UP,2026-10-02T19:46:04.534118926Z
shared,2026-10-02T19:46:05.524709+00:00,statlite-self,ok,UP,2026-10-02T19:45:57.50445116Z
shared,2026-10-02T19:46:15.512824+00:00,spring,ok,UP,2026-10-02T19:46:14.513674438Z
shared,2026-10-02T19:46:15.513736+00:00,quarkus,ok,UP,2026-10-02T19:46:14.50790912Z
shared,2026-10-02T19:46:15.514488+00:00,micronaut,ok,UP,2026-10-02T19:46:14.539540333Z
shared,2026-10-02T19:46:15.515381+00:00,statlite-self,ok,UP,2026-10-02T19:46:07.504406141Z
shared,2026-10-02T19:46:25.541509+00:00,spring,ok,UP,2026-10-02T19:46:24.50134391Z
shared,2026-10-02T19:46:25.542509+00:00,quarkus,ok,UP,2026-10-02T19:46:24.503096149Z
shared,2026-10-02T19:46:25.543307+00:00,micronaut,ok,UP,2026-10-02T19:46:24.534516262Z
shared,2026-10-02T19:46:25.544039+00:00,statlite-self,ok,UP,2026-10-02T19:46:17.504696383Z
shared,2026-10-02T19:46:35.516547+00:00,spring,ok,UP,2026-10-02T19:46:34.517036753Z
shared,2026-10-02T19:46:35.517857+00:00,quarkus,ok,UP,2026-10-02T19:46:34.499648656Z
shared,2026-10-02T19:46:35.518795+00:00,micronaut,ok,UP,2026-10-02T19:46:34.539146568Z
shared,2026-10-02T19:46:35.519522+00:00,statlite-self,ok,UP,2026-10-02T19:46:27.504457193Z
shared,2026-10-02T19:46:45.552155+00:00,spring,ok,UP,2026-10-02T19:46:44.506854041Z
shared,2026-10-02T19:46:45.553086+00:00,quarkus,ok,UP,2026-10-02T19:46:44.50186303Z
shared,2026-10-02T19:46:45.554031+00:00,micronaut,ok,UP,2026-10-02T19:46:44.53444226Z
shared,2026-10-02T19:46:45.554843+00:00,statlite-self,ok,UP,2026-10-02T19:46:37.504863659Z
shared,2026-10-02T19:46:55.521636+00:00,spring,ok,UP,2026-10-02T19:46:54.506434616Z
shared,2026-10-02T19:46:55.522530+00:00,quarkus,ok,UP,2026-10-02T19:46:54.495958206Z
shared,2026-10-02T19:46:55.523303+00:00,micronaut,ok,UP,2026-10-02T19:46:54.525229867Z
shared,2026-10-02T19:46:55.524036+00:00,statlite-self,ok,UP,2026-10-02T19:46:47.502783429Z
shared,2026-10-02T19:47:05.525789+00:00,spring,ok,UP,2026-10-02T19:47:04.517555344Z
shared,2026-10-02T19:47:05.526740+00:00,quarkus,ok,UP,2026-10-02T19:47:04.521388711Z
shared,2026-10-02T19:47:05.527505+00:00,micronaut,ok,UP,2026-10-02T19:47:04.573697215Z
shared,2026-10-02T19:47:05.528317+00:00,statlite-self,ok,UP,2026-10-02T19:46:57.503562646Z
shared,2026-10-02T19:47:15.555790+00:00,spring,ok,UP,2026-10-02T19:47:14.500319473Z
shared,2026-10-02T19:47:15.557067+00:00,quarkus,ok,UP,2026-10-02T19:47:14.503557023Z
shared,2026-10-02T19:47:15.557918+00:00,micronaut,ok,UP,2026-10-02T19:47:14.5444356Z
shared,2026-10-02T19:47:15.558893+00:00,statlite-self,ok,UP,2026-10-02T19:47:07.502858535Z
shared,2026-10-02T19:47:25.526903+00:00,spring,ok,UP,2026-10-02T19:47:24.510399614Z
shared,2026-10-02T19:47:25.527630+00:00,quarkus,ok,UP,2026-10-02T19:47:24.509866553Z
shared,2026-10-02T19:47:25.528235+00:00,micronaut,ok,UP,2026-10-02T19:47:24.562811424Z
shared,2026-10-02T19:47:25.528808+00:00,statlite-self,ok,UP,2026-10-02T19:47:17.503430386Z
shared,2026-10-02T19:47:35.546001+00:00,spring,ok,UP,2026-10-02T19:47:34.506755111Z
shared,2026-10-02T19:47:35.546776+00:00,quarkus,ok,UP,2026-10-02T19:47:34.500790183Z
shared,2026-10-02T19:47:35.547531+00:00,micronaut,ok,UP,2026-10-02T19:47:34.535257275Z
shared,2026-10-02T19:47:35.548276+00:00,statlite-self,ok,UP,2026-10-02T19:47:27.503838749Z
shared,2026-10-02T19:47:45.535614+00:00,spring,ok,UP,2026-10-02T19:47:44.50724885Z
shared,2026-10-02T19:47:45.536533+00:00,quarkus,ok,UP,2026-10-02T19:47:44.507456959Z
shared,2026-10-02T19:47:45.537519+00:00,micronaut,ok,UP,2026-10-02T19:47:44.544577077Z
shared,2026-10-02T19:47:45.538196+00:00,statlite-self,ok,UP,2026-10-02T19:47:37.504861649Z
