phase,elapsed_seconds,timestamp_utc,process,rss_kib,guest_available_kib
spring,0.001283263999994233,2026-10-02T18:47:39.459822+00:00,fixture,22916,483764
spring,0.001283263999994233,2026-10-02T18:47:39.459822+00:00,statlite,13584,483764
spring,0.001283263999994233,2026-10-02T18:47:39.459822+00:00,spring,209916,483764
spring,5.052110929999998,2026-10-02T18:47:44.510648+00:00,fixture,22916,483356
spring,5.052110929999998,2026-10-02T18:47:44.510648+00:00,statlite,13752,483356
spring,5.052110929999998,2026-10-02T18:47:44.510648+00:00,spring,210304,483356
spring,10.049804362999993,2026-10-02T18:47:49.508339+00:00,fixture,22916,482996
spring,10.049804362999993,2026-10-02T18:47:49.508339+00:00,statlite,13884,482996
spring,10.049804362999993,2026-10-02T18:47:49.508339+00:00,spring,210564,482996
spring,15.051402241000005,2026-10-02T18:47:54.509939+00:00,fixture,22916,482584
spring,15.051402241000005,2026-10-02T18:47:54.509939+00:00,statlite,14056,482584
spring,15.051402241000005,2026-10-02T18:47:54.509939+00:00,spring,210712,482584
spring,20.00630254699999,2026-10-02T18:47:59.464840+00:00,fixture,22916,482184
spring,20.00630254699999,2026-10-02T18:47:59.464840+00:00,statlite,14208,482184
spring,20.00630254699999,2026-10-02T18:47:59.464840+00:00,spring,210724,482184
spring,25.014043576000006,2026-10-02T18:48:04.472580+00:00,fixture,22916,481724
spring,25.014043576000006,2026-10-02T18:48:04.472580+00:00,statlite,14260,481724
spring,25.014043576000006,2026-10-02T18:48:04.472580+00:00,spring,210988,481724
spring,30.00952600400001,2026-10-02T18:48:09.468063+00:00,fixture,22916,480628
spring,30.00952600400001,2026-10-02T18:48:09.468063+00:00,statlite,14420,480628
spring,30.00952600400001,2026-10-02T18:48:09.468063+00:00,spring,211048,480628
spring,35.00949502099999,2026-10-02T18:48:14.467943+00:00,fixture,22916,480640
spring,35.00949502099999,2026-10-02T18:48:14.467943+00:00,statlite,14432,480640
spring,35.00949502099999,2026-10-02T18:48:14.467943+00:00,spring,211076,480640
spring,40.00385807800001,2026-10-02T18:48:19.462393+00:00,fixture,22916,480784
spring,40.00385807800001,2026-10-02T18:48:19.462393+00:00,statlite,14688,480784
spring,40.00385807800001,2026-10-02T18:48:19.462393+00:00,spring,211168,480784
spring,45.05181503700001,2026-10-02T18:48:24.510353+00:00,fixture,22916,480560
spring,45.05181503700001,2026-10-02T18:48:24.510353+00:00,statlite,14924,480560
spring,45.05181503700001,2026-10-02T18:48:24.510353+00:00,spring,211244,480560
spring,50.052257948000005,2026-10-02T18:48:29.510794+00:00,fixture,22916,480712
spring,50.052257948000005,2026-10-02T18:48:29.510794+00:00,statlite,14956,480712
spring,50.052257948000005,2026-10-02T18:48:29.510794+00:00,spring,211264,480712
spring,55.05042682400003,2026-10-02T18:48:34.508964+00:00,fixture,22916,480460
spring,55.05042682400003,2026-10-02T18:48:34.508964+00:00,statlite,15100,480460
spring,55.05042682400003,2026-10-02T18:48:34.508964+00:00,spring,211288,480460
spring,60.04736239899998,2026-10-02T18:48:39.505898+00:00,fixture,22916,471840
spring,60.04736239899998,2026-10-02T18:48:39.505898+00:00,statlite,15184,471840
spring,60.04736239899998,2026-10-02T18:48:39.505898+00:00,spring,211272,471840
spring,65.04911236500001,2026-10-02T18:48:44.507649+00:00,fixture,22916,471908
spring,65.04911236500001,2026-10-02T18:48:44.507649+00:00,statlite,15348,471908
spring,65.04911236500001,2026-10-02T18:48:44.507649+00:00,spring,211308,471908
spring,70.04728529399998,2026-10-02T18:48:49.505820+00:00,fixture,22920,472036
spring,70.04728529399998,2026-10-02T18:48:49.505820+00:00,statlite,15512,472036
spring,70.04728529399998,2026-10-02T18:48:49.505820+00:00,spring,211344,472036
spring,75.04833558099998,2026-10-02T18:48:54.506874+00:00,fixture,22916,472076
spring,75.04833558099998,2026-10-02T18:48:54.506874+00:00,statlite,15664,472076
spring,75.04833558099998,2026-10-02T18:48:54.506874+00:00,spring,211380,472076
spring,80.05117275799998,2026-10-02T18:48:59.509709+00:00,fixture,22916,471948
spring,80.05117275799998,2026-10-02T18:48:59.509709+00:00,statlite,15696,471948
spring,80.05117275799998,2026-10-02T18:48:59.509709+00:00,spring,211440,471948
spring,85.051411677,2026-10-02T18:49:04.509950+00:00,fixture,22916,471728
spring,85.051411677,2026-10-02T18:49:04.509950+00:00,statlite,15904,471728
spring,85.051411677,2026-10-02T18:49:04.509950+00:00,spring,211480,471728
spring,90.052139632,2026-10-02T18:49:09.510672+00:00,fixture,22916,471872
spring,90.052139632,2026-10-02T18:49:09.510672+00:00,statlite,15952,471872
spring,90.052139632,2026-10-02T18:49:09.510672+00:00,spring,211540,471872
spring,95.0527741,2026-10-02T18:49:14.511306+00:00,fixture,22916,471760
spring,95.0527741,2026-10-02T18:49:14.511306+00:00,statlite,16136,471760
spring,95.0527741,2026-10-02T18:49:14.511306+00:00,spring,211572,471760
spring,100.01525111100003,2026-10-02T18:49:19.473788+00:00,fixture,22916,471796
spring,100.01525111100003,2026-10-02T18:49:19.473788+00:00,statlite,16220,471796
spring,100.01525111100003,2026-10-02T18:49:19.473788+00:00,spring,211596,471796
spring,105.02769360300002,2026-10-02T18:49:24.486229+00:00,fixture,22916,471812
spring,105.02769360300002,2026-10-02T18:49:24.486229+00:00,statlite,16248,471812
spring,105.02769360300002,2026-10-02T18:49:24.486229+00:00,spring,211616,471812
spring,110.02351099799998,2026-10-02T18:49:29.481972+00:00,fixture,22920,458264
spring,110.02351099799998,2026-10-02T18:49:29.481972+00:00,statlite,17280,458264
spring,110.02351099799998,2026-10-02T18:49:29.481972+00:00,spring,211700,458264
spring,115.02090849200002,2026-10-02T18:49:34.479444+00:00,fixture,22916,458288
spring,115.02090849200002,2026-10-02T18:49:34.479444+00:00,statlite,17284,458288
spring,115.02090849200002,2026-10-02T18:49:34.479444+00:00,spring,211708,458288
spring,120.012355445,2026-10-02T18:49:39.470892+00:00,fixture,22920,458432
spring,120.012355445,2026-10-02T18:49:39.470892+00:00,statlite,17396,458432
spring,120.012355445,2026-10-02T18:49:39.470892+00:00,spring,211848,458432
spring,125.02699706500002,2026-10-02T18:49:44.485534+00:00,fixture,22916,458476
spring,125.02699706500002,2026-10-02T18:49:44.485534+00:00,statlite,17416,458476
spring,125.02699706500002,2026-10-02T18:49:44.485534+00:00,spring,211924,458476
spring,130.01425994399997,2026-10-02T18:49:49.472796+00:00,fixture,22916,458620
spring,130.01425994399997,2026-10-02T18:49:49.472796+00:00,statlite,17488,458620
spring,130.01425994399997,2026-10-02T18:49:49.472796+00:00,spring,212020,458620
spring,135.01414647599998,2026-10-02T18:49:54.472683+00:00,fixture,22916,458636
spring,135.01414647599998,2026-10-02T18:49:54.472683+00:00,statlite,17488,458636
spring,135.01414647599998,2026-10-02T18:49:54.472683+00:00,spring,212048,458636
spring,140.01978053500002,2026-10-02T18:49:59.478317+00:00,fixture,22916,458796
spring,140.01978053500002,2026-10-02T18:49:59.478317+00:00,statlite,17608,458796
spring,140.01978053500002,2026-10-02T18:49:59.478317+00:00,spring,212172,458796
spring,145.01287431,2026-10-02T18:50:04.471411+00:00,fixture,22916,458804
spring,145.01287431,2026-10-02T18:50:04.471411+00:00,statlite,17620,458804
spring,145.01287431,2026-10-02T18:50:04.471411+00:00,spring,212220,458804
spring,150.03007993999998,2026-10-02T18:50:09.488617+00:00,fixture,22916,458960
spring,150.03007993999998,2026-10-02T18:50:09.488617+00:00,statlite,17664,458960
spring,150.03007993999998,2026-10-02T18:50:09.488617+00:00,spring,212320,458960
spring,155.022999021,2026-10-02T18:50:14.481536+00:00,fixture,22916,458984
spring,155.022999021,2026-10-02T18:50:14.481536+00:00,statlite,17664,458984
spring,155.022999021,2026-10-02T18:50:14.481536+00:00,spring,212392,458984
spring,160.03807443500003,2026-10-02T18:50:19.496610+00:00,fixture,22920,459144
spring,160.03807443500003,2026-10-02T18:50:19.496610+00:00,statlite,17720,459144
spring,160.03807443500003,2026-10-02T18:50:19.496610+00:00,spring,212436,459144
spring,165.04913088100002,2026-10-02T18:50:24.507669+00:00,fixture,22916,459176
spring,165.04913088100002,2026-10-02T18:50:24.507669+00:00,statlite,17784,459176
spring,165.04913088100002,2026-10-02T18:50:24.507669+00:00,spring,212516,459176
spring,170.024388819,2026-10-02T18:50:29.482925+00:00,fixture,22916,459332
spring,170.024388819,2026-10-02T18:50:29.482925+00:00,statlite,17820,459332
spring,170.024388819,2026-10-02T18:50:29.482925+00:00,spring,212560,459332
spring,175.01456363100002,2026-10-02T18:50:34.473099+00:00,fixture,22916,459344
spring,175.01456363100002,2026-10-02T18:50:34.473099+00:00,statlite,17824,459344
spring,175.01456363100002,2026-10-02T18:50:34.473099+00:00,spring,212604,459344
spring,180.00703634099997,2026-10-02T18:50:39.465567+00:00,fixture,22916,459512
spring,180.00703634099997,2026-10-02T18:50:39.465567+00:00,statlite,17880,459512
spring,180.00703634099997,2026-10-02T18:50:39.465567+00:00,spring,212856,459512
spring,185.00509996600002,2026-10-02T18:50:44.463634+00:00,fixture,22916,459536
spring,185.00509996600002,2026-10-02T18:50:44.463634+00:00,statlite,17880,459536
spring,185.00509996600002,2026-10-02T18:50:44.463634+00:00,spring,216188,459536
spring,190.048297863,2026-10-02T18:50:49.506833+00:00,fixture,22916,459676
spring,190.048297863,2026-10-02T18:50:49.506833+00:00,statlite,17932,459676
spring,190.048297863,2026-10-02T18:50:49.506833+00:00,spring,216272,459676
spring,195.044900282,2026-10-02T18:50:54.503437+00:00,fixture,22916,459712
spring,195.044900282,2026-10-02T18:50:54.503437+00:00,statlite,18004,459712
spring,195.044900282,2026-10-02T18:50:54.503437+00:00,spring,216360,459712
spring,200.00804585199998,2026-10-02T18:50:59.466580+00:00,fixture,22916,459868
spring,200.00804585199998,2026-10-02T18:50:59.466580+00:00,statlite,18048,459868
spring,200.00804585199998,2026-10-02T18:50:59.466580+00:00,spring,216420,459868
spring,205.006263705,2026-10-02T18:51:04.464795+00:00,fixture,22916,459868
spring,205.006263705,2026-10-02T18:51:04.464795+00:00,statlite,18048,459868
spring,205.006263705,2026-10-02T18:51:04.464795+00:00,spring,216444,459868
spring,210.05152527599998,2026-10-02T18:51:09.510059+00:00,fixture,22916,460056
spring,210.05152527599998,2026-10-02T18:51:09.510059+00:00,statlite,18124,460056
spring,210.05152527599998,2026-10-02T18:51:09.510059+00:00,spring,216600,460056
spring,215.01684026900003,2026-10-02T18:51:14.475376+00:00,fixture,22916,460068
spring,215.01684026900003,2026-10-02T18:51:14.475376+00:00,statlite,18124,460068
spring,215.01684026900003,2026-10-02T18:51:14.475376+00:00,spring,216632,460068
spring,220.006559733,2026-10-02T18:51:19.465051+00:00,fixture,22916,460244
spring,220.006559733,2026-10-02T18:51:19.465051+00:00,statlite,18224,460244
spring,220.006559733,2026-10-02T18:51:19.465051+00:00,spring,216696,460244
spring,225.051111878,2026-10-02T18:51:24.509650+00:00,fixture,22916,460244
spring,225.051111878,2026-10-02T18:51:24.509650+00:00,statlite,18436,460244
spring,225.051111878,2026-10-02T18:51:24.509650+00:00,spring,216764,460244
spring,230.007273373,2026-10-02T18:51:29.465809+00:00,fixture,22916,460408
spring,230.007273373,2026-10-02T18:51:29.465809+00:00,statlite,18436,460408
spring,230.007273373,2026-10-02T18:51:29.465809+00:00,spring,216780,460408
spring,235.0503722,2026-10-02T18:51:34.508910+00:00,fixture,22916,460500
spring,235.0503722,2026-10-02T18:51:34.508910+00:00,statlite,18444,460500
spring,235.0503722,2026-10-02T18:51:34.508910+00:00,spring,216836,460500
spring,240.041805965,2026-10-02T18:51:39.500343+00:00,fixture,22916,460596
spring,240.041805965,2026-10-02T18:51:39.500343+00:00,statlite,18444,460596
spring,240.041805965,2026-10-02T18:51:39.500343+00:00,spring,216904,460596
spring,245.045385778,2026-10-02T18:51:44.503924+00:00,fixture,22916,460684
spring,245.045385778,2026-10-02T18:51:44.503924+00:00,statlite,18520,460684
spring,245.045385778,2026-10-02T18:51:44.503924+00:00,spring,216996,460684
spring,250.00651201600002,2026-10-02T18:51:49.465046+00:00,fixture,22916,460792
spring,250.00651201600002,2026-10-02T18:51:49.465046+00:00,statlite,18520,460792
spring,250.00651201600002,2026-10-02T18:51:49.465046+00:00,spring,217056,460792
spring,255.050865995,2026-10-02T18:51:54.509404+00:00,fixture,22916,460796
spring,255.050865995,2026-10-02T18:51:54.509404+00:00,statlite,18524,460796
spring,255.050865995,2026-10-02T18:51:54.509404+00:00,spring,217172,460796
spring,260.036051254,2026-10-02T18:51:59.494588+00:00,fixture,22916,287988
spring,260.036051254,2026-10-02T18:51:59.494588+00:00,statlite,18552,287988
spring,260.036051254,2026-10-02T18:51:59.494588+00:00,spring,217220,287988
spring,265.01066515900004,2026-10-02T18:52:04.469201+00:00,fixture,22920,292192
spring,265.01066515900004,2026-10-02T18:52:04.469201+00:00,statlite,18552,292192
spring,265.01066515900004,2026-10-02T18:52:04.469201+00:00,spring,217236,292192
spring,270.01260082500005,2026-10-02T18:52:09.471138+00:00,fixture,22920,301432
spring,270.01260082500005,2026-10-02T18:52:09.471138+00:00,statlite,18552,301432
spring,270.01260082500005,2026-10-02T18:52:09.471138+00:00,spring,217316,301432
spring,275.039160662,2026-10-02T18:52:14.497690+00:00,fixture,22916,431512
spring,275.039160662,2026-10-02T18:52:14.497690+00:00,statlite,18552,431512
spring,275.039160662,2026-10-02T18:52:14.497690+00:00,spring,217372,431512
spring,280.05045666,2026-10-02T18:52:19.508993+00:00,fixture,22916,431752
spring,280.05045666,2026-10-02T18:52:19.508993+00:00,statlite,18560,431752
spring,280.05045666,2026-10-02T18:52:19.508993+00:00,spring,217488,431752
spring,285.04384640700005,2026-10-02T18:52:24.502380+00:00,fixture,22916,431820
spring,285.04384640700005,2026-10-02T18:52:24.502380+00:00,statlite,18560,431820
spring,285.04384640700005,2026-10-02T18:52:24.502380+00:00,spring,217548,431820
spring,290.00658123899996,2026-10-02T18:52:29.465119+00:00,fixture,22916,431936
spring,290.00658123899996,2026-10-02T18:52:29.465119+00:00,statlite,18560,431936
spring,290.00658123899996,2026-10-02T18:52:29.465119+00:00,spring,217572,431936
spring,295.039203261,2026-10-02T18:52:34.497739+00:00,fixture,22916,431936
spring,295.039203261,2026-10-02T18:52:34.497739+00:00,statlite,18560,431936
spring,295.039203261,2026-10-02T18:52:34.497739+00:00,spring,217628,431936
spring,300.02530658600006,2026-10-02T18:52:39.483844+00:00,fixture,22916,431616
spring,300.02530658600006,2026-10-02T18:52:39.483844+00:00,statlite,18576,431616
spring,300.02530658600006,2026-10-02T18:52:39.483844+00:00,spring,217804,431616
spring,305.015496202,2026-10-02T18:52:44.474034+00:00,fixture,22916,431644
spring,305.015496202,2026-10-02T18:52:44.474034+00:00,statlite,18576,431644
spring,305.015496202,2026-10-02T18:52:44.474034+00:00,spring,217820,431644
spring,310.05019798800004,2026-10-02T18:52:49.508733+00:00,fixture,22916,431816
spring,310.05019798800004,2026-10-02T18:52:49.508733+00:00,statlite,18584,431816
spring,310.05019798800004,2026-10-02T18:52:49.508733+00:00,spring,217960,431816
spring,315.002075256,2026-10-02T18:52:54.460611+00:00,fixture,22916,431824
spring,315.002075256,2026-10-02T18:52:54.460611+00:00,statlite,18584,431824
spring,315.002075256,2026-10-02T18:52:54.460611+00:00,spring,217972,431824
spring,320.038134656,2026-10-02T18:52:59.496672+00:00,fixture,22916,431984
spring,320.038134656,2026-10-02T18:52:59.496672+00:00,statlite,18584,431984
spring,320.038134656,2026-10-02T18:52:59.496672+00:00,spring,217996,431984
spring,325.013837858,2026-10-02T18:53:04.472375+00:00,fixture,22916,432008
spring,325.013837858,2026-10-02T18:53:04.472375+00:00,statlite,18584,432008
spring,325.013837858,2026-10-02T18:53:04.472375+00:00,spring,218120,432008
spring,330.002254818,2026-10-02T18:53:09.460790+00:00,fixture,22916,432172
spring,330.002254818,2026-10-02T18:53:09.460790+00:00,statlite,18600,432172
spring,330.002254818,2026-10-02T18:53:09.460790+00:00,spring,218664,432172
spring,335.048992194,2026-10-02T18:53:14.507477+00:00,fixture,22916,432240
spring,335.048992194,2026-10-02T18:53:14.507477+00:00,statlite,18672,432240
spring,335.048992194,2026-10-02T18:53:14.507477+00:00,spring,218688,432240
spring,340.04612144200007,2026-10-02T18:53:19.504654+00:00,fixture,22916,432312
spring,340.04612144200007,2026-10-02T18:53:19.504654+00:00,statlite,18672,432312
spring,340.04612144200007,2026-10-02T18:53:19.504654+00:00,spring,218716,432312
spring,345.01536214600003,2026-10-02T18:53:24.473898+00:00,fixture,22916,432352
spring,345.01536214600003,2026-10-02T18:53:24.473898+00:00,statlite,18672,432352
spring,345.01536214600003,2026-10-02T18:53:24.473898+00:00,spring,218768,432352
spring,350.009407498,2026-10-02T18:53:29.467943+00:00,fixture,22916,432520
spring,350.009407498,2026-10-02T18:53:29.467943+00:00,statlite,18768,432520
spring,350.009407498,2026-10-02T18:53:29.467943+00:00,spring,218792,432520
spring,355.003905079,2026-10-02T18:53:34.462438+00:00,fixture,22920,432540
spring,355.003905079,2026-10-02T18:53:34.462438+00:00,statlite,18768,432540
spring,355.003905079,2026-10-02T18:53:34.462438+00:00,spring,218820,432540
spring,360.051099238,2026-10-02T18:53:39.509632+00:00,fixture,22916,432672
spring,360.051099238,2026-10-02T18:53:39.509632+00:00,statlite,18776,432672
spring,360.051099238,2026-10-02T18:53:39.509632+00:00,spring,218800,432672
spring,365.04578139800003,2026-10-02T18:53:44.504313+00:00,fixture,22916,432708
spring,365.04578139800003,2026-10-02T18:53:44.504313+00:00,statlite,18824,432708
spring,365.04578139800003,2026-10-02T18:53:44.504313+00:00,spring,218820,432708
spring,370.02336313800004,2026-10-02T18:53:49.481901+00:00,fixture,22920,432872
spring,370.02336313800004,2026-10-02T18:53:49.481901+00:00,statlite,18840,432872
spring,370.02336313800004,2026-10-02T18:53:49.481901+00:00,spring,218820,432872
spring,375.019935323,2026-10-02T18:53:54.478471+00:00,fixture,22916,432884
spring,375.019935323,2026-10-02T18:53:54.478471+00:00,statlite,18840,432884
spring,375.019935323,2026-10-02T18:53:54.478471+00:00,spring,218824,432884
spring,380.031013156,2026-10-02T18:53:59.489541+00:00,fixture,22916,433024
spring,380.031013156,2026-10-02T18:53:59.489541+00:00,statlite,18852,433024
spring,380.031013156,2026-10-02T18:53:59.489541+00:00,spring,218832,433024
spring,385.04699570700006,2026-10-02T18:54:04.505532+00:00,fixture,22916,432864
spring,385.04699570700006,2026-10-02T18:54:04.505532+00:00,statlite,18900,432864
spring,385.04699570700006,2026-10-02T18:54:04.505532+00:00,spring,218840,432864
spring,390.014390899,2026-10-02T18:54:09.472927+00:00,fixture,22916,432948
spring,390.014390899,2026-10-02T18:54:09.472927+00:00,statlite,18908,432948
spring,390.014390899,2026-10-02T18:54:09.472927+00:00,spring,218844,432948
spring,395.012105238,2026-10-02T18:54:14.470641+00:00,fixture,22916,432984
spring,395.012105238,2026-10-02T18:54:14.470641+00:00,statlite,18908,432984
spring,395.012105238,2026-10-02T18:54:14.470641+00:00,spring,218844,432984
spring,400.022903639,2026-10-02T18:54:19.481441+00:00,fixture,22916,433136
spring,400.022903639,2026-10-02T18:54:19.481441+00:00,statlite,18932,433136
spring,400.022903639,2026-10-02T18:54:19.481441+00:00,spring,218844,433136
spring,405.01729171400007,2026-10-02T18:54:24.475828+00:00,fixture,22920,433136
spring,405.01729171400007,2026-10-02T18:54:24.475828+00:00,statlite,18932,433136
spring,405.01729171400007,2026-10-02T18:54:24.475828+00:00,spring,218872,433136
spring,410.042395384,2026-10-02T18:54:29.500930+00:00,fixture,22916,433324
spring,410.042395384,2026-10-02T18:54:29.500930+00:00,statlite,18936,433324
spring,410.042395384,2026-10-02T18:54:29.500930+00:00,spring,218872,433324
spring,415.039304053,2026-10-02T18:54:34.497834+00:00,fixture,22916,433348
spring,415.039304053,2026-10-02T18:54:34.497834+00:00,statlite,18936,433348
spring,415.039304053,2026-10-02T18:54:34.497834+00:00,spring,218880,433348
spring,420.03172703300004,2026-10-02T18:54:39.490263+00:00,fixture,22916,433516
spring,420.03172703300004,2026-10-02T18:54:39.490263+00:00,statlite,18936,433516
spring,420.03172703300004,2026-10-02T18:54:39.490263+00:00,spring,218928,433516
spring,425.044256538,2026-10-02T18:54:44.502794+00:00,fixture,22916,433516
spring,425.044256538,2026-10-02T18:54:44.502794+00:00,statlite,18936,433516
spring,425.044256538,2026-10-02T18:54:44.502794+00:00,spring,218992,433516
spring,430.022892457,2026-10-02T18:54:49.481426+00:00,fixture,22916,433448
spring,430.022892457,2026-10-02T18:54:49.481426+00:00,statlite,18936,433448
spring,430.022892457,2026-10-02T18:54:49.481426+00:00,spring,219112,433448
spring,435.047647698,2026-10-02T18:54:54.506184+00:00,fixture,22916,433548
spring,435.047647698,2026-10-02T18:54:54.506184+00:00,statlite,18940,433548
spring,435.047647698,2026-10-02T18:54:54.506184+00:00,spring,219216,433548
spring,440.026058991,2026-10-02T18:54:59.484595+00:00,fixture,22920,433636
spring,440.026058991,2026-10-02T18:54:59.484595+00:00,statlite,18944,433636
spring,440.026058991,2026-10-02T18:54:59.484595+00:00,spring,219300,433636
spring,445.049629115,2026-10-02T18:55:04.508167+00:00,fixture,22916,433640
spring,445.049629115,2026-10-02T18:55:04.508167+00:00,statlite,18956,433640
spring,445.049629115,2026-10-02T18:55:04.508167+00:00,spring,219420,433640
spring,450.02665764000005,2026-10-02T18:55:09.485192+00:00,fixture,22916,433736
spring,450.02665764000005,2026-10-02T18:55:09.485192+00:00,statlite,18956,433736
spring,450.02665764000005,2026-10-02T18:55:09.485192+00:00,spring,219504,433736
spring,455.011971604,2026-10-02T18:55:14.470507+00:00,fixture,22916,433764
spring,455.011971604,2026-10-02T18:55:14.470507+00:00,statlite,18956,433764
spring,455.011971604,2026-10-02T18:55:14.470507+00:00,spring,219684,433764
spring,460.05104253,2026-10-02T18:55:19.509579+00:00,fixture,22920,433916
spring,460.05104253,2026-10-02T18:55:19.509579+00:00,statlite,18960,433916
spring,460.05104253,2026-10-02T18:55:19.509579+00:00,spring,219752,433916
spring,465.0240342530001,2026-10-02T18:55:24.482570+00:00,fixture,22916,433936
spring,465.0240342530001,2026-10-02T18:55:24.482570+00:00,statlite,18960,433936
spring,465.0240342530001,2026-10-02T18:55:24.482570+00:00,spring,219968,433936
spring,470.0181507760001,2026-10-02T18:55:29.476688+00:00,fixture,22920,434068
spring,470.0181507760001,2026-10-02T18:55:29.476688+00:00,statlite,19012,434068
spring,470.0181507760001,2026-10-02T18:55:29.476688+00:00,spring,225040,434068
spring,475.044648479,2026-10-02T18:55:34.503187+00:00,fixture,22916,434164
spring,475.044648479,2026-10-02T18:55:34.503187+00:00,statlite,19012,434164
spring,475.044648479,2026-10-02T18:55:34.503187+00:00,spring,225108,434164
spring,480.014325407,2026-10-02T18:55:39.472858+00:00,fixture,22916,434260
spring,480.014325407,2026-10-02T18:55:39.472858+00:00,statlite,19020,434260
spring,480.014325407,2026-10-02T18:55:39.472858+00:00,spring,225272,434260
spring,485.04327383200007,2026-10-02T18:55:44.501488+00:00,fixture,22916,434324
spring,485.04327383200007,2026-10-02T18:55:44.501488+00:00,statlite,19024,434324
spring,485.04327383200007,2026-10-02T18:55:44.501488+00:00,spring,225492,434324
spring,490.012217339,2026-10-02T18:55:49.470756+00:00,fixture,22920,434488
spring,490.012217339,2026-10-02T18:55:49.470756+00:00,statlite,19024,434488
spring,490.012217339,2026-10-02T18:55:49.470756+00:00,spring,225604,434488
spring,495.038794275,2026-10-02T18:55:54.497331+00:00,fixture,22916,434516
spring,495.038794275,2026-10-02T18:55:54.497331+00:00,statlite,19024,434516
spring,495.038794275,2026-10-02T18:55:54.497331+00:00,spring,225712,434516
spring,500.004659133,2026-10-02T18:55:59.463197+00:00,fixture,22920,434652
spring,500.004659133,2026-10-02T18:55:59.463197+00:00,statlite,19036,434652
spring,500.004659133,2026-10-02T18:55:59.463197+00:00,spring,225800,434652
spring,505.02078698800005,2026-10-02T18:56:04.479324+00:00,fixture,22916,434664
spring,505.02078698800005,2026-10-02T18:56:04.479324+00:00,statlite,19036,434664
spring,505.02078698800005,2026-10-02T18:56:04.479324+00:00,spring,225868,434664
spring,510.0450978790001,2026-10-02T18:56:09.503632+00:00,fixture,22916,434852
spring,510.0450978790001,2026-10-02T18:56:09.503632+00:00,statlite,19044,434852
spring,510.0450978790001,2026-10-02T18:56:09.503632+00:00,spring,225964,434852
spring,515.0083490530001,2026-10-02T18:56:14.466884+00:00,fixture,22916,434852
spring,515.0083490530001,2026-10-02T18:56:14.466884+00:00,statlite,19044,434852
spring,515.0083490530001,2026-10-02T18:56:14.466884+00:00,spring,225976,434852
spring,520.016377863,2026-10-02T18:56:19.474913+00:00,fixture,22916,435028
spring,520.016377863,2026-10-02T18:56:19.474913+00:00,statlite,19052,435028
spring,520.016377863,2026-10-02T18:56:19.474913+00:00,spring,226096,435028
spring,525.038319482,2026-10-02T18:56:24.496855+00:00,fixture,22916,435052
spring,525.038319482,2026-10-02T18:56:24.496855+00:00,statlite,19052,435052
spring,525.038319482,2026-10-02T18:56:24.496855+00:00,spring,226168,435052
spring,530.049236026,2026-10-02T18:56:29.507773+00:00,fixture,22920,435228
spring,530.049236026,2026-10-02T18:56:29.507773+00:00,statlite,19068,435228
spring,530.049236026,2026-10-02T18:56:29.507773+00:00,spring,226320,435228
spring,535.039990783,2026-10-02T18:56:34.498526+00:00,fixture,22916,435232
spring,535.039990783,2026-10-02T18:56:34.498526+00:00,statlite,19068,435232
spring,535.039990783,2026-10-02T18:56:34.498526+00:00,spring,226460,435232
spring,540.0111132220001,2026-10-02T18:56:39.469648+00:00,fixture,22916,435408
spring,540.0111132220001,2026-10-02T18:56:39.469648+00:00,statlite,19076,435408
spring,540.0111132220001,2026-10-02T18:56:39.469648+00:00,spring,226864,435408
spring,545.036025146,2026-10-02T18:56:44.494558+00:00,fixture,22916,435408
spring,545.036025146,2026-10-02T18:56:44.494558+00:00,statlite,19076,435408
spring,545.036025146,2026-10-02T18:56:44.494558+00:00,spring,226956,435408
spring,550.0501496740001,2026-10-02T18:56:49.508682+00:00,fixture,22916,435592
spring,550.0501496740001,2026-10-02T18:56:49.508682+00:00,statlite,19076,435592
spring,550.0501496740001,2026-10-02T18:56:49.508682+00:00,spring,227108,435592
spring,555.0175408810001,2026-10-02T18:56:54.476077+00:00,fixture,22916,435592
spring,555.0175408810001,2026-10-02T18:56:54.476077+00:00,statlite,19076,435592
spring,555.0175408810001,2026-10-02T18:56:54.476077+00:00,spring,227124,435592
spring,560.0021319560001,2026-10-02T18:56:59.460667+00:00,fixture,22916,435764
spring,560.0021319560001,2026-10-02T18:56:59.460667+00:00,statlite,19100,435764
spring,560.0021319560001,2026-10-02T18:56:59.460667+00:00,spring,227160,435764
spring,565.0207763550001,2026-10-02T18:57:04.479315+00:00,fixture,22916,435788
spring,565.0207763550001,2026-10-02T18:57:04.479315+00:00,statlite,19100,435788
spring,565.0207763550001,2026-10-02T18:57:04.479315+00:00,spring,227180,435788
spring,570.051323387,2026-10-02T18:57:09.509850+00:00,fixture,22916,435944
spring,570.051323387,2026-10-02T18:57:09.509850+00:00,statlite,19104,435944
spring,570.051323387,2026-10-02T18:57:09.509850+00:00,spring,227248,435944
spring,575.045776003,2026-10-02T18:57:14.504314+00:00,fixture,22916,435968
spring,575.045776003,2026-10-02T18:57:14.504314+00:00,statlite,19108,435968
spring,575.045776003,2026-10-02T18:57:14.504314+00:00,spring,227276,435968
spring,580.0551937490001,2026-10-02T18:57:19.513715+00:00,fixture,22916,436136
spring,580.0551937490001,2026-10-02T18:57:19.513715+00:00,statlite,19116,436136
spring,580.0551937490001,2026-10-02T18:57:19.513715+00:00,spring,227368,436136
spring,585.01794167,2026-10-02T18:57:24.476477+00:00,fixture,22916,436136
spring,585.01794167,2026-10-02T18:57:24.476477+00:00,statlite,19116,436136
spring,585.01794167,2026-10-02T18:57:24.476477+00:00,spring,227380,436136
spring,590.033060853,2026-10-02T18:57:29.491594+00:00,fixture,22920,436320
spring,590.033060853,2026-10-02T18:57:29.491594+00:00,statlite,19192,436320
spring,590.033060853,2026-10-02T18:57:29.491594+00:00,spring,227408,436320
spring,595.00427589,2026-10-02T18:57:34.462812+00:00,fixture,22920,436320
spring,595.00427589,2026-10-02T18:57:34.462812+00:00,statlite,19192,436320
spring,595.00427589,2026-10-02T18:57:34.462812+00:00,spring,227468,436320
spring,600.020314171,2026-10-02T18:57:39.478851+00:00,fixture,22916,436492
spring,600.020314171,2026-10-02T18:57:39.478851+00:00,statlite,19192,436492
spring,600.020314171,2026-10-02T18:57:39.478851+00:00,spring,227700,436492
spring,605.019211186,2026-10-02T18:57:44.477748+00:00,fixture,22920,436500
spring,605.019211186,2026-10-02T18:57:44.477748+00:00,statlite,19192,436500
spring,605.019211186,2026-10-02T18:57:44.477748+00:00,spring,227708,436500
spring,610.028076906,2026-10-02T18:57:49.486614+00:00,fixture,22916,436644
spring,610.028076906,2026-10-02T18:57:49.486614+00:00,statlite,19192,436644
spring,610.028076906,2026-10-02T18:57:49.486614+00:00,spring,227728,436644
spring,615.0323317670001,2026-10-02T18:57:54.490861+00:00,fixture,22916,436680
spring,615.0323317670001,2026-10-02T18:57:54.490861+00:00,statlite,19196,436680
spring,615.0323317670001,2026-10-02T18:57:54.490861+00:00,spring,227756,436680
spring,620.020813461,2026-10-02T18:57:59.479348+00:00,fixture,22916,436820
spring,620.020813461,2026-10-02T18:57:59.479348+00:00,statlite,19208,436820
spring,620.020813461,2026-10-02T18:57:59.479348+00:00,spring,227800,436820
spring,625.015681374,2026-10-02T18:58:04.474216+00:00,fixture,22916,436820
spring,625.015681374,2026-10-02T18:58:04.474216+00:00,statlite,19208,436820
spring,625.015681374,2026-10-02T18:58:04.474216+00:00,spring,227808,436820
spring,630.0219382390001,2026-10-02T18:58:09.480474+00:00,fixture,22916,437028
spring,630.0219382390001,2026-10-02T18:58:09.480474+00:00,statlite,19216,437028
spring,630.0219382390001,2026-10-02T18:58:09.480474+00:00,spring,229008,437028
spring,635.0223495800001,2026-10-02T18:58:14.480885+00:00,fixture,22916,437040
spring,635.0223495800001,2026-10-02T18:58:14.480885+00:00,statlite,19216,437040
spring,635.0223495800001,2026-10-02T18:58:14.480885+00:00,spring,229016,437040
spring,640.038261145,2026-10-02T18:58:19.496796+00:00,fixture,22916,437212
spring,640.038261145,2026-10-02T18:58:19.496796+00:00,statlite,19220,437212
spring,640.038261145,2026-10-02T18:58:19.496796+00:00,spring,229076,437212
spring,645.0406350860001,2026-10-02T18:58:24.499172+00:00,fixture,22916,437212
spring,645.0406350860001,2026-10-02T18:58:24.499172+00:00,statlite,19220,437212
spring,645.0406350860001,2026-10-02T18:58:24.499172+00:00,spring,229128,437212
spring,650.036154518,2026-10-02T18:58:29.494690+00:00,fixture,22920,437392
spring,650.036154518,2026-10-02T18:58:29.494690+00:00,statlite,19220,437392
spring,650.036154518,2026-10-02T18:58:29.494690+00:00,spring,229148,437392
spring,655.03489414,2026-10-02T18:58:34.493429+00:00,fixture,22916,437404
spring,655.03489414,2026-10-02T18:58:34.493429+00:00,statlite,19220,437404
spring,655.03489414,2026-10-02T18:58:34.493429+00:00,spring,229352,437404
spring,660.029625548,2026-10-02T18:58:39.488163+00:00,fixture,22916,437548
spring,660.029625548,2026-10-02T18:58:39.488163+00:00,statlite,19220,437548
spring,660.029625548,2026-10-02T18:58:39.488163+00:00,spring,229376,437548
spring,665.026239596,2026-10-02T18:58:44.484775+00:00,fixture,22916,437572
spring,665.026239596,2026-10-02T18:58:44.484775+00:00,statlite,19220,437572
spring,665.026239596,2026-10-02T18:58:44.484775+00:00,spring,229388,437572
spring,670.020787281,2026-10-02T18:58:49.479324+00:00,fixture,22916,437752
spring,670.020787281,2026-10-02T18:58:49.479324+00:00,statlite,19228,437752
spring,670.020787281,2026-10-02T18:58:49.479324+00:00,spring,229468,437752
spring,675.019657721,2026-10-02T18:58:54.478194+00:00,fixture,22916,437752
spring,675.019657721,2026-10-02T18:58:54.478194+00:00,statlite,19228,437752
spring,675.019657721,2026-10-02T18:58:54.478194+00:00,spring,229468,437752
spring,680.014957793,2026-10-02T18:58:59.473493+00:00,fixture,22916,437920
spring,680.014957793,2026-10-02T18:58:59.473493+00:00,statlite,19240,437920
spring,680.014957793,2026-10-02T18:58:59.473493+00:00,spring,229496,437920
spring,685.0378897080001,2026-10-02T18:59:04.496424+00:00,fixture,22916,437920
spring,685.0378897080001,2026-10-02T18:59:04.496424+00:00,statlite,19240,437920
spring,685.0378897080001,2026-10-02T18:59:04.496424+00:00,spring,229504,437920
spring,690.04957267,2026-10-02T18:59:09.508107+00:00,fixture,22916,438112
spring,690.04957267,2026-10-02T18:59:09.508107+00:00,statlite,19248,438112
spring,690.04957267,2026-10-02T18:59:09.508107+00:00,spring,229508,438112
spring,695.046279481,2026-10-02T18:59:14.504815+00:00,fixture,22916,438196
spring,695.046279481,2026-10-02T18:59:14.504815+00:00,statlite,19248,438196
spring,695.046279481,2026-10-02T18:59:14.504815+00:00,spring,229696,438196
spring,700.039741237,2026-10-02T18:59:19.498277+00:00,fixture,22916,438292
spring,700.039741237,2026-10-02T18:59:19.498277+00:00,statlite,19260,438292
spring,700.039741237,2026-10-02T18:59:19.498277+00:00,spring,229696,438292
spring,705.035929055,2026-10-02T18:59:24.494466+00:00,fixture,22916,438308
spring,705.035929055,2026-10-02T18:59:24.494466+00:00,statlite,19260,438308
spring,705.035929055,2026-10-02T18:59:24.494466+00:00,spring,229696,438308
spring,710.029912325,2026-10-02T18:59:29.488448+00:00,fixture,22920,438588
spring,710.029912325,2026-10-02T18:59:29.488448+00:00,statlite,19280,438588
spring,710.029912325,2026-10-02T18:59:29.488448+00:00,spring,229700,438588
spring,715.0277259840001,2026-10-02T18:59:34.486261+00:00,fixture,22916,438600
spring,715.0277259840001,2026-10-02T18:59:34.486261+00:00,statlite,19280,438600
spring,715.0277259840001,2026-10-02T18:59:34.486261+00:00,spring,229700,438600
spring,720.0239440940001,2026-10-02T18:59:39.482477+00:00,fixture,22916,438756
spring,720.0239440940001,2026-10-02T18:59:39.482477+00:00,statlite,19284,438756
spring,720.0239440940001,2026-10-02T18:59:39.482477+00:00,spring,229600,438756
spring,725.020664249,2026-10-02T18:59:44.479200+00:00,fixture,22916,438760
spring,725.020664249,2026-10-02T18:59:44.479200+00:00,statlite,19284,438760
spring,725.020664249,2026-10-02T18:59:44.479200+00:00,spring,229752,438760
spring,730.019853428,2026-10-02T18:59:49.478385+00:00,fixture,22916,438924
spring,730.019853428,2026-10-02T18:59:49.478385+00:00,statlite,19288,438924
spring,730.019853428,2026-10-02T18:59:49.478385+00:00,spring,229768,438924
spring,735.017988156,2026-10-02T18:59:54.476524+00:00,fixture,22916,438924
spring,735.017988156,2026-10-02T18:59:54.476524+00:00,statlite,19288,438924
spring,735.017988156,2026-10-02T18:59:54.476524+00:00,spring,229768,438924
spring,740.010481882,2026-10-02T18:59:59.469021+00:00,fixture,22920,439104
spring,740.010481882,2026-10-02T18:59:59.469021+00:00,statlite,19296,439104
spring,740.010481882,2026-10-02T18:59:59.469021+00:00,spring,229784,439104
spring,745.005056655,2026-10-02T19:00:04.463592+00:00,fixture,22916,439132
spring,745.005056655,2026-10-02T19:00:04.463592+00:00,statlite,19296,439132
spring,745.005056655,2026-10-02T19:00:04.463592+00:00,spring,229784,439132
spring,750.047335417,2026-10-02T19:00:09.505872+00:00,fixture,22916,439304
spring,750.047335417,2026-10-02T19:00:09.505872+00:00,statlite,19312,439304
spring,750.047335417,2026-10-02T19:00:09.505872+00:00,spring,229820,439304
spring,755.020838193,2026-10-02T19:00:14.479372+00:00,fixture,22916,439316
spring,755.020838193,2026-10-02T19:00:14.479372+00:00,statlite,19312,439316
spring,755.020838193,2026-10-02T19:00:14.479372+00:00,spring,229832,439316
spring,760.009301036,2026-10-02T19:00:19.467837+00:00,fixture,22916,439668
spring,760.009301036,2026-10-02T19:00:19.467837+00:00,statlite,19312,439668
spring,760.009301036,2026-10-02T19:00:19.467837+00:00,spring,229852,439668
spring,765.007555212,2026-10-02T19:00:24.466091+00:00,fixture,22916,439668
spring,765.007555212,2026-10-02T19:00:24.466091+00:00,statlite,19312,439668
spring,765.007555212,2026-10-02T19:00:24.466091+00:00,spring,229856,439668
spring,770.004880341,2026-10-02T19:00:29.463418+00:00,fixture,22916,439828
spring,770.004880341,2026-10-02T19:00:29.463418+00:00,statlite,19312,439828
spring,770.004880341,2026-10-02T19:00:29.463418+00:00,spring,229860,439828
spring,775.046329324,2026-10-02T19:00:34.504867+00:00,fixture,22916,439896
spring,775.046329324,2026-10-02T19:00:34.504867+00:00,statlite,19312,439896
spring,775.046329324,2026-10-02T19:00:34.504867+00:00,spring,229872,439896
spring,780.0492945,2026-10-02T19:00:39.507828+00:00,fixture,22916,439996
spring,780.0492945,2026-10-02T19:00:39.507828+00:00,statlite,19324,439996
spring,780.0492945,2026-10-02T19:00:39.507828+00:00,spring,229884,439996
spring,785.043968691,2026-10-02T19:00:44.502506+00:00,fixture,22916,440088
spring,785.043968691,2026-10-02T19:00:44.502506+00:00,statlite,19332,440088
spring,785.043968691,2026-10-02T19:00:44.502506+00:00,spring,229908,440088
spring,790.042690996,2026-10-02T19:00:49.501229+00:00,fixture,22916,440184
spring,790.042690996,2026-10-02T19:00:49.501229+00:00,statlite,19340,440184
spring,790.042690996,2026-10-02T19:00:49.501229+00:00,spring,229908,440184
spring,795.035894138,2026-10-02T19:00:54.494429+00:00,fixture,22916,440196
spring,795.035894138,2026-10-02T19:00:54.494429+00:00,statlite,19348,440196
spring,795.035894138,2026-10-02T19:00:54.494429+00:00,spring,229920,440196
spring,800.048699135,2026-10-02T19:00:59.507230+00:00,fixture,22916,440372
spring,800.048699135,2026-10-02T19:00:59.507230+00:00,statlite,19348,440372
spring,800.048699135,2026-10-02T19:00:59.507230+00:00,spring,229944,440372
spring,805.0146067000001,2026-10-02T19:01:04.473144+00:00,fixture,22916,440396
spring,805.0146067000001,2026-10-02T19:01:04.473144+00:00,statlite,19348,440396
spring,805.0146067000001,2026-10-02T19:01:04.473144+00:00,spring,229944,440396
spring,810.049592104,2026-10-02T19:01:09.508130+00:00,fixture,22916,440540
spring,810.049592104,2026-10-02T19:01:09.508130+00:00,statlite,19348,440540
spring,810.049592104,2026-10-02T19:01:09.508130+00:00,spring,230064,440540
spring,815.046448177,2026-10-02T19:01:14.504947+00:00,fixture,22916,440632
spring,815.046448177,2026-10-02T19:01:14.504947+00:00,statlite,19352,440632
spring,815.046448177,2026-10-02T19:01:14.504947+00:00,spring,230072,440632
spring,820.041205022,2026-10-02T19:01:19.499740+00:00,fixture,22916,440748
spring,820.041205022,2026-10-02T19:01:19.499740+00:00,statlite,19356,440748
spring,820.041205022,2026-10-02T19:01:19.499740+00:00,spring,230072,440748
spring,825.0289012210001,2026-10-02T19:01:24.487436+00:00,fixture,22916,440784
spring,825.0289012210001,2026-10-02T19:01:24.487436+00:00,statlite,19356,440784
spring,825.0289012210001,2026-10-02T19:01:24.487436+00:00,spring,230072,440784
spring,830.01822369,2026-10-02T19:01:29.476759+00:00,fixture,22916,440916
spring,830.01822369,2026-10-02T19:01:29.476759+00:00,statlite,19356,440916
spring,830.01822369,2026-10-02T19:01:29.476759+00:00,spring,230084,440916
spring,835.0234468870001,2026-10-02T19:01:34.481981+00:00,fixture,22916,440940
spring,835.0234468870001,2026-10-02T19:01:34.481981+00:00,statlite,19356,440940
spring,835.0234468870001,2026-10-02T19:01:34.481981+00:00,spring,230084,440940
spring,840.0378079550001,2026-10-02T19:01:39.496341+00:00,fixture,22916,441168
spring,840.0378079550001,2026-10-02T19:01:39.496341+00:00,statlite,19416,441168
spring,840.0378079550001,2026-10-02T19:01:39.496341+00:00,spring,229976,441168
spring,845.0469238580001,2026-10-02T19:01:44.505460+00:00,fixture,22916,441244
spring,845.0469238580001,2026-10-02T19:01:44.505460+00:00,statlite,19420,441244
spring,845.0469238580001,2026-10-02T19:01:44.505460+00:00,spring,230216,441244
spring,850.0050371070001,2026-10-02T19:01:49.463570+00:00,fixture,22920,441364
spring,850.0050371070001,2026-10-02T19:01:49.463570+00:00,statlite,19428,441364
spring,850.0050371070001,2026-10-02T19:01:49.463570+00:00,spring,230228,441364
spring,855.043142387,2026-10-02T19:01:54.501671+00:00,fixture,22916,441388
spring,855.043142387,2026-10-02T19:01:54.501671+00:00,statlite,19428,441388
spring,855.043142387,2026-10-02T19:01:54.501671+00:00,spring,230228,441388
spring,860.031490249,2026-10-02T19:01:59.490026+00:00,fixture,22916,441524
spring,860.031490249,2026-10-02T19:01:59.490026+00:00,statlite,19436,441524
spring,860.031490249,2026-10-02T19:01:59.490026+00:00,spring,230272,441524
spring,865.0230004699999,2026-10-02T19:02:04.481536+00:00,fixture,22916,441548
spring,865.0230004699999,2026-10-02T19:02:04.481536+00:00,statlite,19436,441548
spring,865.0230004699999,2026-10-02T19:02:04.481536+00:00,spring,230272,441548
spring,870.010614757,2026-10-02T19:02:09.469062+00:00,fixture,22920,441700
spring,870.010614757,2026-10-02T19:02:09.469062+00:00,statlite,19436,441700
spring,870.010614757,2026-10-02T19:02:09.469062+00:00,spring,230308,441700
spring,875.0072391169999,2026-10-02T19:02:14.465774+00:00,fixture,22916,441732
spring,875.0072391169999,2026-10-02T19:02:14.465774+00:00,statlite,19436,441732
spring,875.0072391169999,2026-10-02T19:02:14.465774+00:00,spring,230320,441732
spring,880.0503261850001,2026-10-02T19:02:19.508859+00:00,fixture,22920,441888
spring,880.0503261850001,2026-10-02T19:02:19.508859+00:00,statlite,19448,441888
spring,880.0503261850001,2026-10-02T19:02:19.508859+00:00,spring,230324,441888
spring,885.049919539,2026-10-02T19:02:24.508457+00:00,fixture,22916,441924
spring,885.049919539,2026-10-02T19:02:24.508457+00:00,statlite,19448,441924
spring,885.049919539,2026-10-02T19:02:24.508457+00:00,spring,230328,441924
spring,890.0099325620001,2026-10-02T19:02:29.468469+00:00,fixture,22916,442092
spring,890.0099325620001,2026-10-02T19:02:29.468469+00:00,statlite,19456,442092
spring,890.0099325620001,2026-10-02T19:02:29.468469+00:00,spring,230328,442092
spring,895.051219812,2026-10-02T19:02:34.509758+00:00,fixture,22916,442172
spring,895.051219812,2026-10-02T19:02:34.509758+00:00,statlite,19460,442172
spring,895.051219812,2026-10-02T19:02:34.509758+00:00,spring,230344,442172
quarkus,0.001582204999976966,2026-10-02T19:02:42.386732+00:00,fixture,22916,516592
quarkus,0.001582204999976966,2026-10-02T19:02:42.386732+00:00,statlite,19796,516592
quarkus,0.001582204999976966,2026-10-02T19:02:42.386732+00:00,quarkus,171212,516592
quarkus,5.037825862999853,2026-10-02T19:02:47.422975+00:00,fixture,22916,516264
quarkus,5.037825862999853,2026-10-02T19:02:47.422975+00:00,statlite,19840,516264
quarkus,5.037825862999853,2026-10-02T19:02:47.422975+00:00,quarkus,171764,516264
quarkus,10.011755584999946,2026-10-02T19:02:52.396900+00:00,fixture,22916,516328
quarkus,10.011755584999946,2026-10-02T19:02:52.396900+00:00,statlite,19880,516328
quarkus,10.011755584999946,2026-10-02T19:02:52.396900+00:00,quarkus,171804,516328
quarkus,15.013853235999932,2026-10-02T19:02:57.399000+00:00,fixture,22916,516176
quarkus,15.013853235999932,2026-10-02T19:02:57.399000+00:00,statlite,19896,516176
quarkus,15.013853235999932,2026-10-02T19:02:57.399000+00:00,quarkus,171900,516176
quarkus,20.01591415500002,2026-10-02T19:03:02.401058+00:00,fixture,22920,516240
quarkus,20.01591415500002,2026-10-02T19:03:02.401058+00:00,statlite,19904,516240
quarkus,20.01591415500002,2026-10-02T19:03:02.401058+00:00,quarkus,171948,516240
quarkus,25.03039855399993,2026-10-02T19:03:07.415546+00:00,fixture,22916,516092
quarkus,25.03039855399993,2026-10-02T19:03:07.415546+00:00,statlite,19940,516092
quarkus,25.03039855399993,2026-10-02T19:03:07.415546+00:00,quarkus,172064,516092
quarkus,30.043386544999976,2026-10-02T19:03:12.428533+00:00,fixture,22916,516176
quarkus,30.043386544999976,2026-10-02T19:03:12.428533+00:00,statlite,19940,516176
quarkus,30.043386544999976,2026-10-02T19:03:12.428533+00:00,quarkus,172148,516176
quarkus,35.04485541300005,2026-10-02T19:03:17.430003+00:00,fixture,22916,516016
quarkus,35.04485541300005,2026-10-02T19:03:17.430003+00:00,statlite,19972,516016
quarkus,35.04485541300005,2026-10-02T19:03:17.430003+00:00,quarkus,172288,516016
quarkus,40.00398968199988,2026-10-02T19:03:22.389139+00:00,fixture,22916,515844
quarkus,40.00398968199988,2026-10-02T19:03:22.389139+00:00,statlite,19984,515844
quarkus,40.00398968199988,2026-10-02T19:03:22.389139+00:00,quarkus,172392,515844
quarkus,45.04367359599996,2026-10-02T19:03:27.428822+00:00,fixture,22920,515948
quarkus,45.04367359599996,2026-10-02T19:03:27.428822+00:00,statlite,20036,515948
quarkus,45.04367359599996,2026-10-02T19:03:27.428822+00:00,quarkus,172600,515948
quarkus,50.02468058799991,2026-10-02T19:03:32.409830+00:00,fixture,22916,516004
quarkus,50.02468058799991,2026-10-02T19:03:32.409830+00:00,statlite,20036,516004
quarkus,50.02468058799991,2026-10-02T19:03:32.409830+00:00,quarkus,172628,516004
quarkus,55.00508070899991,2026-10-02T19:03:37.390227+00:00,fixture,22916,515868
quarkus,55.00508070899991,2026-10-02T19:03:37.390227+00:00,statlite,20044,515868
quarkus,55.00508070899991,2026-10-02T19:03:37.390227+00:00,quarkus,172764,515868
quarkus,60.005423189999874,2026-10-02T19:03:42.390571+00:00,fixture,22916,515200
quarkus,60.005423189999874,2026-10-02T19:03:42.390571+00:00,statlite,20056,515200
quarkus,60.005423189999874,2026-10-02T19:03:42.390571+00:00,quarkus,172860,515200
quarkus,65.04731486799983,2026-10-02T19:03:47.432464+00:00,fixture,22916,515312
quarkus,65.04731486799983,2026-10-02T19:03:47.432464+00:00,statlite,20068,515312
quarkus,65.04731486799983,2026-10-02T19:03:47.432464+00:00,quarkus,172984,515312
quarkus,70.03256529700002,2026-10-02T19:03:52.417715+00:00,fixture,22920,515396
quarkus,70.03256529700002,2026-10-02T19:03:52.417715+00:00,statlite,20068,515396
quarkus,70.03256529700002,2026-10-02T19:03:52.417715+00:00,quarkus,173024,515396
quarkus,75.02029980499992,2026-10-02T19:03:57.405449+00:00,fixture,22916,515564
quarkus,75.02029980499992,2026-10-02T19:03:57.405449+00:00,statlite,20144,515564
quarkus,75.02029980499992,2026-10-02T19:03:57.405449+00:00,quarkus,173112,515564
quarkus,80.019888476,2026-10-02T19:04:02.405037+00:00,fixture,22916,515384
quarkus,80.019888476,2026-10-02T19:04:02.405037+00:00,statlite,20148,515384
quarkus,80.019888476,2026-10-02T19:04:02.405037+00:00,quarkus,173172,515384
quarkus,85.00800658200001,2026-10-02T19:04:07.393157+00:00,fixture,22916,515488
quarkus,85.00800658200001,2026-10-02T19:04:07.393157+00:00,statlite,20148,515488
quarkus,85.00800658200001,2026-10-02T19:04:07.393157+00:00,quarkus,173320,515488
quarkus,90.04661680799995,2026-10-02T19:04:12.431766+00:00,fixture,22916,514548
quarkus,90.04661680799995,2026-10-02T19:04:12.431766+00:00,statlite,20148,514548
quarkus,90.04661680799995,2026-10-02T19:04:12.431766+00:00,quarkus,173952,514548
quarkus,95.03554396699997,2026-10-02T19:04:17.420694+00:00,fixture,22920,514652
quarkus,95.03554396699997,2026-10-02T19:04:17.420694+00:00,statlite,19824,514652
quarkus,95.03554396699997,2026-10-02T19:04:17.420694+00:00,quarkus,174056,514652
quarkus,100.03470863400003,2026-10-02T19:04:22.419857+00:00,fixture,22916,514708
quarkus,100.03470863400003,2026-10-02T19:04:22.419857+00:00,statlite,19824,514708
quarkus,100.03470863400003,2026-10-02T19:04:22.419857+00:00,quarkus,174080,514708
quarkus,105.0280200279999,2026-10-02T19:04:27.413166+00:00,fixture,22916,514584
quarkus,105.0280200279999,2026-10-02T19:04:27.413166+00:00,statlite,19824,514584
quarkus,105.0280200279999,2026-10-02T19:04:27.413166+00:00,quarkus,174176,514584
quarkus,110.00347305699984,2026-10-02T19:04:32.388621+00:00,fixture,22916,514644
quarkus,110.00347305699984,2026-10-02T19:04:32.388621+00:00,statlite,19824,514644
quarkus,110.00347305699984,2026-10-02T19:04:32.388621+00:00,quarkus,174200,514644
quarkus,115.04627017200005,2026-10-02T19:04:37.431418+00:00,fixture,22916,514760
quarkus,115.04627017200005,2026-10-02T19:04:37.431418+00:00,statlite,19824,514760
quarkus,115.04627017200005,2026-10-02T19:04:37.431418+00:00,quarkus,174268,514760
quarkus,120.03795715399997,2026-10-02T19:04:42.423104+00:00,fixture,22916,514576
quarkus,120.03795715399997,2026-10-02T19:04:42.423104+00:00,statlite,19828,514576
quarkus,120.03795715399997,2026-10-02T19:04:42.423104+00:00,quarkus,174404,514576
quarkus,125.05097880699986,2026-10-02T19:04:47.436123+00:00,fixture,22920,514680
quarkus,125.05097880699986,2026-10-02T19:04:47.436123+00:00,statlite,19828,514680
quarkus,125.05097880699986,2026-10-02T19:04:47.436123+00:00,quarkus,174524,514680
quarkus,130.0512273239999,2026-10-02T19:04:52.436377+00:00,fixture,22916,514516
quarkus,130.0512273239999,2026-10-02T19:04:52.436377+00:00,statlite,19832,514516
quarkus,130.0512273239999,2026-10-02T19:04:52.436377+00:00,quarkus,174576,514516
quarkus,135.008389996,2026-10-02T19:04:57.393537+00:00,fixture,22916,514376
quarkus,135.008389996,2026-10-02T19:04:57.393537+00:00,statlite,19856,514376
quarkus,135.008389996,2026-10-02T19:04:57.393537+00:00,quarkus,174732,514376
quarkus,140.00250227899983,2026-10-02T19:05:02.387649+00:00,fixture,22920,512928
quarkus,140.00250227899983,2026-10-02T19:05:02.387649+00:00,statlite,19856,512928
quarkus,140.00250227899983,2026-10-02T19:05:02.387649+00:00,quarkus,174784,512928
quarkus,145.02495495499988,2026-10-02T19:05:07.410101+00:00,fixture,22916,513016
quarkus,145.02495495499988,2026-10-02T19:05:07.410101+00:00,statlite,19864,513016
quarkus,145.02495495499988,2026-10-02T19:05:07.410101+00:00,quarkus,174824,513016
quarkus,150.0180847669999,2026-10-02T19:05:12.403231+00:00,fixture,22916,513112
quarkus,150.0180847669999,2026-10-02T19:05:12.403231+00:00,statlite,19868,513112
quarkus,150.0180847669999,2026-10-02T19:05:12.403231+00:00,quarkus,174864,513112
quarkus,155.005764388,2026-10-02T19:05:17.390912+00:00,fixture,22916,513212
quarkus,155.005764388,2026-10-02T19:05:17.390912+00:00,statlite,19868,513212
quarkus,155.005764388,2026-10-02T19:05:17.390912+00:00,quarkus,174976,513212
quarkus,160.04577867700004,2026-10-02T19:05:22.430927+00:00,fixture,22916,513272
quarkus,160.04577867700004,2026-10-02T19:05:22.430927+00:00,statlite,19872,513272
quarkus,160.04577867700004,2026-10-02T19:05:22.430927+00:00,quarkus,175000,513272
quarkus,165.0435659499999,2026-10-02T19:05:27.428644+00:00,fixture,22916,513408
quarkus,165.0435659499999,2026-10-02T19:05:27.428644+00:00,statlite,19876,513408
quarkus,165.0435659499999,2026-10-02T19:05:27.428644+00:00,quarkus,175148,513408
quarkus,170.01569340499987,2026-10-02T19:05:32.400843+00:00,fixture,22920,513476
quarkus,170.01569340499987,2026-10-02T19:05:32.400843+00:00,statlite,19880,513476
quarkus,170.01569340499987,2026-10-02T19:05:32.400843+00:00,quarkus,175216,513476
quarkus,175.042166511,2026-10-02T19:05:37.427316+00:00,fixture,22916,513576
quarkus,175.042166511,2026-10-02T19:05:37.427316+00:00,statlite,19880,513576
quarkus,175.042166511,2026-10-02T19:05:37.427316+00:00,quarkus,175276,513576
quarkus,180.03269646299987,2026-10-02T19:05:42.417843+00:00,fixture,22916,513392
quarkus,180.03269646299987,2026-10-02T19:05:42.417843+00:00,statlite,19880,513392
quarkus,180.03269646299987,2026-10-02T19:05:42.417843+00:00,quarkus,175360,513392
quarkus,185.03243198999985,2026-10-02T19:05:47.417579+00:00,fixture,22916,513504
quarkus,185.03243198999985,2026-10-02T19:05:47.417579+00:00,statlite,19880,513504
quarkus,185.03243198999985,2026-10-02T19:05:47.417579+00:00,quarkus,175404,513504
quarkus,190.02766074500005,2026-10-02T19:05:52.412809+00:00,fixture,22920,513544
quarkus,190.02766074500005,2026-10-02T19:05:52.412809+00:00,statlite,19880,513544
quarkus,190.02766074500005,2026-10-02T19:05:52.412809+00:00,quarkus,175464,513544
quarkus,195.02465055999983,2026-10-02T19:05:57.409799+00:00,fixture,22916,513416
quarkus,195.02465055999983,2026-10-02T19:05:57.409799+00:00,statlite,19888,513416
quarkus,195.02465055999983,2026-10-02T19:05:57.409799+00:00,quarkus,175580,513416
quarkus,200.02531727899986,2026-10-02T19:06:02.410466+00:00,fixture,22916,513512
quarkus,200.02531727899986,2026-10-02T19:06:02.410466+00:00,statlite,19896,513512
quarkus,200.02531727899986,2026-10-02T19:06:02.410466+00:00,quarkus,175656,513512
quarkus,205.02399244799994,2026-10-02T19:06:07.409141+00:00,fixture,22916,513364
quarkus,205.02399244799994,2026-10-02T19:06:07.409141+00:00,statlite,19856,513364
quarkus,205.02399244799994,2026-10-02T19:06:07.409141+00:00,quarkus,175716,513364
quarkus,210.03129377200003,2026-10-02T19:06:12.416443+00:00,fixture,22916,513428
quarkus,210.03129377200003,2026-10-02T19:06:12.416443+00:00,statlite,19856,513428
quarkus,210.03129377200003,2026-10-02T19:06:12.416443+00:00,quarkus,175752,513428
quarkus,215.020884368,2026-10-02T19:06:17.406032+00:00,fixture,22916,513288
quarkus,215.020884368,2026-10-02T19:06:17.406032+00:00,statlite,19856,513288
quarkus,215.020884368,2026-10-02T19:06:17.406032+00:00,quarkus,175820,513288
quarkus,220.048778179,2026-10-02T19:06:22.433927+00:00,fixture,22916,513096
quarkus,220.048778179,2026-10-02T19:06:22.433927+00:00,statlite,19856,513096
quarkus,220.048778179,2026-10-02T19:06:22.433927+00:00,quarkus,175896,513096
quarkus,225.04596928799992,2026-10-02T19:06:27.431117+00:00,fixture,22916,513196
quarkus,225.04596928799992,2026-10-02T19:06:27.431117+00:00,statlite,19864,513196
quarkus,225.04596928799992,2026-10-02T19:06:27.431117+00:00,quarkus,175948,513196
quarkus,230.04301321799994,2026-10-02T19:06:32.428160+00:00,fixture,22916,513268
quarkus,230.04301321799994,2026-10-02T19:06:32.428160+00:00,statlite,19864,513268
quarkus,230.04301321799994,2026-10-02T19:06:32.428160+00:00,quarkus,175964,513268
quarkus,235.03833984799985,2026-10-02T19:06:37.423487+00:00,fixture,22916,513368
quarkus,235.03833984799985,2026-10-02T19:06:37.423487+00:00,statlite,19864,513368
quarkus,235.03833984799985,2026-10-02T19:06:37.423487+00:00,quarkus,175996,513368
quarkus,240.03516284800003,2026-10-02T19:06:42.420310+00:00,fixture,22916,505384
quarkus,240.03516284800003,2026-10-02T19:06:42.420310+00:00,statlite,19872,505384
quarkus,240.03516284800003,2026-10-02T19:06:42.420310+00:00,quarkus,180316,505384
quarkus,245.0526004599999,2026-10-02T19:06:47.437746+00:00,fixture,22916,505488
quarkus,245.0526004599999,2026-10-02T19:06:47.437746+00:00,statlite,19880,505488
quarkus,245.0526004599999,2026-10-02T19:06:47.437746+00:00,quarkus,180456,505488
quarkus,250.04741603899993,2026-10-02T19:06:52.432562+00:00,fixture,22916,505300
quarkus,250.04741603899993,2026-10-02T19:06:52.432562+00:00,statlite,19880,505300
quarkus,250.04741603899993,2026-10-02T19:06:52.432562+00:00,quarkus,180480,505300
quarkus,255.04751941999984,2026-10-02T19:06:57.432665+00:00,fixture,22916,505404
quarkus,255.04751941999984,2026-10-02T19:06:57.432665+00:00,statlite,19884,505404
quarkus,255.04751941999984,2026-10-02T19:06:57.432665+00:00,quarkus,180692,505404
quarkus,260.00789186199995,2026-10-02T19:07:02.393037+00:00,fixture,22916,505476
quarkus,260.00789186199995,2026-10-02T19:07:02.393037+00:00,statlite,19884,505476
quarkus,260.00789186199995,2026-10-02T19:07:02.393037+00:00,quarkus,180756,505476
quarkus,265.03218766299983,2026-10-02T19:07:07.417335+00:00,fixture,22916,505584
quarkus,265.03218766299983,2026-10-02T19:07:07.417335+00:00,statlite,19884,505584
quarkus,265.03218766299983,2026-10-02T19:07:07.417335+00:00,quarkus,180852,505584
quarkus,270.025703538,2026-10-02T19:07:12.410852+00:00,fixture,22920,505652
quarkus,270.025703538,2026-10-02T19:07:12.410852+00:00,statlite,19892,505652
quarkus,270.025703538,2026-10-02T19:07:12.410852+00:00,quarkus,180876,505652
quarkus,275.0236216399999,2026-10-02T19:07:17.408769+00:00,fixture,22916,505760
quarkus,275.0236216399999,2026-10-02T19:07:17.408769+00:00,statlite,19896,505760
quarkus,275.0236216399999,2026-10-02T19:07:17.408769+00:00,quarkus,180952,505760
quarkus,280.017113829,2026-10-02T19:07:22.402263+00:00,fixture,22916,505832
quarkus,280.017113829,2026-10-02T19:07:22.402263+00:00,statlite,19896,505832
quarkus,280.017113829,2026-10-02T19:07:22.402263+00:00,quarkus,181016,505832
quarkus,285.0103563389998,2026-10-02T19:07:27.395504+00:00,fixture,22916,505700
quarkus,285.0103563389998,2026-10-02T19:07:27.395504+00:00,statlite,19896,505700
quarkus,285.0103563389998,2026-10-02T19:07:27.395504+00:00,quarkus,181072,505700
quarkus,290.00735144500004,2026-10-02T19:07:32.392499+00:00,fixture,22916,505760
quarkus,290.00735144500004,2026-10-02T19:07:32.392499+00:00,statlite,19896,505760
quarkus,290.00735144500004,2026-10-02T19:07:32.392499+00:00,quarkus,181104,505760
quarkus,295.04731106199984,2026-10-02T19:07:37.432460+00:00,fixture,22916,505864
quarkus,295.04731106199984,2026-10-02T19:07:37.432460+00:00,statlite,19900,505864
quarkus,295.04731106199984,2026-10-02T19:07:37.432460+00:00,quarkus,181160,505864
quarkus,300.04747713999996,2026-10-02T19:07:42.432624+00:00,fixture,22920,505676
quarkus,300.04747713999996,2026-10-02T19:07:42.432624+00:00,statlite,19900,505676
quarkus,300.04747713999996,2026-10-02T19:07:42.432624+00:00,quarkus,181252,505676
quarkus,305.00752742500003,2026-10-02T19:07:47.392673+00:00,fixture,22920,505788
quarkus,305.00752742500003,2026-10-02T19:07:47.392673+00:00,statlite,19900,505788
quarkus,305.00752742500003,2026-10-02T19:07:47.392673+00:00,quarkus,181332,505788
quarkus,310.0052677399999,2026-10-02T19:07:52.390414+00:00,fixture,22916,505604
quarkus,310.0052677399999,2026-10-02T19:07:52.390414+00:00,statlite,19904,505604
quarkus,310.0052677399999,2026-10-02T19:07:52.390414+00:00,quarkus,181396,505604
quarkus,315.008346267,2026-10-02T19:07:57.393492+00:00,fixture,22916,505720
quarkus,315.008346267,2026-10-02T19:07:57.393492+00:00,statlite,19776,505720
quarkus,315.008346267,2026-10-02T19:07:57.393492+00:00,quarkus,181476,505720
quarkus,320.048573929,2026-10-02T19:08:02.433722+00:00,fixture,22920,505780
quarkus,320.048573929,2026-10-02T19:08:02.433722+00:00,statlite,19776,505780
quarkus,320.048573929,2026-10-02T19:08:02.433722+00:00,quarkus,181496,505780
quarkus,325.0414450139999,2026-10-02T19:08:07.426594+00:00,fixture,22920,505884
quarkus,325.0414450139999,2026-10-02T19:08:07.426594+00:00,statlite,19788,505884
quarkus,325.0414450139999,2026-10-02T19:08:07.426594+00:00,quarkus,181508,505884
quarkus,330.02241268399985,2026-10-02T19:08:12.407563+00:00,fixture,22916,505940
quarkus,330.02241268399985,2026-10-02T19:08:12.407563+00:00,statlite,19788,505940
quarkus,330.02241268399985,2026-10-02T19:08:12.407563+00:00,quarkus,181512,505940
quarkus,335.006634783,2026-10-02T19:08:17.391784+00:00,fixture,22916,505812
quarkus,335.006634783,2026-10-02T19:08:17.391784+00:00,statlite,19812,505812
quarkus,335.006634783,2026-10-02T19:08:17.391784+00:00,quarkus,181540,505812
quarkus,340.03926184099987,2026-10-02T19:08:22.424411+00:00,fixture,22916,505860
quarkus,340.03926184099987,2026-10-02T19:08:22.424411+00:00,statlite,19812,505860
quarkus,340.03926184099987,2026-10-02T19:08:22.424411+00:00,quarkus,181544,505860
quarkus,345.025296968,2026-10-02T19:08:27.410446+00:00,fixture,22916,505988
quarkus,345.025296968,2026-10-02T19:08:27.410446+00:00,statlite,19820,505988
quarkus,345.025296968,2026-10-02T19:08:27.410446+00:00,quarkus,181644,505988
quarkus,350.00679636099994,2026-10-02T19:08:32.391946+00:00,fixture,22916,506044
quarkus,350.00679636099994,2026-10-02T19:08:32.391946+00:00,statlite,19820,506044
quarkus,350.00679636099994,2026-10-02T19:08:32.391946+00:00,quarkus,181664,506044
quarkus,355.0439922989999,2026-10-02T19:08:37.429141+00:00,fixture,22916,505908
quarkus,355.0439922989999,2026-10-02T19:08:37.429141+00:00,statlite,19820,505908
quarkus,355.0439922989999,2026-10-02T19:08:37.429141+00:00,quarkus,181712,505908
quarkus,360.029667064,2026-10-02T19:08:42.414815+00:00,fixture,22920,505952
quarkus,360.029667064,2026-10-02T19:08:42.414815+00:00,statlite,19820,505952
quarkus,360.029667064,2026-10-02T19:08:42.414815+00:00,quarkus,181876,505952
quarkus,365.0128868899999,2026-10-02T19:08:47.397958+00:00,fixture,22916,506052
quarkus,365.0128868899999,2026-10-02T19:08:47.397958+00:00,statlite,19820,506052
quarkus,365.0128868899999,2026-10-02T19:08:47.397958+00:00,quarkus,181936,506052
quarkus,370.048541421,2026-10-02T19:08:52.433689+00:00,fixture,22916,506112
quarkus,370.048541421,2026-10-02T19:08:52.433689+00:00,statlite,19820,506112
quarkus,370.048541421,2026-10-02T19:08:52.433689+00:00,quarkus,181952,506112
quarkus,375.02871254,2026-10-02T19:08:57.413860+00:00,fixture,22920,505980
quarkus,375.02871254,2026-10-02T19:08:57.413860+00:00,statlite,19820,505980
quarkus,375.02871254,2026-10-02T19:08:57.413860+00:00,quarkus,182040,505980
quarkus,380.01999703,2026-10-02T19:09:02.405147+00:00,fixture,22916,506044
quarkus,380.01999703,2026-10-02T19:09:02.405147+00:00,statlite,19824,506044
quarkus,380.01999703,2026-10-02T19:09:02.405147+00:00,quarkus,182060,506044
quarkus,385.01634837100005,2026-10-02T19:09:07.401496+00:00,fixture,22916,506160
quarkus,385.01634837100005,2026-10-02T19:09:07.401496+00:00,statlite,19828,506160
quarkus,385.01634837100005,2026-10-02T19:09:07.401496+00:00,quarkus,182100,506160
quarkus,390.01273611199986,2026-10-02T19:09:12.397883+00:00,fixture,22916,506240
quarkus,390.01273611199986,2026-10-02T19:09:12.397883+00:00,statlite,19828,506240
quarkus,390.01273611199986,2026-10-02T19:09:12.397883+00:00,quarkus,182128,506240
quarkus,395.00929458099995,2026-10-02T19:09:17.394442+00:00,fixture,22916,506108
quarkus,395.00929458099995,2026-10-02T19:09:17.394442+00:00,statlite,19828,506108
quarkus,395.00929458099995,2026-10-02T19:09:17.394442+00:00,quarkus,182176,506108
quarkus,400.013512839,2026-10-02T19:09:22.398656+00:00,fixture,22916,506172
quarkus,400.013512839,2026-10-02T19:09:22.398656+00:00,statlite,19828,506172
quarkus,400.013512839,2026-10-02T19:09:22.398656+00:00,quarkus,182184,506172
quarkus,405.0109020499999,2026-10-02T19:09:27.396049+00:00,fixture,22916,506280
quarkus,405.0109020499999,2026-10-02T19:09:27.396049+00:00,statlite,19828,506280
quarkus,405.0109020499999,2026-10-02T19:09:27.396049+00:00,quarkus,182360,506280
quarkus,410.044617582,2026-10-02T19:09:32.429767+00:00,fixture,22920,506076
quarkus,410.044617582,2026-10-02T19:09:32.429767+00:00,statlite,19828,506076
quarkus,410.044617582,2026-10-02T19:09:32.429767+00:00,quarkus,182372,506076
quarkus,415.0315162489999,2026-10-02T19:09:37.416665+00:00,fixture,22916,506228
quarkus,415.0315162489999,2026-10-02T19:09:37.416665+00:00,statlite,19848,506228
quarkus,415.0315162489999,2026-10-02T19:09:37.416665+00:00,quarkus,182464,506228
quarkus,420.0514489059999,2026-10-02T19:09:42.436599+00:00,fixture,22916,506296
quarkus,420.0514489059999,2026-10-02T19:09:42.436599+00:00,statlite,19856,506296
quarkus,420.0514489059999,2026-10-02T19:09:42.436599+00:00,quarkus,182476,506296
quarkus,425.037558687,2026-10-02T19:09:47.422707+00:00,fixture,22920,506392
quarkus,425.037558687,2026-10-02T19:09:47.422707+00:00,statlite,19856,506392
quarkus,425.037558687,2026-10-02T19:09:47.422707+00:00,quarkus,182528,506392
quarkus,430.0158203839999,2026-10-02T19:09:52.400969+00:00,fixture,22920,506460
quarkus,430.0158203839999,2026-10-02T19:09:52.400969+00:00,statlite,19864,506460
quarkus,430.0158203839999,2026-10-02T19:09:52.400969+00:00,quarkus,182548,506460
quarkus,435.04826942,2026-10-02T19:09:57.433417+00:00,fixture,22916,506340
quarkus,435.04826942,2026-10-02T19:09:57.433417+00:00,statlite,19872,506340
quarkus,435.04826942,2026-10-02T19:09:57.433417+00:00,quarkus,182512,506340
quarkus,440.0128232479999,2026-10-02T19:10:02.397969+00:00,fixture,22916,506384
quarkus,440.0128232479999,2026-10-02T19:10:02.397969+00:00,statlite,19872,506384
quarkus,440.0128232479999,2026-10-02T19:10:02.397969+00:00,quarkus,182528,506384
quarkus,445.03133692100005,2026-10-02T19:10:07.416487+00:00,fixture,22916,506488
quarkus,445.03133692100005,2026-10-02T19:10:07.416487+00:00,statlite,19872,506488
quarkus,445.03133692100005,2026-10-02T19:10:07.416487+00:00,quarkus,182596,506488
quarkus,450.0111102389999,2026-10-02T19:10:12.396260+00:00,fixture,22916,506568
quarkus,450.0111102389999,2026-10-02T19:10:12.396260+00:00,statlite,19876,506568
quarkus,450.0111102389999,2026-10-02T19:10:12.396260+00:00,quarkus,182684,506568
quarkus,455.034137978,2026-10-02T19:10:17.419285+00:00,fixture,22916,504440
quarkus,455.034137978,2026-10-02T19:10:17.419285+00:00,statlite,19876,504440
quarkus,455.034137978,2026-10-02T19:10:17.419285+00:00,quarkus,182780,504440
quarkus,460.0049246609999,2026-10-02T19:10:22.390069+00:00,fixture,22916,504492
quarkus,460.0049246609999,2026-10-02T19:10:22.390069+00:00,statlite,19876,504492
quarkus,460.0049246609999,2026-10-02T19:10:22.390069+00:00,quarkus,182864,504492
quarkus,465.035003039,2026-10-02T19:10:27.420151+00:00,fixture,22916,504620
quarkus,465.035003039,2026-10-02T19:10:27.420151+00:00,statlite,19876,504620
quarkus,465.035003039,2026-10-02T19:10:27.420151+00:00,quarkus,183084,504620
quarkus,470.011227338,2026-10-02T19:10:32.396374+00:00,fixture,22916,504676
quarkus,470.011227338,2026-10-02T19:10:32.396374+00:00,statlite,19876,504676
quarkus,470.011227338,2026-10-02T19:10:32.396374+00:00,quarkus,183128,504676
quarkus,475.015181041,2026-10-02T19:10:37.400330+00:00,fixture,22916,504520
quarkus,475.015181041,2026-10-02T19:10:37.400330+00:00,statlite,19876,504520
quarkus,475.015181041,2026-10-02T19:10:37.400330+00:00,quarkus,183196,504520
quarkus,480.0259023189999,2026-10-02T19:10:42.411050+00:00,fixture,22916,504604
quarkus,480.0259023189999,2026-10-02T19:10:42.411050+00:00,statlite,19880,504604
quarkus,480.0259023189999,2026-10-02T19:10:42.411050+00:00,quarkus,183412,504604
quarkus,485.034705949,2026-10-02T19:10:47.419842+00:00,fixture,22916,504712
quarkus,485.034705949,2026-10-02T19:10:47.419842+00:00,statlite,19884,504712
quarkus,485.034705949,2026-10-02T19:10:47.419842+00:00,quarkus,183464,504712
quarkus,490.03491718600003,2026-10-02T19:10:52.420066+00:00,fixture,22916,504512
quarkus,490.03491718600003,2026-10-02T19:10:52.420066+00:00,statlite,19888,504512
quarkus,490.03491718600003,2026-10-02T19:10:52.420066+00:00,quarkus,183512,504512
quarkus,495.00663318600004,2026-10-02T19:10:57.391783+00:00,fixture,22916,504628
quarkus,495.00663318600004,2026-10-02T19:10:57.391783+00:00,statlite,19896,504628
quarkus,495.00663318600004,2026-10-02T19:10:57.391783+00:00,quarkus,183608,504628
quarkus,500.02872498299985,2026-10-02T19:11:02.413872+00:00,fixture,22920,504676
quarkus,500.02872498299985,2026-10-02T19:11:02.413872+00:00,statlite,19896,504676
quarkus,500.02872498299985,2026-10-02T19:11:02.413872+00:00,quarkus,183732,504676
quarkus,505.039602734,2026-10-02T19:11:07.424751+00:00,fixture,22920,504540
quarkus,505.039602734,2026-10-02T19:11:07.424751+00:00,statlite,19896,504540
quarkus,505.039602734,2026-10-02T19:11:07.424751+00:00,quarkus,183812,504540
quarkus,510.05008266999994,2026-10-02T19:11:12.435232+00:00,fixture,22916,504604
quarkus,510.05008266999994,2026-10-02T19:11:12.435232+00:00,statlite,19896,504604
quarkus,510.05008266999994,2026-10-02T19:11:12.435232+00:00,quarkus,183840,504604
quarkus,515.0499013029998,2026-10-02T19:11:17.434986+00:00,fixture,22916,504688
quarkus,515.0499013029998,2026-10-02T19:11:17.434986+00:00,statlite,19896,504688
quarkus,515.0499013029998,2026-10-02T19:11:17.434986+00:00,quarkus,183932,504688
quarkus,520.047849932,2026-10-02T19:11:22.432999+00:00,fixture,22916,504492
quarkus,520.047849932,2026-10-02T19:11:22.432999+00:00,statlite,19904,504492
quarkus,520.047849932,2026-10-02T19:11:22.432999+00:00,quarkus,183976,504492
quarkus,525.00495402,2026-10-02T19:11:27.390103+00:00,fixture,22916,504072
quarkus,525.00495402,2026-10-02T19:11:27.390103+00:00,statlite,19904,504072
quarkus,525.00495402,2026-10-02T19:11:27.390103+00:00,quarkus,184100,504072
quarkus,530.007276093,2026-10-02T19:11:32.392425+00:00,fixture,22916,503876
quarkus,530.007276093,2026-10-02T19:11:32.392425+00:00,statlite,19904,503876
quarkus,530.007276093,2026-10-02T19:11:32.392425+00:00,quarkus,184272,503876
quarkus,535.007717878,2026-10-02T19:11:37.392867+00:00,fixture,22916,503964
quarkus,535.007717878,2026-10-02T19:11:37.392867+00:00,statlite,19912,503964
quarkus,535.007717878,2026-10-02T19:11:37.392867+00:00,quarkus,184324,503964
quarkus,540.0417815569999,2026-10-02T19:11:42.426912+00:00,fixture,22920,504028
quarkus,540.0417815569999,2026-10-02T19:11:42.426912+00:00,statlite,19912,504028
quarkus,540.0417815569999,2026-10-02T19:11:42.426912+00:00,quarkus,184472,504028
quarkus,545.0141243,2026-10-02T19:11:47.399271+00:00,fixture,22916,503856
quarkus,545.0141243,2026-10-02T19:11:47.399271+00:00,statlite,19916,503856
quarkus,545.0141243,2026-10-02T19:11:47.399271+00:00,quarkus,184612,503856
quarkus,550.0407484329999,2026-10-02T19:11:52.425897+00:00,fixture,22916,503900
quarkus,550.0407484329999,2026-10-02T19:11:52.425897+00:00,statlite,19916,503900
quarkus,550.0407484329999,2026-10-02T19:11:52.425897+00:00,quarkus,184632,503900
quarkus,555.030553805,2026-10-02T19:11:57.415701+00:00,fixture,22920,503976
quarkus,555.030553805,2026-10-02T19:11:57.415701+00:00,statlite,19916,503976
quarkus,555.030553805,2026-10-02T19:11:57.415701+00:00,quarkus,184636,503976
quarkus,560.0430860919998,2026-10-02T19:12:02.428234+00:00,fixture,22916,504004
quarkus,560.0430860919998,2026-10-02T19:12:02.428234+00:00,statlite,19924,504004
quarkus,560.0430860919998,2026-10-02T19:12:02.428234+00:00,quarkus,184652,504004
quarkus,565.043741366,2026-10-02T19:12:07.428889+00:00,fixture,22916,503592
quarkus,565.043741366,2026-10-02T19:12:07.428889+00:00,statlite,19932,503592
quarkus,565.043741366,2026-10-02T19:12:07.428889+00:00,quarkus,184700,503592
quarkus,570.002633135,2026-10-02T19:12:12.387782+00:00,fixture,22920,503640
quarkus,570.002633135,2026-10-02T19:12:12.387782+00:00,statlite,19936,503640
quarkus,570.002633135,2026-10-02T19:12:12.387782+00:00,quarkus,184724,503640
quarkus,575.025191275,2026-10-02T19:12:17.410336+00:00,fixture,22916,503716
quarkus,575.025191275,2026-10-02T19:12:17.410336+00:00,statlite,19940,503716
quarkus,575.025191275,2026-10-02T19:12:17.410336+00:00,quarkus,184780,503716
quarkus,580.0405309999999,2026-10-02T19:12:22.425674+00:00,fixture,22916,503776
quarkus,580.0405309999999,2026-10-02T19:12:22.425674+00:00,statlite,19940,503776
quarkus,580.0405309999999,2026-10-02T19:12:22.425674+00:00,quarkus,184800,503776
quarkus,585.009069944,2026-10-02T19:12:27.394218+00:00,fixture,22916,487972
quarkus,585.009069944,2026-10-02T19:12:27.394218+00:00,statlite,19940,487972
quarkus,585.009069944,2026-10-02T19:12:27.394218+00:00,quarkus,193468,487972
quarkus,590.028635935,2026-10-02T19:12:32.413783+00:00,fixture,22916,487772
quarkus,590.028635935,2026-10-02T19:12:32.413783+00:00,statlite,19940,487772
quarkus,590.028635935,2026-10-02T19:12:32.413783+00:00,quarkus,193580,487772
quarkus,595.027708375,2026-10-02T19:12:37.412856+00:00,fixture,22916,487592
quarkus,595.027708375,2026-10-02T19:12:37.412856+00:00,statlite,19944,487592
quarkus,595.027708375,2026-10-02T19:12:37.412856+00:00,quarkus,193940,487592
quarkus,600.046480321,2026-10-02T19:12:42.431626+00:00,fixture,22916,487620
quarkus,600.046480321,2026-10-02T19:12:42.431626+00:00,statlite,19944,487620
quarkus,600.046480321,2026-10-02T19:12:42.431626+00:00,quarkus,194040,487620
quarkus,605.0364389469999,2026-10-02T19:12:47.421589+00:00,fixture,22916,487716
quarkus,605.0364389469999,2026-10-02T19:12:47.421589+00:00,statlite,19944,487716
quarkus,605.0364389469999,2026-10-02T19:12:47.421589+00:00,quarkus,194068,487716
quarkus,610.0240733149999,2026-10-02T19:12:52.409223+00:00,fixture,22920,487780
quarkus,610.0240733149999,2026-10-02T19:12:52.409223+00:00,statlite,19944,487780
quarkus,610.0240733149999,2026-10-02T19:12:52.409223+00:00,quarkus,194068,487780
quarkus,615.0160094549999,2026-10-02T19:12:57.401158+00:00,fixture,22916,487848
quarkus,615.0160094549999,2026-10-02T19:12:57.401158+00:00,statlite,19944,487848
quarkus,615.0160094549999,2026-10-02T19:12:57.401158+00:00,quarkus,194084,487848
quarkus,620.0328224049999,2026-10-02T19:13:02.417972+00:00,fixture,22916,487900
quarkus,620.0328224049999,2026-10-02T19:13:02.417972+00:00,statlite,19944,487900
quarkus,620.0328224049999,2026-10-02T19:13:02.417972+00:00,quarkus,194088,487900
quarkus,625.025412143,2026-10-02T19:13:07.410559+00:00,fixture,22916,487988
quarkus,625.025412143,2026-10-02T19:13:07.410559+00:00,statlite,19960,487988
quarkus,625.025412143,2026-10-02T19:13:07.410559+00:00,quarkus,194096,487988
quarkus,630.017523512,2026-10-02T19:13:12.402672+00:00,fixture,22920,488032
quarkus,630.017523512,2026-10-02T19:13:12.402672+00:00,statlite,19972,488032
quarkus,630.017523512,2026-10-02T19:13:12.402672+00:00,quarkus,194100,488032
quarkus,635.007009142,2026-10-02T19:13:17.392155+00:00,fixture,22916,488124
quarkus,635.007009142,2026-10-02T19:13:17.392155+00:00,statlite,19988,488124
quarkus,635.007009142,2026-10-02T19:13:17.392155+00:00,quarkus,194136,488124
quarkus,640.0470050879999,2026-10-02T19:13:22.432151+00:00,fixture,22916,487912
quarkus,640.0470050879999,2026-10-02T19:13:22.432151+00:00,statlite,19988,487912
quarkus,640.0470050879999,2026-10-02T19:13:22.432151+00:00,quarkus,194152,487912
quarkus,645.041669853,2026-10-02T19:13:27.426818+00:00,fixture,22916,487968
quarkus,645.041669853,2026-10-02T19:13:27.426818+00:00,statlite,19992,487968
quarkus,645.041669853,2026-10-02T19:13:27.426818+00:00,quarkus,194160,487968
quarkus,650.0195824509999,2026-10-02T19:13:32.404732+00:00,fixture,22916,487996
quarkus,650.0195824509999,2026-10-02T19:13:32.404732+00:00,statlite,19992,487996
quarkus,650.0195824509999,2026-10-02T19:13:32.404732+00:00,quarkus,194160,487996
quarkus,655.011160499,2026-10-02T19:13:37.396308+00:00,fixture,22916,488040
quarkus,655.011160499,2026-10-02T19:13:37.396308+00:00,statlite,19992,488040
quarkus,655.011160499,2026-10-02T19:13:37.396308+00:00,quarkus,194172,488040
quarkus,660.006229263,2026-10-02T19:13:42.391377+00:00,fixture,22940,488088
quarkus,660.006229263,2026-10-02T19:13:42.391377+00:00,statlite,19992,488088
quarkus,660.006229263,2026-10-02T19:13:42.391377+00:00,quarkus,194180,488088
quarkus,665.020843629,2026-10-02T19:13:47.405991+00:00,fixture,22944,488156
quarkus,665.020843629,2026-10-02T19:13:47.405991+00:00,statlite,19996,488156
quarkus,665.020843629,2026-10-02T19:13:47.405991+00:00,quarkus,194200,488156
quarkus,670.0297658699999,2026-10-02T19:13:52.414909+00:00,fixture,22940,488212
quarkus,670.0297658699999,2026-10-02T19:13:52.414909+00:00,statlite,19996,488212
quarkus,670.0297658699999,2026-10-02T19:13:52.414909+00:00,quarkus,194204,488212
quarkus,675.0261894389998,2026-10-02T19:13:57.411337+00:00,fixture,22940,488036
quarkus,675.0261894389998,2026-10-02T19:13:57.411337+00:00,statlite,20000,488036
quarkus,675.0261894389998,2026-10-02T19:13:57.411337+00:00,quarkus,194216,488036
quarkus,680.0127756449999,2026-10-02T19:14:02.397924+00:00,fixture,22944,488092
quarkus,680.0127756449999,2026-10-02T19:14:02.397924+00:00,statlite,20000,488092
quarkus,680.0127756449999,2026-10-02T19:14:02.397924+00:00,quarkus,194216,488092
quarkus,685.0503886269998,2026-10-02T19:14:07.435537+00:00,fixture,22940,488148
quarkus,685.0503886269998,2026-10-02T19:14:07.435537+00:00,statlite,20080,488148
quarkus,685.0503886269998,2026-10-02T19:14:07.435537+00:00,quarkus,194216,488148
quarkus,690.012369171,2026-10-02T19:14:12.397517+00:00,fixture,22944,488200
quarkus,690.012369171,2026-10-02T19:14:12.397517+00:00,statlite,20088,488200
quarkus,690.012369171,2026-10-02T19:14:12.397517+00:00,quarkus,194216,488200
quarkus,695.032100289,2026-10-02T19:14:17.417247+00:00,fixture,22940,488272
quarkus,695.032100289,2026-10-02T19:14:17.417247+00:00,statlite,20096,488272
quarkus,695.032100289,2026-10-02T19:14:17.417247+00:00,quarkus,194220,488272
quarkus,700.0163494819999,2026-10-02T19:14:22.401497+00:00,fixture,22940,486096
quarkus,700.0163494819999,2026-10-02T19:14:22.401497+00:00,statlite,20116,486096
quarkus,700.0163494819999,2026-10-02T19:14:22.401497+00:00,quarkus,194220,486096
quarkus,705.0501691309998,2026-10-02T19:14:27.435316+00:00,fixture,22940,486180
quarkus,705.0501691309998,2026-10-02T19:14:27.435316+00:00,statlite,20116,486180
quarkus,705.0501691309998,2026-10-02T19:14:27.435316+00:00,quarkus,194224,486180
quarkus,710.0063885899999,2026-10-02T19:14:32.391537+00:00,fixture,22940,486224
quarkus,710.0063885899999,2026-10-02T19:14:32.391537+00:00,statlite,20116,486224
quarkus,710.0063885899999,2026-10-02T19:14:32.391537+00:00,quarkus,194232,486224
quarkus,715.0498398339998,2026-10-02T19:14:37.434987+00:00,fixture,22940,486288
quarkus,715.0498398339998,2026-10-02T19:14:37.434987+00:00,statlite,20116,486288
quarkus,715.0498398339998,2026-10-02T19:14:37.434987+00:00,quarkus,194232,486288
quarkus,720.009532481,2026-10-02T19:14:42.394682+00:00,fixture,22940,486332
quarkus,720.009532481,2026-10-02T19:14:42.394682+00:00,statlite,20116,486332
quarkus,720.009532481,2026-10-02T19:14:42.394682+00:00,quarkus,194096,486332
quarkus,725.034719344,2026-10-02T19:14:47.419869+00:00,fixture,22940,486404
quarkus,725.034719344,2026-10-02T19:14:47.419869+00:00,statlite,20124,486404
quarkus,725.034719344,2026-10-02T19:14:47.419869+00:00,quarkus,194264,486404
quarkus,730.0290062839999,2026-10-02T19:14:52.414153+00:00,fixture,22940,486444
quarkus,730.0290062839999,2026-10-02T19:14:52.414153+00:00,statlite,20124,486444
quarkus,730.0290062839999,2026-10-02T19:14:52.414153+00:00,quarkus,194264,486444
quarkus,735.0336293749999,2026-10-02T19:14:57.418778+00:00,fixture,22940,486536
quarkus,735.0336293749999,2026-10-02T19:14:57.418778+00:00,statlite,20128,486536
quarkus,735.0336293749999,2026-10-02T19:14:57.418778+00:00,quarkus,194284,486536
quarkus,740.019399711,2026-10-02T19:15:02.404547+00:00,fixture,22940,486588
quarkus,740.019399711,2026-10-02T19:15:02.404547+00:00,statlite,20128,486588
quarkus,740.019399711,2026-10-02T19:15:02.404547+00:00,quarkus,194284,486588
quarkus,745.010747542,2026-10-02T19:15:07.395896+00:00,fixture,22940,486672
quarkus,745.010747542,2026-10-02T19:15:07.395896+00:00,statlite,20128,486672
quarkus,745.010747542,2026-10-02T19:15:07.395896+00:00,quarkus,194296,486672
quarkus,750.0342629089998,2026-10-02T19:15:12.419412+00:00,fixture,22940,486728
quarkus,750.0342629089998,2026-10-02T19:15:12.419412+00:00,statlite,20128,486728
quarkus,750.0342629089998,2026-10-02T19:15:12.419412+00:00,quarkus,194300,486728
quarkus,755.0262223749999,2026-10-02T19:15:17.411370+00:00,fixture,22940,486816
quarkus,755.0262223749999,2026-10-02T19:15:17.411370+00:00,statlite,20128,486816
quarkus,755.0262223749999,2026-10-02T19:15:17.411370+00:00,quarkus,194308,486816
quarkus,760.035566047,2026-10-02T19:15:22.420715+00:00,fixture,22940,486852
quarkus,760.035566047,2026-10-02T19:15:22.420715+00:00,statlite,20128,486852
quarkus,760.035566047,2026-10-02T19:15:22.420715+00:00,quarkus,194308,486852
quarkus,765.039405275,2026-10-02T19:15:27.424549+00:00,fixture,22940,486944
quarkus,765.039405275,2026-10-02T19:15:27.424549+00:00,statlite,20128,486944
quarkus,765.039405275,2026-10-02T19:15:27.424549+00:00,quarkus,194368,486944
quarkus,770.0265442719999,2026-10-02T19:15:32.411689+00:00,fixture,22940,486984
quarkus,770.0265442719999,2026-10-02T19:15:32.411689+00:00,statlite,20132,486984
quarkus,770.0265442719999,2026-10-02T19:15:32.411689+00:00,quarkus,194384,486984
quarkus,775.039304461,2026-10-02T19:15:37.424454+00:00,fixture,22940,487048
quarkus,775.039304461,2026-10-02T19:15:37.424454+00:00,statlite,20136,487048
quarkus,775.039304461,2026-10-02T19:15:37.424454+00:00,quarkus,194388,487048
quarkus,780.0269885529999,2026-10-02T19:15:42.412136+00:00,fixture,22940,487080
quarkus,780.0269885529999,2026-10-02T19:15:42.412136+00:00,statlite,20136,487080
quarkus,780.0269885529999,2026-10-02T19:15:42.412136+00:00,quarkus,194404,487080
quarkus,785.0498376619998,2026-10-02T19:15:47.434985+00:00,fixture,22940,487168
quarkus,785.0498376619998,2026-10-02T19:15:47.434985+00:00,statlite,20136,487168
quarkus,785.0498376619998,2026-10-02T19:15:47.434985+00:00,quarkus,194432,487168
quarkus,790.0396259669999,2026-10-02T19:15:52.424774+00:00,fixture,22940,487220
quarkus,790.0396259669999,2026-10-02T19:15:52.424774+00:00,statlite,20148,487220
quarkus,790.0396259669999,2026-10-02T19:15:52.424774+00:00,quarkus,194436,487220
quarkus,795.0386071769999,2026-10-02T19:15:57.423755+00:00,fixture,22940,487300
quarkus,795.0386071769999,2026-10-02T19:15:57.423755+00:00,statlite,20156,487300
quarkus,795.0386071769999,2026-10-02T19:15:57.423755+00:00,quarkus,194436,487300
quarkus,800.0283615789999,2026-10-02T19:16:02.413509+00:00,fixture,22940,487328
quarkus,800.0283615789999,2026-10-02T19:16:02.413509+00:00,statlite,20156,487328
quarkus,800.0283615789999,2026-10-02T19:16:02.413509+00:00,quarkus,194436,487328
quarkus,805.004154538,2026-10-02T19:16:07.389303+00:00,fixture,22940,487432
quarkus,805.004154538,2026-10-02T19:16:07.389303+00:00,statlite,20156,487432
quarkus,805.004154538,2026-10-02T19:16:07.389303+00:00,quarkus,194488,487432
quarkus,810.0050941759998,2026-10-02T19:16:12.390245+00:00,fixture,22944,487480
quarkus,810.0050941759998,2026-10-02T19:16:12.390245+00:00,statlite,20164,487480
quarkus,810.0050941759998,2026-10-02T19:16:12.390245+00:00,quarkus,194488,487480
quarkus,815.0380043169998,2026-10-02T19:16:17.423153+00:00,fixture,22940,487576
quarkus,815.0380043169998,2026-10-02T19:16:17.423153+00:00,statlite,20172,487576
quarkus,815.0380043169998,2026-10-02T19:16:17.423153+00:00,quarkus,194520,487576
quarkus,820.0425400269999,2026-10-02T19:16:22.427690+00:00,fixture,22940,487620
quarkus,820.0425400269999,2026-10-02T19:16:22.427690+00:00,statlite,20172,487620
quarkus,820.0425400269999,2026-10-02T19:16:22.427690+00:00,quarkus,194520,487620
quarkus,825.035796589,2026-10-02T19:16:27.420935+00:00,fixture,22940,487652
quarkus,825.035796589,2026-10-02T19:16:27.420935+00:00,statlite,20172,487652
quarkus,825.035796589,2026-10-02T19:16:27.420935+00:00,quarkus,194532,487652
quarkus,830.020702259,2026-10-02T19:16:32.405852+00:00,fixture,22940,487676
quarkus,830.020702259,2026-10-02T19:16:32.405852+00:00,statlite,20172,487676
quarkus,830.020702259,2026-10-02T19:16:32.405852+00:00,quarkus,194532,487676
quarkus,835.0398756259999,2026-10-02T19:16:37.425022+00:00,fixture,22940,487748
quarkus,835.0398756259999,2026-10-02T19:16:37.425022+00:00,statlite,20180,487748
quarkus,835.0398756259999,2026-10-02T19:16:37.425022+00:00,quarkus,194540,487748
quarkus,840.0444207569999,2026-10-02T19:16:42.429569+00:00,fixture,22940,487784
quarkus,840.0444207569999,2026-10-02T19:16:42.429569+00:00,statlite,20188,487784
quarkus,840.0444207569999,2026-10-02T19:16:42.429569+00:00,quarkus,194568,487784
quarkus,845.0361088949999,2026-10-02T19:16:47.421258+00:00,fixture,22940,487840
quarkus,845.0361088949999,2026-10-02T19:16:47.421258+00:00,statlite,20188,487840
quarkus,845.0361088949999,2026-10-02T19:16:47.421258+00:00,quarkus,194576,487840
quarkus,850.03291487,2026-10-02T19:16:52.418064+00:00,fixture,22944,487880
quarkus,850.03291487,2026-10-02T19:16:52.418064+00:00,statlite,20188,487880
quarkus,850.03291487,2026-10-02T19:16:52.418064+00:00,quarkus,194576,487880
quarkus,855.0173934219999,2026-10-02T19:16:57.402544+00:00,fixture,22940,487940
quarkus,855.0173934219999,2026-10-02T19:16:57.402544+00:00,statlite,20188,487940
quarkus,855.0173934219999,2026-10-02T19:16:57.402544+00:00,quarkus,194680,487940
quarkus,860.002263094,2026-10-02T19:17:02.387410+00:00,fixture,22940,487776
quarkus,860.002263094,2026-10-02T19:17:02.387410+00:00,statlite,20188,487776
quarkus,860.002263094,2026-10-02T19:17:02.387410+00:00,quarkus,194704,487776
quarkus,865.040024744,2026-10-02T19:17:07.425175+00:00,fixture,22940,487860
quarkus,865.040024744,2026-10-02T19:17:07.425175+00:00,statlite,20192,487860
quarkus,865.040024744,2026-10-02T19:17:07.425175+00:00,quarkus,194720,487860
quarkus,870.0230109919999,2026-10-02T19:17:12.408161+00:00,fixture,22940,487912
quarkus,870.0230109919999,2026-10-02T19:17:12.408161+00:00,statlite,20192,487912
quarkus,870.0230109919999,2026-10-02T19:17:12.408161+00:00,quarkus,194728,487912
quarkus,875.0382141569999,2026-10-02T19:17:17.423361+00:00,fixture,22944,487956
quarkus,875.0382141569999,2026-10-02T19:17:17.423361+00:00,statlite,20196,487956
quarkus,875.0382141569999,2026-10-02T19:17:17.423361+00:00,quarkus,194740,487956
quarkus,880.0259297079999,2026-10-02T19:17:22.411078+00:00,fixture,22940,488004
quarkus,880.0259297079999,2026-10-02T19:17:22.411078+00:00,statlite,20208,488004
quarkus,880.0259297079999,2026-10-02T19:17:22.411078+00:00,quarkus,194768,488004
quarkus,885.017195789,2026-10-02T19:17:27.402344+00:00,fixture,22940,488052
quarkus,885.017195789,2026-10-02T19:17:27.402344+00:00,statlite,20208,488052
quarkus,885.017195789,2026-10-02T19:17:27.402344+00:00,quarkus,194848,488052
quarkus,890.051490116,2026-10-02T19:17:32.436637+00:00,fixture,22940,488092
quarkus,890.051490116,2026-10-02T19:17:32.436637+00:00,statlite,20208,488092
quarkus,890.051490116,2026-10-02T19:17:32.436637+00:00,quarkus,194848,488092
quarkus,895.004590799,2026-10-02T19:17:37.389740+00:00,fixture,22940,488184
quarkus,895.004590799,2026-10-02T19:17:37.389740+00:00,statlite,20208,488184
quarkus,895.004590799,2026-10-02T19:17:37.389740+00:00,quarkus,194904,488184
micronaut,0.0018678420001378981,2026-10-02T19:17:45.445889+00:00,fixture,22940,499380
micronaut,0.0018678420001378981,2026-10-02T19:17:45.445889+00:00,statlite,20284,499380
micronaut,0.0018678420001378981,2026-10-02T19:17:45.445889+00:00,micronaut,178856,499380
micronaut,5.04585044800001,2026-10-02T19:17:50.489870+00:00,fixture,22940,499476
micronaut,5.04585044800001,2026-10-02T19:17:50.489870+00:00,statlite,20284,499476
micronaut,5.04585044800001,2026-10-02T19:17:50.489870+00:00,micronaut,178936,499476
micronaut,10.041643775000011,2026-10-02T19:17:55.485664+00:00,fixture,22940,499364
micronaut,10.041643775000011,2026-10-02T19:17:55.485664+00:00,statlite,20388,499364
micronaut,10.041643775000011,2026-10-02T19:17:55.485664+00:00,micronaut,181300,499364
micronaut,15.037546533000068,2026-10-02T19:18:00.481566+00:00,fixture,22940,498900
micronaut,15.037546533000068,2026-10-02T19:18:00.481566+00:00,statlite,20392,498900
micronaut,15.037546533000068,2026-10-02T19:18:00.481566+00:00,micronaut,181352,498900
micronaut,20.027867267000147,2026-10-02T19:18:05.471887+00:00,fixture,22940,498692
micronaut,20.027867267000147,2026-10-02T19:18:05.471887+00:00,statlite,20392,498692
micronaut,20.027867267000147,2026-10-02T19:18:05.471887+00:00,micronaut,181584,498692
micronaut,25.02742649200013,2026-10-02T19:18:10.471447+00:00,fixture,22940,498728
micronaut,25.02742649200013,2026-10-02T19:18:10.471447+00:00,statlite,20392,498728
micronaut,25.02742649200013,2026-10-02T19:18:10.471447+00:00,micronaut,181592,498728
micronaut,30.045142519000137,2026-10-02T19:18:15.489162+00:00,fixture,22940,498224
micronaut,30.045142519000137,2026-10-02T19:18:15.489162+00:00,statlite,20392,498224
micronaut,30.045142519000137,2026-10-02T19:18:15.489162+00:00,micronaut,181700,498224
micronaut,35.00188256199999,2026-10-02T19:18:20.445902+00:00,fixture,22940,498364
micronaut,35.00188256199999,2026-10-02T19:18:20.445902+00:00,statlite,20392,498364
micronaut,35.00188256199999,2026-10-02T19:18:20.445902+00:00,micronaut,181720,498364
micronaut,40.01229470499993,2026-10-02T19:18:25.456315+00:00,fixture,22940,498500
micronaut,40.01229470499993,2026-10-02T19:18:25.456315+00:00,statlite,20400,498500
micronaut,40.01229470499993,2026-10-02T19:18:25.456315+00:00,micronaut,181796,498500
micronaut,45.006127258000106,2026-10-02T19:18:30.450147+00:00,fixture,22940,498524
micronaut,45.006127258000106,2026-10-02T19:18:30.450147+00:00,statlite,20400,498524
micronaut,45.006127258000106,2026-10-02T19:18:30.450147+00:00,micronaut,181828,498524
micronaut,50.02935959000024,2026-10-02T19:18:35.473378+00:00,fixture,22940,498280
micronaut,50.02935959000024,2026-10-02T19:18:35.473378+00:00,statlite,20404,498280
micronaut,50.02935959000024,2026-10-02T19:18:35.473378+00:00,micronaut,181972,498280
micronaut,55.04542864599989,2026-10-02T19:18:40.489449+00:00,fixture,22940,498412
micronaut,55.04542864599989,2026-10-02T19:18:40.489449+00:00,statlite,20404,498412
micronaut,55.04542864599989,2026-10-02T19:18:40.489449+00:00,micronaut,182016,498412
micronaut,60.03602928300006,2026-10-02T19:18:45.480048+00:00,fixture,22940,497988
micronaut,60.03602928300006,2026-10-02T19:18:45.480048+00:00,statlite,20416,497988
micronaut,60.03602928300006,2026-10-02T19:18:45.480048+00:00,micronaut,182276,497988
micronaut,65.02333598899986,2026-10-02T19:18:50.467357+00:00,fixture,22940,498056
micronaut,65.02333598899986,2026-10-02T19:18:50.467357+00:00,statlite,20416,498056
micronaut,65.02333598899986,2026-10-02T19:18:50.467357+00:00,micronaut,182356,498056
micronaut,70.01212836400009,2026-10-02T19:18:55.456149+00:00,fixture,22944,497624
micronaut,70.01212836400009,2026-10-02T19:18:55.456149+00:00,statlite,20420,497624
micronaut,70.01212836400009,2026-10-02T19:18:55.456149+00:00,micronaut,182556,497624
micronaut,75.01537753499997,2026-10-02T19:19:00.459397+00:00,fixture,22940,497656
micronaut,75.01537753499997,2026-10-02T19:19:00.459397+00:00,statlite,20424,497656
micronaut,75.01537753499997,2026-10-02T19:19:00.459397+00:00,micronaut,182604,497656
micronaut,80.02588140900025,2026-10-02T19:19:05.469898+00:00,fixture,22944,497468
micronaut,80.02588140900025,2026-10-02T19:19:05.469898+00:00,statlite,20428,497468
micronaut,80.02588140900025,2026-10-02T19:19:05.469898+00:00,micronaut,182816,497468
micronaut,85.01005375900013,2026-10-02T19:19:10.454074+00:00,fixture,22944,497268
micronaut,85.01005375900013,2026-10-02T19:19:10.454074+00:00,statlite,20436,497268
micronaut,85.01005375900013,2026-10-02T19:19:10.454074+00:00,micronaut,182900,497268
micronaut,90.00496299999986,2026-10-02T19:19:15.448983+00:00,fixture,22940,497360
micronaut,90.00496299999986,2026-10-02T19:19:15.448983+00:00,statlite,20436,497360
micronaut,90.00496299999986,2026-10-02T19:19:15.448983+00:00,micronaut,183040,497360
micronaut,95.03758701900006,2026-10-02T19:19:20.481608+00:00,fixture,22940,497160
micronaut,95.03758701900006,2026-10-02T19:19:20.481608+00:00,statlite,20436,497160
micronaut,95.03758701900006,2026-10-02T19:19:20.481608+00:00,micronaut,183076,497160
micronaut,100.027665566,2026-10-02T19:19:25.471684+00:00,fixture,22940,496992
micronaut,100.027665566,2026-10-02T19:19:25.471684+00:00,statlite,20440,496992
micronaut,100.027665566,2026-10-02T19:19:25.471684+00:00,micronaut,183224,496992
micronaut,105.02592080900013,2026-10-02T19:19:30.469942+00:00,fixture,22944,497084
micronaut,105.02592080900013,2026-10-02T19:19:30.469942+00:00,statlite,20312,497084
micronaut,105.02592080900013,2026-10-02T19:19:30.469942+00:00,micronaut,183296,497084
micronaut,110.01616034900007,2026-10-02T19:19:35.460180+00:00,fixture,22940,479740
micronaut,110.01616034900007,2026-10-02T19:19:35.460180+00:00,statlite,20320,479740
micronaut,110.01616034900007,2026-10-02T19:19:35.460180+00:00,micronaut,183684,479740
micronaut,115.01158876599993,2026-10-02T19:19:40.455608+00:00,fixture,22940,479796
micronaut,115.01158876599993,2026-10-02T19:19:40.455608+00:00,statlite,20332,479796
micronaut,115.01158876599993,2026-10-02T19:19:40.455608+00:00,micronaut,183728,479796
micronaut,120.04989988900024,2026-10-02T19:19:45.493922+00:00,fixture,22940,479396
micronaut,120.04989988900024,2026-10-02T19:19:45.493922+00:00,statlite,20348,479396
micronaut,120.04989988900024,2026-10-02T19:19:45.493922+00:00,micronaut,184088,479396
micronaut,125.04516667600001,2026-10-02T19:19:50.489187+00:00,fixture,22940,479424
micronaut,125.04516667600001,2026-10-02T19:19:50.489187+00:00,statlite,20348,479424
micronaut,125.04516667600001,2026-10-02T19:19:50.489187+00:00,micronaut,184136,479424
micronaut,130.04468050200012,2026-10-02T19:19:55.488700+00:00,fixture,22940,479264
micronaut,130.04468050200012,2026-10-02T19:19:55.488700+00:00,statlite,20348,479264
micronaut,130.04468050200012,2026-10-02T19:19:55.488700+00:00,micronaut,184256,479264
micronaut,135.01121993000015,2026-10-02T19:20:00.455239+00:00,fixture,22940,479340
micronaut,135.01121993000015,2026-10-02T19:20:00.455239+00:00,statlite,20348,479340
micronaut,135.01121993000015,2026-10-02T19:20:00.455239+00:00,micronaut,184292,479340
micronaut,140.00339474600014,2026-10-02T19:20:05.447413+00:00,fixture,22940,479152
micronaut,140.00339474600014,2026-10-02T19:20:05.447413+00:00,statlite,20348,479152
micronaut,140.00339474600014,2026-10-02T19:20:05.447413+00:00,micronaut,184424,479152
micronaut,145.00215186700007,2026-10-02T19:20:10.446172+00:00,fixture,22940,479212
micronaut,145.00215186700007,2026-10-02T19:20:10.446172+00:00,statlite,20348,479212
micronaut,145.00215186700007,2026-10-02T19:20:10.446172+00:00,micronaut,184436,479212
micronaut,150.0431969209999,2026-10-02T19:20:15.487215+00:00,fixture,22944,479260
micronaut,150.0431969209999,2026-10-02T19:20:15.487215+00:00,statlite,20348,479260
micronaut,150.0431969209999,2026-10-02T19:20:15.487215+00:00,micronaut,184568,479260
micronaut,155.03916199600008,2026-10-02T19:20:20.483182+00:00,fixture,22940,479332
micronaut,155.03916199600008,2026-10-02T19:20:20.483182+00:00,statlite,20352,479332
micronaut,155.03916199600008,2026-10-02T19:20:20.483182+00:00,micronaut,184612,479332
micronaut,160.04926133800018,2026-10-02T19:20:25.493280+00:00,fixture,22940,479140
micronaut,160.04926133800018,2026-10-02T19:20:25.493280+00:00,statlite,20356,479140
micronaut,160.04926133800018,2026-10-02T19:20:25.493280+00:00,micronaut,184720,479140
micronaut,165.02783827600024,2026-10-02T19:20:30.471859+00:00,fixture,22940,479184
micronaut,165.02783827600024,2026-10-02T19:20:30.471859+00:00,statlite,20356,479184
micronaut,165.02783827600024,2026-10-02T19:20:30.471859+00:00,micronaut,184748,479184
micronaut,170.0156536970003,2026-10-02T19:20:35.459672+00:00,fixture,22940,479240
micronaut,170.0156536970003,2026-10-02T19:20:35.459672+00:00,statlite,20356,479240
micronaut,170.0156536970003,2026-10-02T19:20:35.459672+00:00,micronaut,184820,479240
micronaut,175.008935673,2026-10-02T19:20:40.452954+00:00,fixture,22940,479308
micronaut,175.008935673,2026-10-02T19:20:40.452954+00:00,statlite,20360,479308
micronaut,175.008935673,2026-10-02T19:20:40.452954+00:00,micronaut,184836,479308
micronaut,180.03174241199986,2026-10-02T19:20:45.475761+00:00,fixture,22940,479148
micronaut,180.03174241199986,2026-10-02T19:20:45.475761+00:00,statlite,20360,479148
micronaut,180.03174241199986,2026-10-02T19:20:45.475761+00:00,micronaut,185044,479148
micronaut,185.03542100699997,2026-10-02T19:20:50.479441+00:00,fixture,22940,475416
micronaut,185.03542100699997,2026-10-02T19:20:50.479441+00:00,statlite,20360,475416
micronaut,185.03542100699997,2026-10-02T19:20:50.479441+00:00,micronaut,187728,475416
micronaut,190.03532516099995,2026-10-02T19:20:55.479345+00:00,fixture,22940,475496
micronaut,190.03532516099995,2026-10-02T19:20:55.479345+00:00,statlite,20376,475496
micronaut,190.03532516099995,2026-10-02T19:20:55.479345+00:00,micronaut,187776,475496
micronaut,195.0273837730001,2026-10-02T19:21:00.471403+00:00,fixture,22940,475540
micronaut,195.0273837730001,2026-10-02T19:21:00.471403+00:00,statlite,20384,475540
micronaut,195.0273837730001,2026-10-02T19:21:00.471403+00:00,micronaut,187796,475540
micronaut,200.012528062,2026-10-02T19:21:05.456550+00:00,fixture,22940,475616
micronaut,200.012528062,2026-10-02T19:21:05.456550+00:00,statlite,20400,475616
micronaut,200.012528062,2026-10-02T19:21:05.456550+00:00,micronaut,187872,475616
micronaut,205.03550907599993,2026-10-02T19:21:10.479530+00:00,fixture,22940,475652
micronaut,205.03550907599993,2026-10-02T19:21:10.479530+00:00,statlite,20400,475652
micronaut,205.03550907599993,2026-10-02T19:21:10.479530+00:00,micronaut,187892,475652
micronaut,210.00438076199998,2026-10-02T19:21:15.448402+00:00,fixture,22940,475716
micronaut,210.00438076199998,2026-10-02T19:21:15.448402+00:00,statlite,20404,475716
micronaut,210.00438076199998,2026-10-02T19:21:15.448402+00:00,micronaut,187984,475716
micronaut,215.04842482599997,2026-10-02T19:21:20.492444+00:00,fixture,22940,475752
micronaut,215.04842482599997,2026-10-02T19:21:20.492444+00:00,statlite,20404,475752
micronaut,215.04842482599997,2026-10-02T19:21:20.492444+00:00,micronaut,188012,475752
micronaut,220.04746840300004,2026-10-02T19:21:25.491489+00:00,fixture,22940,475796
micronaut,220.04746840300004,2026-10-02T19:21:25.491489+00:00,statlite,20404,475796
micronaut,220.04746840300004,2026-10-02T19:21:25.491489+00:00,micronaut,188096,475796
micronaut,225.04309353500003,2026-10-02T19:21:30.487114+00:00,fixture,22940,475848
micronaut,225.04309353500003,2026-10-02T19:21:30.487114+00:00,statlite,20408,475848
micronaut,225.04309353500003,2026-10-02T19:21:30.487114+00:00,micronaut,188104,475848
micronaut,230.02664867600015,2026-10-02T19:21:35.470670+00:00,fixture,22944,475928
micronaut,230.02664867600015,2026-10-02T19:21:35.470670+00:00,statlite,20408,475928
micronaut,230.02664867600015,2026-10-02T19:21:35.470670+00:00,micronaut,188220,475928
micronaut,235.01655180299986,2026-10-02T19:21:40.460572+00:00,fixture,22940,475972
micronaut,235.01655180299986,2026-10-02T19:21:40.460572+00:00,statlite,20408,475972
micronaut,235.01655180299986,2026-10-02T19:21:40.460572+00:00,micronaut,188276,475972
micronaut,240.01634575900016,2026-10-02T19:21:45.460365+00:00,fixture,22940,476044
micronaut,240.01634575900016,2026-10-02T19:21:45.460365+00:00,statlite,20408,476044
micronaut,240.01634575900016,2026-10-02T19:21:45.460365+00:00,micronaut,188424,476044
micronaut,245.04565918900016,2026-10-02T19:21:50.489680+00:00,fixture,22944,476072
micronaut,245.04565918900016,2026-10-02T19:21:50.489680+00:00,statlite,20408,476072
micronaut,245.04565918900016,2026-10-02T19:21:50.489680+00:00,micronaut,188488,476072
micronaut,250.04270748499994,2026-10-02T19:21:55.486728+00:00,fixture,22940,476164
micronaut,250.04270748499994,2026-10-02T19:21:55.486728+00:00,statlite,20408,476164
micronaut,250.04270748499994,2026-10-02T19:21:55.486728+00:00,micronaut,188632,476164
micronaut,255.0407875599999,2026-10-02T19:22:00.484804+00:00,fixture,22940,476204
micronaut,255.0407875599999,2026-10-02T19:22:00.484804+00:00,statlite,20408,476204
micronaut,255.0407875599999,2026-10-02T19:22:00.484804+00:00,micronaut,188660,476204
micronaut,260.01475650400016,2026-10-02T19:22:05.458777+00:00,fixture,22944,476284
micronaut,260.01475650400016,2026-10-02T19:22:05.458777+00:00,statlite,20412,476284
micronaut,260.01475650400016,2026-10-02T19:22:05.458777+00:00,micronaut,188704,476284
micronaut,265.018202233,2026-10-02T19:22:10.462221+00:00,fixture,22940,476348
micronaut,265.018202233,2026-10-02T19:22:10.462221+00:00,statlite,20424,476348
micronaut,265.018202233,2026-10-02T19:22:10.462221+00:00,micronaut,188712,476348
micronaut,270.0054181720002,2026-10-02T19:22:15.449439+00:00,fixture,22940,476440
micronaut,270.0054181720002,2026-10-02T19:22:15.449439+00:00,statlite,20440,476440
micronaut,270.0054181720002,2026-10-02T19:22:15.449439+00:00,micronaut,188848,476440
micronaut,275.0483278830002,2026-10-02T19:22:20.492349+00:00,fixture,22940,476472
micronaut,275.0483278830002,2026-10-02T19:22:20.492349+00:00,statlite,20440,476472
micronaut,275.0483278830002,2026-10-02T19:22:20.492349+00:00,micronaut,188860,476472
micronaut,280.0094932480001,2026-10-02T19:22:25.453514+00:00,fixture,22940,476564
micronaut,280.0094932480001,2026-10-02T19:22:25.453514+00:00,statlite,20440,476564
micronaut,280.0094932480001,2026-10-02T19:22:25.453514+00:00,micronaut,188952,476564
micronaut,285.03033874799985,2026-10-02T19:22:30.474359+00:00,fixture,22940,476364
micronaut,285.03033874799985,2026-10-02T19:22:30.474359+00:00,statlite,20440,476364
micronaut,285.03033874799985,2026-10-02T19:22:30.474359+00:00,micronaut,188984,476364
micronaut,290.0233780120002,2026-10-02T19:22:35.467397+00:00,fixture,22940,476432
micronaut,290.0233780120002,2026-10-02T19:22:35.467397+00:00,statlite,20476,476432
micronaut,290.0233780120002,2026-10-02T19:22:35.467397+00:00,micronaut,189036,476432
micronaut,295.01657639099994,2026-10-02T19:22:40.460596+00:00,fixture,22940,476468
micronaut,295.01657639099994,2026-10-02T19:22:40.460596+00:00,statlite,20484,476468
micronaut,295.01657639099994,2026-10-02T19:22:40.460596+00:00,micronaut,189076,476468
micronaut,300.0057687540002,2026-10-02T19:22:45.449790+00:00,fixture,22944,476296
micronaut,300.0057687540002,2026-10-02T19:22:45.449790+00:00,statlite,20540,476296
micronaut,300.0057687540002,2026-10-02T19:22:45.449790+00:00,micronaut,189064,476296
micronaut,305.0261284379999,2026-10-02T19:22:50.470147+00:00,fixture,22940,476332
micronaut,305.0261284379999,2026-10-02T19:22:50.470147+00:00,statlite,20540,476332
micronaut,305.0261284379999,2026-10-02T19:22:50.470147+00:00,micronaut,189104,476332
micronaut,310.0187030699999,2026-10-02T19:22:55.462721+00:00,fixture,22940,476184
micronaut,310.0187030699999,2026-10-02T19:22:55.462721+00:00,statlite,20548,476184
micronaut,310.0187030699999,2026-10-02T19:22:55.462721+00:00,micronaut,189240,476184
micronaut,315.01782060899995,2026-10-02T19:23:00.461841+00:00,fixture,22944,476224
micronaut,315.01782060899995,2026-10-02T19:23:00.461841+00:00,statlite,20548,476224
micronaut,315.01782060899995,2026-10-02T19:23:00.461841+00:00,micronaut,189332,476224
micronaut,320.0079963819999,2026-10-02T19:23:05.452013+00:00,fixture,22940,476296
micronaut,320.0079963819999,2026-10-02T19:23:05.452013+00:00,statlite,20548,476296
micronaut,320.0079963819999,2026-10-02T19:23:05.452013+00:00,micronaut,189464,476296
micronaut,325.01213569499987,2026-10-02T19:23:10.456155+00:00,fixture,22940,476052
micronaut,325.01213569499987,2026-10-02T19:23:10.456155+00:00,statlite,20548,476052
micronaut,325.01213569499987,2026-10-02T19:23:10.456155+00:00,micronaut,189500,476052
micronaut,330.00631086700014,2026-10-02T19:23:15.450328+00:00,fixture,22940,476148
micronaut,330.00631086700014,2026-10-02T19:23:15.450328+00:00,statlite,20548,476148
micronaut,330.00631086700014,2026-10-02T19:23:15.450328+00:00,micronaut,189520,476148
micronaut,335.01432268300005,2026-10-02T19:23:20.458341+00:00,fixture,22940,476200
micronaut,335.01432268300005,2026-10-02T19:23:20.458341+00:00,statlite,20552,476200
micronaut,335.01432268300005,2026-10-02T19:23:20.458341+00:00,micronaut,189540,476200
micronaut,340.0096715710001,2026-10-02T19:23:25.453691+00:00,fixture,22940,476284
micronaut,340.0096715710001,2026-10-02T19:23:25.453691+00:00,statlite,20556,476284
micronaut,340.0096715710001,2026-10-02T19:23:25.453691+00:00,micronaut,189596,476284
micronaut,345.0254302610001,2026-10-02T19:23:30.469450+00:00,fixture,22940,476320
micronaut,345.0254302610001,2026-10-02T19:23:30.469450+00:00,statlite,20564,476320
micronaut,345.0254302610001,2026-10-02T19:23:30.469450+00:00,micronaut,189636,476320
micronaut,350.0218014840002,2026-10-02T19:23:35.465820+00:00,fixture,22940,476168
micronaut,350.0218014840002,2026-10-02T19:23:35.465820+00:00,statlite,20564,476168
micronaut,350.0218014840002,2026-10-02T19:23:35.465820+00:00,micronaut,189740,476168
micronaut,355.0079488760002,2026-10-02T19:23:40.451958+00:00,fixture,22940,476208
micronaut,355.0079488760002,2026-10-02T19:23:40.451958+00:00,statlite,20572,476208
micronaut,355.0079488760002,2026-10-02T19:23:40.451958+00:00,micronaut,189788,476208
micronaut,360.01180041199996,2026-10-02T19:23:45.455821+00:00,fixture,22940,476292
micronaut,360.01180041199996,2026-10-02T19:23:45.455821+00:00,statlite,20580,476292
micronaut,360.01180041199996,2026-10-02T19:23:45.455821+00:00,micronaut,189936,476292
micronaut,365.0057729979999,2026-10-02T19:23:50.449791+00:00,fixture,22940,476340
micronaut,365.0057729979999,2026-10-02T19:23:50.449791+00:00,statlite,20580,476340
micronaut,365.0057729979999,2026-10-02T19:23:50.449791+00:00,micronaut,189948,476340
micronaut,370.0152442210001,2026-10-02T19:23:55.459264+00:00,fixture,22940,476192
micronaut,370.0152442210001,2026-10-02T19:23:55.459264+00:00,statlite,20588,476192
micronaut,370.0152442210001,2026-10-02T19:23:55.459264+00:00,micronaut,190024,476192
micronaut,375.01754796600017,2026-10-02T19:24:00.461566+00:00,fixture,22940,476252
micronaut,375.01754796600017,2026-10-02T19:24:00.461566+00:00,statlite,20588,476252
micronaut,375.01754796600017,2026-10-02T19:24:00.461566+00:00,micronaut,190064,476252
micronaut,380.0322331110001,2026-10-02T19:24:05.476252+00:00,fixture,22940,476344
micronaut,380.0322331110001,2026-10-02T19:24:05.476252+00:00,statlite,20588,476344
micronaut,380.0322331110001,2026-10-02T19:24:05.476252+00:00,micronaut,190180,476344
micronaut,385.035336681,2026-10-02T19:24:10.479354+00:00,fixture,22940,476128
micronaut,385.035336681,2026-10-02T19:24:10.479354+00:00,statlite,20588,476128
micronaut,385.035336681,2026-10-02T19:24:10.479354+00:00,micronaut,190184,476128
micronaut,390.00888376800003,2026-10-02T19:24:15.452902+00:00,fixture,22944,476228
micronaut,390.00888376800003,2026-10-02T19:24:15.452902+00:00,statlite,20596,476228
micronaut,390.00888376800003,2026-10-02T19:24:15.452902+00:00,micronaut,190224,476228
micronaut,395.00715233300025,2026-10-02T19:24:20.451173+00:00,fixture,22940,476248
micronaut,395.00715233300025,2026-10-02T19:24:20.451173+00:00,statlite,20600,476248
micronaut,395.00715233300025,2026-10-02T19:24:20.451173+00:00,micronaut,190224,476248
micronaut,400.0406567750001,2026-10-02T19:24:25.484677+00:00,fixture,22940,476352
micronaut,400.0406567750001,2026-10-02T19:24:25.484677+00:00,statlite,20600,476352
micronaut,400.0406567750001,2026-10-02T19:24:25.484677+00:00,micronaut,190320,476352
micronaut,405.0386025769999,2026-10-02T19:24:30.482624+00:00,fixture,22940,476388
micronaut,405.0386025769999,2026-10-02T19:24:30.482624+00:00,statlite,20608,476388
micronaut,405.0386025769999,2026-10-02T19:24:30.482624+00:00,micronaut,190328,476388
micronaut,410.02054658299994,2026-10-02T19:24:35.464568+00:00,fixture,22940,476240
micronaut,410.02054658299994,2026-10-02T19:24:35.464568+00:00,statlite,20616,476240
micronaut,410.02054658299994,2026-10-02T19:24:35.464568+00:00,micronaut,190432,476240
micronaut,415.01379473099996,2026-10-02T19:24:40.457816+00:00,fixture,22944,476288
micronaut,415.01379473099996,2026-10-02T19:24:40.457816+00:00,statlite,20620,476288
micronaut,415.01379473099996,2026-10-02T19:24:40.457816+00:00,micronaut,190468,476288
micronaut,420.0471511810001,2026-10-02T19:24:45.491172+00:00,fixture,22940,476380
micronaut,420.0471511810001,2026-10-02T19:24:45.491172+00:00,statlite,20620,476380
micronaut,420.0471511810001,2026-10-02T19:24:45.491172+00:00,micronaut,190500,476380
micronaut,425.0029179420003,2026-10-02T19:24:50.446937+00:00,fixture,22940,476404
micronaut,425.0029179420003,2026-10-02T19:24:50.446937+00:00,statlite,20620,476404
micronaut,425.0029179420003,2026-10-02T19:24:50.446937+00:00,micronaut,190600,476404
micronaut,430.0227470069999,2026-10-02T19:24:55.466768+00:00,fixture,22944,476228
micronaut,430.0227470069999,2026-10-02T19:24:55.466768+00:00,statlite,20620,476228
micronaut,430.0227470069999,2026-10-02T19:24:55.466768+00:00,micronaut,190692,476228
micronaut,435.04209916499985,2026-10-02T19:25:00.486118+00:00,fixture,22940,476264
micronaut,435.04209916499985,2026-10-02T19:25:00.486118+00:00,statlite,20620,476264
micronaut,435.04209916499985,2026-10-02T19:25:00.486118+00:00,micronaut,190820,476264
micronaut,440.03215995300025,2026-10-02T19:25:05.476181+00:00,fixture,22940,476352
micronaut,440.03215995300025,2026-10-02T19:25:05.476181+00:00,statlite,20624,476352
micronaut,440.03215995300025,2026-10-02T19:25:05.476181+00:00,micronaut,190936,476352
micronaut,445.0396916949999,2026-10-02T19:25:10.483712+00:00,fixture,22940,476392
micronaut,445.0396916949999,2026-10-02T19:25:10.483712+00:00,statlite,20624,476392
micronaut,445.0396916949999,2026-10-02T19:25:10.483712+00:00,micronaut,191092,476392
micronaut,450.03868399700013,2026-10-02T19:25:15.482703+00:00,fixture,22940,476464
micronaut,450.03868399700013,2026-10-02T19:25:15.482703+00:00,statlite,20624,476464
micronaut,450.03868399700013,2026-10-02T19:25:15.482703+00:00,micronaut,191172,476464
micronaut,455.04226119800023,2026-10-02T19:25:20.486280+00:00,fixture,22944,476504
micronaut,455.04226119800023,2026-10-02T19:25:20.486280+00:00,statlite,20624,476504
micronaut,455.04226119800023,2026-10-02T19:25:20.486280+00:00,micronaut,191256,476504
micronaut,460.022594563,2026-10-02T19:25:25.466614+00:00,fixture,22940,476604
micronaut,460.022594563,2026-10-02T19:25:25.466614+00:00,statlite,20628,476604
micronaut,460.022594563,2026-10-02T19:25:25.466614+00:00,micronaut,191304,476604
micronaut,465.0363235069999,2026-10-02T19:25:30.480343+00:00,fixture,22940,476664
micronaut,465.0363235069999,2026-10-02T19:25:30.480343+00:00,statlite,20628,476664
micronaut,465.0363235069999,2026-10-02T19:25:30.480343+00:00,micronaut,191384,476664
micronaut,470.00930367,2026-10-02T19:25:35.453322+00:00,fixture,22940,476776
micronaut,470.00930367,2026-10-02T19:25:35.453322+00:00,statlite,20628,476776
micronaut,470.00930367,2026-10-02T19:25:35.453322+00:00,micronaut,191536,476776
micronaut,475.0180567890002,2026-10-02T19:25:40.462077+00:00,fixture,22940,476832
micronaut,475.0180567890002,2026-10-02T19:25:40.462077+00:00,statlite,20636,476832
micronaut,475.0180567890002,2026-10-02T19:25:40.462077+00:00,micronaut,191556,476832
micronaut,480.017719169,2026-10-02T19:25:45.461740+00:00,fixture,22940,476652
micronaut,480.017719169,2026-10-02T19:25:45.461740+00:00,statlite,20648,476652
micronaut,480.017719169,2026-10-02T19:25:45.461740+00:00,micronaut,191700,476652
micronaut,485.02631136499986,2026-10-02T19:25:50.470330+00:00,fixture,22940,476688
micronaut,485.02631136499986,2026-10-02T19:25:50.470330+00:00,statlite,20652,476688
micronaut,485.02631136499986,2026-10-02T19:25:50.470330+00:00,micronaut,191780,476688
micronaut,490.0321478670003,2026-10-02T19:25:55.476169+00:00,fixture,22940,476776
micronaut,490.0321478670003,2026-10-02T19:25:55.476169+00:00,statlite,20668,476776
micronaut,490.0321478670003,2026-10-02T19:25:55.476169+00:00,micronaut,191908,476776
micronaut,495.0375171139999,2026-10-02T19:26:00.481537+00:00,fixture,22944,476828
micronaut,495.0375171139999,2026-10-02T19:26:00.481537+00:00,statlite,20540,476828
micronaut,495.0375171139999,2026-10-02T19:26:00.481537+00:00,micronaut,191952,476828
micronaut,500.0196523499999,2026-10-02T19:26:05.463674+00:00,fixture,22944,476904
micronaut,500.0196523499999,2026-10-02T19:26:05.463674+00:00,statlite,20540,476904
micronaut,500.0196523499999,2026-10-02T19:26:05.463674+00:00,micronaut,192036,476904
micronaut,505.0472985810002,2026-10-02T19:26:10.491319+00:00,fixture,22940,476700
micronaut,505.0472985810002,2026-10-02T19:26:10.491319+00:00,statlite,20540,476700
micronaut,505.0472985810002,2026-10-02T19:26:10.491319+00:00,micronaut,192124,476700
micronaut,510.0275277740002,2026-10-02T19:26:15.471546+00:00,fixture,22940,476808
micronaut,510.0275277740002,2026-10-02T19:26:15.471546+00:00,statlite,20552,476808
micronaut,510.0275277740002,2026-10-02T19:26:15.471546+00:00,micronaut,192152,476808
micronaut,515.0354195919999,2026-10-02T19:26:20.479440+00:00,fixture,22940,476840
micronaut,515.0354195919999,2026-10-02T19:26:20.479440+00:00,statlite,20552,476840
micronaut,515.0354195919999,2026-10-02T19:26:20.479440+00:00,micronaut,192168,476840
micronaut,520.0412014580002,2026-10-02T19:26:25.485223+00:00,fixture,22940,476932
micronaut,520.0412014580002,2026-10-02T19:26:25.485223+00:00,statlite,20552,476932
micronaut,520.0412014580002,2026-10-02T19:26:25.485223+00:00,micronaut,192184,476932
micronaut,525.0087585820002,2026-10-02T19:26:30.452776+00:00,fixture,22944,476968
micronaut,525.0087585820002,2026-10-02T19:26:30.452776+00:00,statlite,20552,476968
micronaut,525.0087585820002,2026-10-02T19:26:30.452776+00:00,micronaut,192188,476968
micronaut,530.0473365349999,2026-10-02T19:26:35.491358+00:00,fixture,22940,477028
micronaut,530.0473365349999,2026-10-02T19:26:35.491358+00:00,statlite,20552,477028
micronaut,530.0473365349999,2026-10-02T19:26:35.491358+00:00,micronaut,192260,477028
micronaut,535.049565624,2026-10-02T19:26:40.493587+00:00,fixture,22944,476820
micronaut,535.049565624,2026-10-02T19:26:40.493587+00:00,statlite,20552,476820
micronaut,535.049565624,2026-10-02T19:26:40.493587+00:00,micronaut,192344,476820
micronaut,540.006746175,2026-10-02T19:26:45.450767+00:00,fixture,22940,476916
micronaut,540.006746175,2026-10-02T19:26:45.450767+00:00,statlite,20552,476916
micronaut,540.006746175,2026-10-02T19:26:45.450767+00:00,micronaut,192480,476916
micronaut,545.020653824,2026-10-02T19:26:50.464675+00:00,fixture,22944,476964
micronaut,545.020653824,2026-10-02T19:26:50.464675+00:00,statlite,20556,476964
micronaut,545.020653824,2026-10-02T19:26:50.464675+00:00,micronaut,192680,476964
micronaut,550.0424988270001,2026-10-02T19:26:55.486520+00:00,fixture,22940,476784
micronaut,550.0424988270001,2026-10-02T19:26:55.486520+00:00,statlite,20556,476784
micronaut,550.0424988270001,2026-10-02T19:26:55.486520+00:00,micronaut,192740,476784
micronaut,555.0476180119999,2026-10-02T19:27:00.491638+00:00,fixture,22940,476848
micronaut,555.0476180119999,2026-10-02T19:27:00.491638+00:00,statlite,20556,476848
micronaut,555.0476180119999,2026-10-02T19:27:00.491638+00:00,micronaut,192768,476848
micronaut,560.0223873489999,2026-10-02T19:27:05.466409+00:00,fixture,22940,476884
micronaut,560.0223873489999,2026-10-02T19:27:05.466409+00:00,statlite,20560,476884
micronaut,560.0223873489999,2026-10-02T19:27:05.466409+00:00,micronaut,192828,476884
micronaut,565.0018612260001,2026-10-02T19:27:10.445882+00:00,fixture,22940,476900
micronaut,565.0018612260001,2026-10-02T19:27:10.445882+00:00,statlite,20560,476900
micronaut,565.0018612260001,2026-10-02T19:27:10.445882+00:00,micronaut,192864,476900
micronaut,570.0057808440001,2026-10-02T19:27:15.449801+00:00,fixture,22944,476748
micronaut,570.0057808440001,2026-10-02T19:27:15.449801+00:00,statlite,20592,476748
micronaut,570.0057808440001,2026-10-02T19:27:15.449801+00:00,micronaut,192968,476748
micronaut,575.0123618140001,2026-10-02T19:27:20.456382+00:00,fixture,22940,476816
micronaut,575.0123618140001,2026-10-02T19:27:20.456382+00:00,statlite,20592,476816
micronaut,575.0123618140001,2026-10-02T19:27:20.456382+00:00,micronaut,192984,476816
micronaut,580.00832988,2026-10-02T19:27:25.452350+00:00,fixture,22940,476872
micronaut,580.00832988,2026-10-02T19:27:25.452350+00:00,statlite,20596,476872
micronaut,580.00832988,2026-10-02T19:27:25.452350+00:00,micronaut,192996,476872
micronaut,585.0184743240002,2026-10-02T19:27:30.462495+00:00,fixture,22940,476892
micronaut,585.0184743240002,2026-10-02T19:27:30.462495+00:00,statlite,20600,476892
micronaut,585.0184743240002,2026-10-02T19:27:30.462495+00:00,micronaut,192996,476892
micronaut,590.016871844,2026-10-02T19:27:35.460892+00:00,fixture,22940,476992
micronaut,590.016871844,2026-10-02T19:27:35.460892+00:00,statlite,20600,476992
micronaut,590.016871844,2026-10-02T19:27:35.460892+00:00,micronaut,193004,476992
micronaut,595.0331971820001,2026-10-02T19:27:40.477217+00:00,fixture,22940,477068
micronaut,595.0331971820001,2026-10-02T19:27:40.477217+00:00,statlite,20600,477068
micronaut,595.0331971820001,2026-10-02T19:27:40.477217+00:00,micronaut,193040,477068
micronaut,600.0123302030001,2026-10-02T19:27:45.456348+00:00,fixture,22940,476896
micronaut,600.0123302030001,2026-10-02T19:27:45.456348+00:00,statlite,20600,476896
micronaut,600.0123302030001,2026-10-02T19:27:45.456348+00:00,micronaut,193108,476896
micronaut,605.007384217,2026-10-02T19:27:50.451405+00:00,fixture,22940,476904
micronaut,605.007384217,2026-10-02T19:27:50.451405+00:00,statlite,20600,476904
micronaut,605.007384217,2026-10-02T19:27:50.451405+00:00,micronaut,193304,476904
micronaut,610.0054686419999,2026-10-02T19:27:55.449489+00:00,fixture,22944,476984
micronaut,610.0054686419999,2026-10-02T19:27:55.449489+00:00,statlite,20604,476984
micronaut,610.0054686419999,2026-10-02T19:27:55.449489+00:00,micronaut,193336,476984
micronaut,615.0028575310002,2026-10-02T19:28:00.446877+00:00,fixture,22940,477020
micronaut,615.0028575310002,2026-10-02T19:28:00.446877+00:00,statlite,20608,477020
micronaut,615.0028575310002,2026-10-02T19:28:00.446877+00:00,micronaut,193340,477020
micronaut,620.039081716,2026-10-02T19:28:05.483103+00:00,fixture,22940,477104
micronaut,620.039081716,2026-10-02T19:28:05.483103+00:00,statlite,20608,477104
micronaut,620.039081716,2026-10-02T19:28:05.483103+00:00,micronaut,193372,477104
micronaut,625.003144544,2026-10-02T19:28:10.447107+00:00,fixture,22940,477128
micronaut,625.003144544,2026-10-02T19:28:10.447107+00:00,statlite,20608,477128
micronaut,625.003144544,2026-10-02T19:28:10.447107+00:00,micronaut,193372,477128
micronaut,630.0439001130003,2026-10-02T19:28:15.487920+00:00,fixture,22940,477216
micronaut,630.0439001130003,2026-10-02T19:28:15.487920+00:00,statlite,20608,477216
micronaut,630.0439001130003,2026-10-02T19:28:15.487920+00:00,micronaut,193384,477216
micronaut,635.0326762489999,2026-10-02T19:28:20.476694+00:00,fixture,22940,477272
micronaut,635.0326762489999,2026-10-02T19:28:20.476694+00:00,statlite,20608,477272
micronaut,635.0326762489999,2026-10-02T19:28:20.476694+00:00,micronaut,193384,477272
micronaut,640.0276614479999,2026-10-02T19:28:25.471680+00:00,fixture,22940,477340
micronaut,640.0276614479999,2026-10-02T19:28:25.471680+00:00,statlite,20612,477340
micronaut,640.0276614479999,2026-10-02T19:28:25.471680+00:00,micronaut,193460,477340
micronaut,645.0410079799999,2026-10-02T19:28:30.485027+00:00,fixture,22940,477396
micronaut,645.0410079799999,2026-10-02T19:28:30.485027+00:00,statlite,20612,477396
micronaut,645.0410079799999,2026-10-02T19:28:30.485027+00:00,micronaut,193460,477396
micronaut,650.0333079259999,2026-10-02T19:28:35.477325+00:00,fixture,22940,477212
micronaut,650.0333079259999,2026-10-02T19:28:35.477325+00:00,statlite,20612,477212
micronaut,650.0333079259999,2026-10-02T19:28:35.477325+00:00,micronaut,193480,477212
micronaut,655.0051037170001,2026-10-02T19:28:40.449119+00:00,fixture,22940,477256
micronaut,655.0051037170001,2026-10-02T19:28:40.449119+00:00,statlite,20616,477256
micronaut,655.0051037170001,2026-10-02T19:28:40.449119+00:00,micronaut,193492,477256
micronaut,660.0467396550002,2026-10-02T19:28:45.490759+00:00,fixture,22944,477352
micronaut,660.0467396550002,2026-10-02T19:28:45.490759+00:00,statlite,20632,477352
micronaut,660.0467396550002,2026-10-02T19:28:45.490759+00:00,micronaut,193536,477352
micronaut,665.0323979330001,2026-10-02T19:28:50.476416+00:00,fixture,22940,477400
micronaut,665.0323979330001,2026-10-02T19:28:50.476416+00:00,statlite,20652,477400
micronaut,665.0323979330001,2026-10-02T19:28:50.476416+00:00,micronaut,193548,477400
micronaut,670.0226383909999,2026-10-02T19:28:55.466655+00:00,fixture,22940,477284
micronaut,670.0226383909999,2026-10-02T19:28:55.466655+00:00,statlite,20652,477284
micronaut,670.0226383909999,2026-10-02T19:28:55.466655+00:00,micronaut,193596,477284
micronaut,675.0304495559999,2026-10-02T19:29:00.474468+00:00,fixture,22940,477256
micronaut,675.0304495559999,2026-10-02T19:29:00.474468+00:00,statlite,20652,477256
micronaut,675.0304495559999,2026-10-02T19:29:00.474468+00:00,micronaut,193604,477256
micronaut,680.0209522350001,2026-10-02T19:29:05.464972+00:00,fixture,22940,477392
micronaut,680.0209522350001,2026-10-02T19:29:05.464972+00:00,statlite,20652,477392
micronaut,680.0209522350001,2026-10-02T19:29:05.464972+00:00,micronaut,193632,477392
micronaut,685.0147510679999,2026-10-02T19:29:10.458763+00:00,fixture,22940,477456
micronaut,685.0147510679999,2026-10-02T19:29:10.458763+00:00,statlite,20652,477456
micronaut,685.0147510679999,2026-10-02T19:29:10.458763+00:00,micronaut,193640,477456
micronaut,690.00745891,2026-10-02T19:29:15.451477+00:00,fixture,22944,477296
micronaut,690.00745891,2026-10-02T19:29:15.451477+00:00,statlite,20656,477296
micronaut,690.00745891,2026-10-02T19:29:15.451477+00:00,micronaut,193652,477296
micronaut,695.0197239540003,2026-10-02T19:29:20.463743+00:00,fixture,22940,477332
micronaut,695.0197239540003,2026-10-02T19:29:20.463743+00:00,statlite,20656,477332
micronaut,695.0197239540003,2026-10-02T19:29:20.463743+00:00,micronaut,193652,477332
micronaut,700.0086116150001,2026-10-02T19:29:25.452632+00:00,fixture,22940,477400
micronaut,700.0086116150001,2026-10-02T19:29:25.452632+00:00,statlite,20656,477400
micronaut,700.0086116150001,2026-10-02T19:29:25.452632+00:00,micronaut,193664,477400
micronaut,705.0114338460003,2026-10-02T19:29:30.455451+00:00,fixture,22940,477448
micronaut,705.0114338460003,2026-10-02T19:29:30.455451+00:00,statlite,20656,477448
micronaut,705.0114338460003,2026-10-02T19:29:30.455451+00:00,micronaut,193664,477448
micronaut,710.0048583050002,2026-10-02T19:29:35.448866+00:00,fixture,22940,477568
micronaut,710.0048583050002,2026-10-02T19:29:35.448866+00:00,statlite,20660,477568
micronaut,710.0048583050002,2026-10-02T19:29:35.448866+00:00,micronaut,193668,477568
micronaut,715.0088159699999,2026-10-02T19:29:40.452834+00:00,fixture,22940,477616
micronaut,715.0088159699999,2026-10-02T19:29:40.452834+00:00,statlite,20664,477616
micronaut,715.0088159699999,2026-10-02T19:29:40.452834+00:00,micronaut,193668,477616
micronaut,720.0033007239999,2026-10-02T19:29:45.447319+00:00,fixture,22940,477436
micronaut,720.0033007239999,2026-10-02T19:29:45.447319+00:00,statlite,20664,477436
micronaut,720.0033007239999,2026-10-02T19:29:45.447319+00:00,micronaut,193724,477436
micronaut,725.0065229719999,2026-10-02T19:29:50.450540+00:00,fixture,22944,477472
micronaut,725.0065229719999,2026-10-02T19:29:50.450540+00:00,statlite,20668,477472
micronaut,725.0065229719999,2026-10-02T19:29:50.450540+00:00,micronaut,193772,477472
micronaut,730.0067811839999,2026-10-02T19:29:55.450800+00:00,fixture,22940,477500
micronaut,730.0067811839999,2026-10-02T19:29:55.450800+00:00,statlite,20668,477500
micronaut,730.0067811839999,2026-10-02T19:29:55.450800+00:00,micronaut,193840,477500
micronaut,735.0236337690003,2026-10-02T19:30:00.467655+00:00,fixture,22944,477592
micronaut,735.0236337690003,2026-10-02T19:30:00.467655+00:00,statlite,20668,477592
micronaut,735.0236337690003,2026-10-02T19:30:00.467655+00:00,micronaut,193840,477592
micronaut,740.0103090729999,2026-10-02T19:30:05.454324+00:00,fixture,22940,477608
micronaut,740.0103090729999,2026-10-02T19:30:05.454324+00:00,statlite,20668,477608
micronaut,740.0103090729999,2026-10-02T19:30:05.454324+00:00,micronaut,193880,477608
micronaut,745.0052923450003,2026-10-02T19:30:10.449300+00:00,fixture,22940,477672
micronaut,745.0052923450003,2026-10-02T19:30:10.449300+00:00,statlite,20668,477672
micronaut,745.0052923450003,2026-10-02T19:30:10.449300+00:00,micronaut,193880,477672
micronaut,750.0154654550001,2026-10-02T19:30:15.459484+00:00,fixture,22940,477720
micronaut,750.0154654550001,2026-10-02T19:30:15.459484+00:00,statlite,20668,477720
micronaut,750.0154654550001,2026-10-02T19:30:15.459484+00:00,micronaut,193912,477720
micronaut,755.0182853609999,2026-10-02T19:30:20.462305+00:00,fixture,22940,477536
micronaut,755.0182853609999,2026-10-02T19:30:20.462305+00:00,statlite,20668,477536
micronaut,755.0182853609999,2026-10-02T19:30:20.462305+00:00,micronaut,193920,477536
micronaut,760.0128900690002,2026-10-02T19:30:25.456909+00:00,fixture,22940,477588
micronaut,760.0128900690002,2026-10-02T19:30:25.456909+00:00,statlite,20680,477588
micronaut,760.0128900690002,2026-10-02T19:30:25.456909+00:00,micronaut,193980,477588
micronaut,765.0094296930001,2026-10-02T19:30:30.453451+00:00,fixture,22940,477644
micronaut,765.0094296930001,2026-10-02T19:30:30.453451+00:00,statlite,20696,477644
micronaut,765.0094296930001,2026-10-02T19:30:30.453451+00:00,micronaut,194004,477644
micronaut,770.0483494810001,2026-10-02T19:30:35.492368+00:00,fixture,22944,477724
micronaut,770.0483494810001,2026-10-02T19:30:35.492368+00:00,statlite,20712,477724
micronaut,770.0483494810001,2026-10-02T19:30:35.492368+00:00,micronaut,194020,477724
micronaut,775.0228132490001,2026-10-02T19:30:40.466830+00:00,fixture,22944,477764
micronaut,775.0228132490001,2026-10-02T19:30:40.466830+00:00,statlite,20712,477764
micronaut,775.0228132490001,2026-10-02T19:30:40.466830+00:00,micronaut,194020,477764
micronaut,780.0127629150002,2026-10-02T19:30:45.456781+00:00,fixture,22940,477764
micronaut,780.0127629150002,2026-10-02T19:30:45.456781+00:00,statlite,20712,477764
micronaut,780.0127629150002,2026-10-02T19:30:45.456781+00:00,micronaut,194020,477764
micronaut,785.0173729779999,2026-10-02T19:30:50.461391+00:00,fixture,22940,477888
micronaut,785.0173729779999,2026-10-02T19:30:50.461391+00:00,statlite,20712,477888
micronaut,785.0173729779999,2026-10-02T19:30:50.461391+00:00,micronaut,194036,477888
micronaut,790.0466052020001,2026-10-02T19:30:55.490625+00:00,fixture,22940,477960
micronaut,790.0466052020001,2026-10-02T19:30:55.490625+00:00,statlite,20716,477960
micronaut,790.0466052020001,2026-10-02T19:30:55.490625+00:00,micronaut,194036,477960
micronaut,795.0396459920003,2026-10-02T19:31:00.483665+00:00,fixture,22940,478024
micronaut,795.0396459920003,2026-10-02T19:31:00.483665+00:00,statlite,20720,478024
micronaut,795.0396459920003,2026-10-02T19:31:00.483665+00:00,micronaut,194036,478024
micronaut,800.0319058620003,2026-10-02T19:31:05.475924+00:00,fixture,22940,477804
micronaut,800.0319058620003,2026-10-02T19:31:05.475924+00:00,statlite,20720,477804
micronaut,800.0319058620003,2026-10-02T19:31:05.475924+00:00,micronaut,194052,477804
micronaut,805.0155364709999,2026-10-02T19:31:10.459555+00:00,fixture,22940,477844
micronaut,805.0155364709999,2026-10-02T19:31:10.459555+00:00,statlite,20720,477844
micronaut,805.0155364709999,2026-10-02T19:31:10.459555+00:00,micronaut,194052,477844
micronaut,810.0066515359999,2026-10-02T19:31:15.450669+00:00,fixture,22940,477920
micronaut,810.0066515359999,2026-10-02T19:31:15.450669+00:00,statlite,20724,477920
micronaut,810.0066515359999,2026-10-02T19:31:15.450669+00:00,micronaut,194068,477920
micronaut,815.016241197,2026-10-02T19:31:20.460260+00:00,fixture,22940,477964
micronaut,815.016241197,2026-10-02T19:31:20.460260+00:00,statlite,20724,477964
micronaut,815.016241197,2026-10-02T19:31:20.460260+00:00,micronaut,194132,477964
micronaut,820.008157876,2026-10-02T19:31:25.452176+00:00,fixture,22944,478056
micronaut,820.008157876,2026-10-02T19:31:25.452176+00:00,statlite,20724,478056
micronaut,820.008157876,2026-10-02T19:31:25.452176+00:00,micronaut,194148,478056
micronaut,825.0231492339999,2026-10-02T19:31:30.467169+00:00,fixture,22940,478136
micronaut,825.0231492339999,2026-10-02T19:31:30.467169+00:00,statlite,20732,478136
micronaut,825.0231492339999,2026-10-02T19:31:30.467169+00:00,micronaut,194148,478136
micronaut,830.0156811259999,2026-10-02T19:31:35.459700+00:00,fixture,22940,477984
micronaut,830.0156811259999,2026-10-02T19:31:35.459700+00:00,statlite,20740,477984
micronaut,830.0156811259999,2026-10-02T19:31:35.459700+00:00,micronaut,194156,477984
micronaut,835.0183537830003,2026-10-02T19:31:40.462372+00:00,fixture,22940,478016
micronaut,835.0183537830003,2026-10-02T19:31:40.462372+00:00,statlite,20740,478016
micronaut,835.0183537830003,2026-10-02T19:31:40.462372+00:00,micronaut,194156,478016
micronaut,840.0098430470002,2026-10-02T19:31:45.453862+00:00,fixture,22940,478104
micronaut,840.0098430470002,2026-10-02T19:31:45.453862+00:00,statlite,20744,478104
micronaut,840.0098430470002,2026-10-02T19:31:45.453862+00:00,micronaut,194160,478104
micronaut,845.0180480510003,2026-10-02T19:31:50.462063+00:00,fixture,22940,478136
micronaut,845.0180480510003,2026-10-02T19:31:50.462063+00:00,statlite,20744,478136
micronaut,845.0180480510003,2026-10-02T19:31:50.462063+00:00,micronaut,194232,478136
micronaut,850.0282707020001,2026-10-02T19:31:55.472289+00:00,fixture,22940,478204
micronaut,850.0282707020001,2026-10-02T19:31:55.472289+00:00,statlite,20748,478204
micronaut,850.0282707020001,2026-10-02T19:31:55.472289+00:00,micronaut,194272,478204
micronaut,855.008174394,2026-10-02T19:32:00.452193+00:00,fixture,22940,478252
micronaut,855.008174394,2026-10-02T19:32:00.452193+00:00,statlite,20748,478252
micronaut,855.008174394,2026-10-02T19:32:00.452193+00:00,micronaut,194272,478252
micronaut,860.0526804270003,2026-10-02T19:32:05.496699+00:00,fixture,22940,478312
micronaut,860.0526804270003,2026-10-02T19:32:05.496699+00:00,statlite,20768,478312
micronaut,860.0526804270003,2026-10-02T19:32:05.496699+00:00,micronaut,194340,478312
micronaut,865.0082601909999,2026-10-02T19:32:10.452278+00:00,fixture,22940,478328
micronaut,865.0082601909999,2026-10-02T19:32:10.452278+00:00,statlite,20776,478328
micronaut,865.0082601909999,2026-10-02T19:32:10.452278+00:00,micronaut,194340,478328
micronaut,870.0260118000001,2026-10-02T19:32:15.470032+00:00,fixture,22940,478372
micronaut,870.0260118000001,2026-10-02T19:32:15.470032+00:00,statlite,20776,478372
micronaut,870.0260118000001,2026-10-02T19:32:15.470032+00:00,micronaut,194380,478372
micronaut,875.0435381400002,2026-10-02T19:32:20.487557+00:00,fixture,22940,478144
micronaut,875.0435381400002,2026-10-02T19:32:20.487557+00:00,statlite,20776,478144
micronaut,875.0435381400002,2026-10-02T19:32:20.487557+00:00,micronaut,194384,478144
micronaut,880.0368538130001,2026-10-02T19:32:25.480871+00:00,fixture,22944,478144
micronaut,880.0368538130001,2026-10-02T19:32:25.480871+00:00,statlite,20776,478144
micronaut,880.0368538130001,2026-10-02T19:32:25.480871+00:00,micronaut,194396,478144
micronaut,885.0413148359999,2026-10-02T19:32:30.485334+00:00,fixture,22940,478264
micronaut,885.0413148359999,2026-10-02T19:32:30.485334+00:00,statlite,20776,478264
micronaut,885.0413148359999,2026-10-02T19:32:30.485334+00:00,micronaut,194404,478264
micronaut,890.0324275809999,2026-10-02T19:32:35.476447+00:00,fixture,22940,478352
micronaut,890.0324275809999,2026-10-02T19:32:35.476447+00:00,statlite,20776,478352
micronaut,890.0324275809999,2026-10-02T19:32:35.476447+00:00,micronaut,194408,478352
micronaut,895.0403899610001,2026-10-02T19:32:40.484409+00:00,fixture,22944,478400
micronaut,895.0403899610001,2026-10-02T19:32:40.484409+00:00,statlite,20776,478400
micronaut,895.0403899610001,2026-10-02T19:32:40.484409+00:00,micronaut,194408,478400
shared,0.0016093809999802033,2026-10-02T19:32:55.510901+00:00,fixture,22944,188664
shared,0.0016093809999802033,2026-10-02T19:32:55.510901+00:00,statlite,20932,188664
shared,0.0016093809999802033,2026-10-02T19:32:55.510901+00:00,spring,212776,188664
shared,0.0016093809999802033,2026-10-02T19:32:55.510901+00:00,quarkus,169784,188664
shared,0.0016093809999802033,2026-10-02T19:32:55.510901+00:00,micronaut,178604,188664
shared,5.040582589000223,2026-10-02T19:33:00.549869+00:00,fixture,22944,188732
shared,5.040582589000223,2026-10-02T19:33:00.549869+00:00,statlite,20936,188732
shared,5.040582589000223,2026-10-02T19:33:00.549869+00:00,spring,212748,188732
shared,5.040582589000223,2026-10-02T19:33:00.549869+00:00,quarkus,169816,188732
shared,5.040582589000223,2026-10-02T19:33:00.549869+00:00,micronaut,178608,188732
shared,10.0425583440001,2026-10-02T19:33:05.551850+00:00,fixture,22940,186880
shared,10.0425583440001,2026-10-02T19:33:05.551850+00:00,statlite,20936,186880
shared,10.0425583440001,2026-10-02T19:33:05.551850+00:00,spring,212900,186880
shared,10.0425583440001,2026-10-02T19:33:05.551850+00:00,quarkus,169876,186880
shared,10.0425583440001,2026-10-02T19:33:05.551850+00:00,micronaut,180380,186880
shared,15.027259101000254,2026-10-02T19:33:10.536549+00:00,fixture,22940,186936
shared,15.027259101000254,2026-10-02T19:33:10.536549+00:00,statlite,20944,186936
shared,15.027259101000254,2026-10-02T19:33:10.536549+00:00,spring,212904,186936
shared,15.027259101000254,2026-10-02T19:33:10.536549+00:00,quarkus,169884,186936
shared,15.027259101000254,2026-10-02T19:33:10.536549+00:00,micronaut,180384,186936
shared,20.013621825000428,2026-10-02T19:33:15.522912+00:00,fixture,22940,187004
shared,20.013621825000428,2026-10-02T19:33:15.522912+00:00,statlite,20948,187004
shared,20.013621825000428,2026-10-02T19:33:15.522912+00:00,spring,213020,187004
shared,20.013621825000428,2026-10-02T19:33:15.522912+00:00,quarkus,169956,187004
shared,20.013621825000428,2026-10-02T19:33:15.522912+00:00,micronaut,180704,187004
shared,25.05096964300037,2026-10-02T19:33:20.560260+00:00,fixture,22940,187064
shared,25.05096964300037,2026-10-02T19:33:20.560260+00:00,statlite,20948,187064
shared,25.05096964300037,2026-10-02T19:33:20.560260+00:00,spring,213024,187064
shared,25.05096964300037,2026-10-02T19:33:20.560260+00:00,quarkus,169956,187064
shared,25.05096964300037,2026-10-02T19:33:20.560260+00:00,micronaut,180704,187064
shared,30.032969975000015,2026-10-02T19:33:25.542260+00:00,fixture,22944,186908
shared,30.032969975000015,2026-10-02T19:33:25.542260+00:00,statlite,21008,186908
shared,30.032969975000015,2026-10-02T19:33:25.542260+00:00,spring,213052,186908
shared,30.032969975000015,2026-10-02T19:33:25.542260+00:00,quarkus,170028,186908
shared,30.032969975000015,2026-10-02T19:33:25.542260+00:00,micronaut,180836,186908
shared,35.04526893299999,2026-10-02T19:33:30.554558+00:00,fixture,22940,186712
shared,35.04526893299999,2026-10-02T19:33:30.554558+00:00,statlite,21020,186712
shared,35.04526893299999,2026-10-02T19:33:30.554558+00:00,spring,213056,186712
shared,35.04526893299999,2026-10-02T19:33:30.554558+00:00,quarkus,170036,186712
shared,35.04526893299999,2026-10-02T19:33:30.554558+00:00,micronaut,180840,186712
shared,40.024207005000335,2026-10-02T19:33:35.533496+00:00,fixture,22940,186844
shared,40.024207005000335,2026-10-02T19:33:35.533496+00:00,statlite,21032,186844
shared,40.024207005000335,2026-10-02T19:33:35.533496+00:00,spring,213112,186844
shared,40.024207005000335,2026-10-02T19:33:35.533496+00:00,quarkus,170180,186844
shared,40.024207005000335,2026-10-02T19:33:35.533496+00:00,micronaut,180900,186844
shared,45.015308670000195,2026-10-02T19:33:40.524598+00:00,fixture,22944,186388
shared,45.015308670000195,2026-10-02T19:33:40.524598+00:00,statlite,21032,186388
shared,45.015308670000195,2026-10-02T19:33:40.524598+00:00,spring,213112,186388
shared,45.015308670000195,2026-10-02T19:33:40.524598+00:00,quarkus,170204,186388
shared,45.015308670000195,2026-10-02T19:33:40.524598+00:00,micronaut,180920,186388
shared,50.05251319400031,2026-10-02T19:33:45.561802+00:00,fixture,22940,186556
shared,50.05251319400031,2026-10-02T19:33:45.561802+00:00,statlite,21036,186556
shared,50.05251319400031,2026-10-02T19:33:45.561802+00:00,spring,213152,186556
shared,50.05251319400031,2026-10-02T19:33:45.561802+00:00,quarkus,170272,186556
shared,50.05251319400031,2026-10-02T19:33:45.561802+00:00,micronaut,181028,186556
shared,55.04235082100013,2026-10-02T19:33:50.551640+00:00,fixture,22944,186088
shared,55.04235082100013,2026-10-02T19:33:50.551640+00:00,statlite,21036,186088
shared,55.04235082100013,2026-10-02T19:33:50.551640+00:00,spring,213156,186088
shared,55.04235082100013,2026-10-02T19:33:50.551640+00:00,quarkus,170272,186088
shared,55.04235082100013,2026-10-02T19:33:50.551640+00:00,micronaut,181028,186088
shared,60.03370704300005,2026-10-02T19:33:55.542997+00:00,fixture,22940,184668
shared,60.03370704300005,2026-10-02T19:33:55.542997+00:00,statlite,21060,184668
shared,60.03370704300005,2026-10-02T19:33:55.542997+00:00,spring,213268,184668
shared,60.03370704300005,2026-10-02T19:33:55.542997+00:00,quarkus,170468,184668
shared,60.03370704300005,2026-10-02T19:33:55.542997+00:00,micronaut,181336,184668
shared,65.019755842,2026-10-02T19:34:00.529044+00:00,fixture,22940,184796
shared,65.019755842,2026-10-02T19:34:00.529044+00:00,statlite,21060,184796
shared,65.019755842,2026-10-02T19:34:00.529044+00:00,spring,213268,184796
shared,65.019755842,2026-10-02T19:34:00.529044+00:00,quarkus,170492,184796
shared,65.019755842,2026-10-02T19:34:00.529044+00:00,micronaut,181344,184796
shared,70.00468403000013,2026-10-02T19:34:05.513974+00:00,fixture,22940,184628
shared,70.00468403000013,2026-10-02T19:34:05.513974+00:00,statlite,21060,184628
shared,70.00468403000013,2026-10-02T19:34:05.513974+00:00,spring,213388,184628
shared,70.00468403000013,2026-10-02T19:34:05.513974+00:00,quarkus,170520,184628
shared,70.00468403000013,2026-10-02T19:34:05.513974+00:00,micronaut,181460,184628
shared,75.04495340100038,2026-10-02T19:34:10.554241+00:00,fixture,22940,184684
shared,75.04495340100038,2026-10-02T19:34:10.554241+00:00,statlite,21060,184684
shared,75.04495340100038,2026-10-02T19:34:10.554241+00:00,spring,213392,184684
shared,75.04495340100038,2026-10-02T19:34:10.554241+00:00,quarkus,170520,184684
shared,75.04495340100038,2026-10-02T19:34:10.554241+00:00,micronaut,181472,184684
shared,80.03266409800017,2026-10-02T19:34:15.541944+00:00,fixture,22940,184536
shared,80.03266409800017,2026-10-02T19:34:15.541944+00:00,statlite,21072,184536
shared,80.03266409800017,2026-10-02T19:34:15.541944+00:00,spring,213424,184536
shared,80.03266409800017,2026-10-02T19:34:15.541944+00:00,quarkus,170560,184536
shared,80.03266409800017,2026-10-02T19:34:15.541944+00:00,micronaut,181616,184536
shared,85.02039221200039,2026-10-02T19:34:20.529681+00:00,fixture,22940,184328
shared,85.02039221200039,2026-10-02T19:34:20.529681+00:00,statlite,21072,184328
shared,85.02039221200039,2026-10-02T19:34:20.529681+00:00,spring,213428,184328
shared,85.02039221200039,2026-10-02T19:34:20.529681+00:00,quarkus,170560,184328
shared,85.02039221200039,2026-10-02T19:34:20.529681+00:00,micronaut,181620,184328
shared,90.00680340300005,2026-10-02T19:34:25.516094+00:00,fixture,22940,184112
shared,90.00680340300005,2026-10-02T19:34:25.516094+00:00,statlite,21084,184112
shared,90.00680340300005,2026-10-02T19:34:25.516094+00:00,spring,213524,184112
shared,90.00680340300005,2026-10-02T19:34:25.516094+00:00,quarkus,170608,184112
shared,90.00680340300005,2026-10-02T19:34:25.516094+00:00,micronaut,181828,184112
shared,95.00631276000013,2026-10-02T19:34:30.515601+00:00,fixture,22940,184172
shared,95.00631276000013,2026-10-02T19:34:30.515601+00:00,statlite,21100,184172
shared,95.00631276000013,2026-10-02T19:34:30.515601+00:00,spring,213524,184172
shared,95.00631276000013,2026-10-02T19:34:30.515601+00:00,quarkus,170608,184172
shared,95.00631276000013,2026-10-02T19:34:30.515601+00:00,micronaut,181828,184172
shared,100.00243534200035,2026-10-02T19:34:35.511726+00:00,fixture,22940,183780
shared,100.00243534200035,2026-10-02T19:34:35.511726+00:00,statlite,21104,183780
shared,100.00243534200035,2026-10-02T19:34:35.511726+00:00,spring,213528,183780
shared,100.00243534200035,2026-10-02T19:34:35.511726+00:00,quarkus,170628,183780
shared,100.00243534200035,2026-10-02T19:34:35.511726+00:00,micronaut,181908,183780
shared,105.04648465300033,2026-10-02T19:34:40.555772+00:00,fixture,22940,183832
shared,105.04648465300033,2026-10-02T19:34:40.555772+00:00,statlite,21104,183832
shared,105.04648465300033,2026-10-02T19:34:40.555772+00:00,spring,213536,183832
shared,105.04648465300033,2026-10-02T19:34:40.555772+00:00,quarkus,170632,183832
shared,105.04648465300033,2026-10-02T19:34:40.555772+00:00,micronaut,181908,183832
shared,110.02853001400035,2026-10-02T19:34:45.537814+00:00,fixture,22940,183948
shared,110.02853001400035,2026-10-02T19:34:45.537814+00:00,statlite,21104,183948
shared,110.02853001400035,2026-10-02T19:34:45.537814+00:00,spring,213544,183948
shared,110.02853001400035,2026-10-02T19:34:45.537814+00:00,quarkus,170652,183948
shared,110.02853001400035,2026-10-02T19:34:45.537814+00:00,micronaut,181964,183948
shared,115.02579174100038,2026-10-02T19:34:50.535078+00:00,fixture,22940,183748
shared,115.02579174100038,2026-10-02T19:34:50.535078+00:00,statlite,21108,183748
shared,115.02579174100038,2026-10-02T19:34:50.535078+00:00,spring,213544,183748
shared,115.02579174100038,2026-10-02T19:34:50.535078+00:00,quarkus,170652,183748
shared,115.02579174100038,2026-10-02T19:34:50.535078+00:00,micronaut,181968,183748
shared,120.01793394200013,2026-10-02T19:34:55.527221+00:00,fixture,22940,183632
shared,120.01793394200013,2026-10-02T19:34:55.527221+00:00,statlite,21128,183632
shared,120.01793394200013,2026-10-02T19:34:55.527221+00:00,spring,213488,183632
shared,120.01793394200013,2026-10-02T19:34:55.527221+00:00,quarkus,170676,183632
shared,120.01793394200013,2026-10-02T19:34:55.527221+00:00,micronaut,182088,183632
shared,125.01029979900022,2026-10-02T19:35:00.519585+00:00,fixture,22944,183656
shared,125.01029979900022,2026-10-02T19:35:00.519585+00:00,statlite,21132,183656
shared,125.01029979900022,2026-10-02T19:35:00.519585+00:00,spring,213492,183656
shared,125.01029979900022,2026-10-02T19:35:00.519585+00:00,quarkus,170680,183656
shared,125.01029979900022,2026-10-02T19:35:00.519585+00:00,micronaut,182088,183656
shared,130.00275066600034,2026-10-02T19:35:05.512040+00:00,fixture,22940,182452
shared,130.00275066600034,2026-10-02T19:35:05.512040+00:00,statlite,21144,182452
shared,130.00275066600034,2026-10-02T19:35:05.512040+00:00,spring,213500,182452
shared,130.00275066600034,2026-10-02T19:35:05.512040+00:00,quarkus,170704,182452
shared,130.00275066600034,2026-10-02T19:35:05.512040+00:00,micronaut,182208,182452
shared,135.0502095740003,2026-10-02T19:35:10.559498+00:00,fixture,22940,182304
shared,135.0502095740003,2026-10-02T19:35:10.559498+00:00,statlite,21144,182304
shared,135.0502095740003,2026-10-02T19:35:10.559498+00:00,spring,213500,182304
shared,135.0502095740003,2026-10-02T19:35:10.559498+00:00,quarkus,170704,182304
shared,135.0502095740003,2026-10-02T19:35:10.559498+00:00,micronaut,182256,182304
shared,140.04907127700017,2026-10-02T19:35:15.558361+00:00,fixture,22940,182388
shared,140.04907127700017,2026-10-02T19:35:15.558361+00:00,statlite,21148,182388
shared,140.04907127700017,2026-10-02T19:35:15.558361+00:00,spring,213512,182388
shared,140.04907127700017,2026-10-02T19:35:15.558361+00:00,quarkus,170748,182388
shared,140.04907127700017,2026-10-02T19:35:15.558361+00:00,micronaut,182408,182388
shared,145.0399738340002,2026-10-02T19:35:20.549255+00:00,fixture,22940,182432
shared,145.0399738340002,2026-10-02T19:35:20.549255+00:00,statlite,21148,182432
shared,145.0399738340002,2026-10-02T19:35:20.549255+00:00,spring,213512,182432
shared,145.0399738340002,2026-10-02T19:35:20.549255+00:00,quarkus,170748,182432
shared,145.0399738340002,2026-10-02T19:35:20.549255+00:00,micronaut,182408,182432
shared,150.02557196900034,2026-10-02T19:35:25.534861+00:00,fixture,22940,182504
shared,150.02557196900034,2026-10-02T19:35:25.534861+00:00,statlite,21148,182504
shared,150.02557196900034,2026-10-02T19:35:25.534861+00:00,spring,213520,182504
shared,150.02557196900034,2026-10-02T19:35:25.534861+00:00,quarkus,170768,182504
shared,150.02557196900034,2026-10-02T19:35:25.534861+00:00,micronaut,182476,182504
shared,155.01538118200006,2026-10-02T19:35:30.524670+00:00,fixture,22940,182604
shared,155.01538118200006,2026-10-02T19:35:30.524670+00:00,statlite,21152,182604
shared,155.01538118200006,2026-10-02T19:35:30.524670+00:00,spring,213520,182604
shared,155.01538118200006,2026-10-02T19:35:30.524670+00:00,quarkus,170768,182604
shared,155.01538118200006,2026-10-02T19:35:30.524670+00:00,micronaut,182476,182604
shared,160.0513605760002,2026-10-02T19:35:35.560649+00:00,fixture,22940,182420
shared,160.0513605760002,2026-10-02T19:35:35.560649+00:00,statlite,21156,182420
shared,160.0513605760002,2026-10-02T19:35:35.560649+00:00,spring,213524,182420
shared,160.0513605760002,2026-10-02T19:35:35.560649+00:00,quarkus,170828,182420
shared,160.0513605760002,2026-10-02T19:35:35.560649+00:00,micronaut,182536,182420
shared,165.04262501300036,2026-10-02T19:35:40.551905+00:00,fixture,22940,182528
shared,165.04262501300036,2026-10-02T19:35:40.551905+00:00,statlite,21156,182528
shared,165.04262501300036,2026-10-02T19:35:40.551905+00:00,spring,213528,182528
shared,165.04262501300036,2026-10-02T19:35:40.551905+00:00,quarkus,170828,182528
shared,165.04262501300036,2026-10-02T19:35:40.551905+00:00,micronaut,182536,182528
shared,170.02767204500014,2026-10-02T19:35:45.536959+00:00,fixture,22940,182348
shared,170.02767204500014,2026-10-02T19:35:45.536959+00:00,statlite,21160,182348
shared,170.02767204500014,2026-10-02T19:35:45.536959+00:00,spring,213532,182348
shared,170.02767204500014,2026-10-02T19:35:45.536959+00:00,quarkus,170864,182348
shared,170.02767204500014,2026-10-02T19:35:45.536959+00:00,micronaut,182596,182348
shared,175.01872274200014,2026-10-02T19:35:50.528012+00:00,fixture,22940,182092
shared,175.01872274200014,2026-10-02T19:35:50.528012+00:00,statlite,21168,182092
shared,175.01872274200014,2026-10-02T19:35:50.528012+00:00,spring,213532,182092
shared,175.01872274200014,2026-10-02T19:35:50.528012+00:00,quarkus,170864,182092
shared,175.01872274200014,2026-10-02T19:35:50.528012+00:00,micronaut,182596,182092
shared,180.02849097100034,2026-10-02T19:35:55.537780+00:00,fixture,22940,175944
shared,180.02849097100034,2026-10-02T19:35:55.537780+00:00,statlite,21172,175944
shared,180.02849097100034,2026-10-02T19:35:55.537780+00:00,spring,216412,175944
shared,180.02849097100034,2026-10-02T19:35:55.537780+00:00,quarkus,174136,175944
shared,180.02849097100034,2026-10-02T19:35:55.537780+00:00,micronaut,182928,175944
shared,185.03221391600027,2026-10-02T19:36:00.541503+00:00,fixture,22940,146628
shared,185.03221391600027,2026-10-02T19:36:00.541503+00:00,statlite,21176,146628
shared,185.03221391600027,2026-10-02T19:36:00.541503+00:00,spring,216416,146628
shared,185.03221391600027,2026-10-02T19:36:00.541503+00:00,quarkus,174136,146628
shared,185.03221391600027,2026-10-02T19:36:00.541503+00:00,micronaut,182928,146628
shared,190.0159891530002,2026-10-02T19:36:05.525281+00:00,fixture,22944,146040
shared,190.0159891530002,2026-10-02T19:36:05.525281+00:00,statlite,21176,146040
shared,190.0159891530002,2026-10-02T19:36:05.525281+00:00,spring,216448,146040
shared,190.0159891530002,2026-10-02T19:36:05.525281+00:00,quarkus,174412,146040
shared,190.0159891530002,2026-10-02T19:36:05.525281+00:00,micronaut,183120,146040
shared,195.0055904410001,2026-10-02T19:36:10.514880+00:00,fixture,22940,142060
shared,195.0055904410001,2026-10-02T19:36:10.514880+00:00,statlite,21176,142060
shared,195.0055904410001,2026-10-02T19:36:10.514880+00:00,spring,216456,142060
shared,195.0055904410001,2026-10-02T19:36:10.514880+00:00,quarkus,174412,142060
shared,195.0055904410001,2026-10-02T19:36:10.514880+00:00,micronaut,183120,142060
shared,200.04399139500038,2026-10-02T19:36:15.553280+00:00,fixture,22940,142240
shared,200.04399139500038,2026-10-02T19:36:15.553280+00:00,statlite,21536,142240
shared,200.04399139500038,2026-10-02T19:36:15.553280+00:00,spring,216504,142240
shared,200.04399139500038,2026-10-02T19:36:15.553280+00:00,quarkus,174448,142240
shared,200.04399139500038,2026-10-02T19:36:15.553280+00:00,micronaut,183172,142240
shared,205.0304166660003,2026-10-02T19:36:20.539705+00:00,fixture,22940,142312
shared,205.0304166660003,2026-10-02T19:36:20.539705+00:00,statlite,21548,142312
shared,205.0304166660003,2026-10-02T19:36:20.539705+00:00,spring,216504,142312
shared,205.0304166660003,2026-10-02T19:36:20.539705+00:00,quarkus,174448,142312
shared,205.0304166660003,2026-10-02T19:36:20.539705+00:00,micronaut,183172,142312
shared,210.02764726600026,2026-10-02T19:36:25.536934+00:00,fixture,22940,142476
shared,210.02764726600026,2026-10-02T19:36:25.536934+00:00,statlite,21576,142476
shared,210.02764726600026,2026-10-02T19:36:25.536934+00:00,spring,216532,142476
shared,210.02764726600026,2026-10-02T19:36:25.536934+00:00,quarkus,174528,142476
shared,210.02764726600026,2026-10-02T19:36:25.536934+00:00,micronaut,183236,142476
shared,215.0157736240003,2026-10-02T19:36:30.525060+00:00,fixture,22940,142500
shared,215.0157736240003,2026-10-02T19:36:30.525060+00:00,statlite,21576,142500
shared,215.0157736240003,2026-10-02T19:36:30.525060+00:00,spring,216532,142500
shared,215.0157736240003,2026-10-02T19:36:30.525060+00:00,quarkus,174528,142500
shared,215.0157736240003,2026-10-02T19:36:30.525060+00:00,micronaut,183236,142500
shared,220.00762837900038,2026-10-02T19:36:35.516917+00:00,fixture,22944,142704
shared,220.00762837900038,2026-10-02T19:36:35.516917+00:00,statlite,21608,142704
shared,220.00762837900038,2026-10-02T19:36:35.516917+00:00,spring,216564,142704
shared,220.00762837900038,2026-10-02T19:36:35.516917+00:00,quarkus,174564,142704
shared,220.00762837900038,2026-10-02T19:36:35.516917+00:00,micronaut,183268,142704
shared,225.04784492600038,2026-10-02T19:36:40.557129+00:00,fixture,22940,142744
shared,225.04784492600038,2026-10-02T19:36:40.557129+00:00,statlite,21616,142744
shared,225.04784492600038,2026-10-02T19:36:40.557129+00:00,spring,216564,142744
shared,225.04784492600038,2026-10-02T19:36:40.557129+00:00,quarkus,174568,142744
shared,225.04784492600038,2026-10-02T19:36:40.557129+00:00,micronaut,183268,142744
shared,230.03347587400003,2026-10-02T19:36:45.542762+00:00,fixture,22940,142904
shared,230.03347587400003,2026-10-02T19:36:45.542762+00:00,statlite,21616,142904
shared,230.03347587400003,2026-10-02T19:36:45.542762+00:00,spring,216608,142904
shared,230.03347587400003,2026-10-02T19:36:45.542762+00:00,quarkus,174596,142904
shared,230.03347587400003,2026-10-02T19:36:45.542762+00:00,micronaut,183324,142904
shared,235.00453734300027,2026-10-02T19:36:50.513828+00:00,fixture,22940,142984
shared,235.00453734300027,2026-10-02T19:36:50.513828+00:00,statlite,21616,142984
shared,235.00453734300027,2026-10-02T19:36:50.513828+00:00,spring,216608,142984
shared,235.00453734300027,2026-10-02T19:36:50.513828+00:00,quarkus,174612,142984
shared,235.00453734300027,2026-10-02T19:36:50.513828+00:00,micronaut,183324,142984
shared,240.03924928000015,2026-10-02T19:36:55.548541+00:00,fixture,22940,143148
shared,240.03924928000015,2026-10-02T19:36:55.548541+00:00,statlite,21948,143148
shared,240.03924928000015,2026-10-02T19:36:55.548541+00:00,spring,216700,143148
shared,240.03924928000015,2026-10-02T19:36:55.548541+00:00,quarkus,174620,143148
shared,240.03924928000015,2026-10-02T19:36:55.548541+00:00,micronaut,183532,143148
shared,245.02707869200003,2026-10-02T19:37:00.536368+00:00,fixture,22940,143192
shared,245.02707869200003,2026-10-02T19:37:00.536368+00:00,statlite,21968,143192
shared,245.02707869200003,2026-10-02T19:37:00.536368+00:00,spring,216700,143192
shared,245.02707869200003,2026-10-02T19:37:00.536368+00:00,quarkus,174620,143192
shared,245.02707869200003,2026-10-02T19:37:00.536368+00:00,micronaut,183532,143192
shared,250.012671556,2026-10-02T19:37:05.521956+00:00,fixture,22940,143300
shared,250.012671556,2026-10-02T19:37:05.521956+00:00,statlite,22056,143300
shared,250.012671556,2026-10-02T19:37:05.521956+00:00,spring,216744,143300
shared,250.012671556,2026-10-02T19:37:05.521956+00:00,quarkus,174668,143300
shared,250.012671556,2026-10-02T19:37:05.521956+00:00,micronaut,183604,143300
shared,255.00687293200008,2026-10-02T19:37:10.516118+00:00,fixture,22940,143408
shared,255.00687293200008,2026-10-02T19:37:10.516118+00:00,statlite,22056,143408
shared,255.00687293200008,2026-10-02T19:37:10.516118+00:00,spring,216752,143408
shared,255.00687293200008,2026-10-02T19:37:10.516118+00:00,quarkus,174668,143408
shared,255.00687293200008,2026-10-02T19:37:10.516118+00:00,micronaut,183604,143408
shared,260.048785212,2026-10-02T19:37:15.558071+00:00,fixture,22940,143576
shared,260.048785212,2026-10-02T19:37:15.558071+00:00,statlite,21828,143576
shared,260.048785212,2026-10-02T19:37:15.558071+00:00,spring,216828,143576
shared,260.048785212,2026-10-02T19:37:15.558071+00:00,quarkus,174692,143576
shared,260.048785212,2026-10-02T19:37:15.558071+00:00,micronaut,183644,143576
shared,265.0395283290004,2026-10-02T19:37:20.548817+00:00,fixture,22940,143648
shared,265.0395283290004,2026-10-02T19:37:20.548817+00:00,statlite,21828,143648
shared,265.0395283290004,2026-10-02T19:37:20.548817+00:00,spring,216828,143648
shared,265.0395283290004,2026-10-02T19:37:20.548817+00:00,quarkus,174692,143648
shared,265.0395283290004,2026-10-02T19:37:20.548817+00:00,micronaut,183644,143648
shared,270.02458981100017,2026-10-02T19:37:25.533876+00:00,fixture,22940,143820
shared,270.02458981100017,2026-10-02T19:37:25.533876+00:00,statlite,21828,143820
shared,270.02458981100017,2026-10-02T19:37:25.533876+00:00,spring,216884,143820
shared,270.02458981100017,2026-10-02T19:37:25.533876+00:00,quarkus,174716,143820
shared,270.02458981100017,2026-10-02T19:37:25.533876+00:00,micronaut,183708,143820
shared,275.0135089590003,2026-10-02T19:37:30.522798+00:00,fixture,22940,143864
shared,275.0135089590003,2026-10-02T19:37:30.522798+00:00,statlite,21828,143864
shared,275.0135089590003,2026-10-02T19:37:30.522798+00:00,spring,216884,143864
shared,275.0135089590003,2026-10-02T19:37:30.522798+00:00,quarkus,174720,143864
shared,275.0135089590003,2026-10-02T19:37:30.522798+00:00,micronaut,183708,143864
shared,280.0096644930004,2026-10-02T19:37:35.518955+00:00,fixture,22944,144048
shared,280.0096644930004,2026-10-02T19:37:35.518955+00:00,statlite,21828,144048
shared,280.0096644930004,2026-10-02T19:37:35.518955+00:00,spring,216964,144048
shared,280.0096644930004,2026-10-02T19:37:35.518955+00:00,quarkus,174812,144048
shared,280.0096644930004,2026-10-02T19:37:35.518955+00:00,micronaut,183796,144048
shared,285.0062908350001,2026-10-02T19:37:40.515580+00:00,fixture,22940,144100
shared,285.0062908350001,2026-10-02T19:37:40.515580+00:00,statlite,21832,144100
shared,285.0062908350001,2026-10-02T19:37:40.515580+00:00,spring,216976,144100
shared,285.0062908350001,2026-10-02T19:37:40.515580+00:00,quarkus,174812,144100
shared,285.0062908350001,2026-10-02T19:37:40.515580+00:00,micronaut,183800,144100
shared,290.0420446820003,2026-10-02T19:37:45.551332+00:00,fixture,22940,144248
shared,290.0420446820003,2026-10-02T19:37:45.551332+00:00,statlite,21952,144248
shared,290.0420446820003,2026-10-02T19:37:45.551332+00:00,spring,217044,144248
shared,290.0420446820003,2026-10-02T19:37:45.551332+00:00,quarkus,174824,144248
shared,290.0420446820003,2026-10-02T19:37:45.551332+00:00,micronaut,183856,144248
shared,295.0311499430004,2026-10-02T19:37:50.540436+00:00,fixture,22944,144324
shared,295.0311499430004,2026-10-02T19:37:50.540436+00:00,statlite,21952,144324
shared,295.0311499430004,2026-10-02T19:37:50.540436+00:00,spring,217048,144324
shared,295.0311499430004,2026-10-02T19:37:50.540436+00:00,quarkus,174836,144324
shared,295.0311499430004,2026-10-02T19:37:50.540436+00:00,micronaut,183856,144324
shared,300.0141369500002,2026-10-02T19:37:55.523423+00:00,fixture,22940,144432
shared,300.0141369500002,2026-10-02T19:37:55.523423+00:00,statlite,22080,144432
shared,300.0141369500002,2026-10-02T19:37:55.523423+00:00,spring,217168,144432
shared,300.0141369500002,2026-10-02T19:37:55.523423+00:00,quarkus,174904,144432
shared,300.0141369500002,2026-10-02T19:37:55.523423+00:00,micronaut,183964,144432
shared,305.0516553260004,2026-10-02T19:38:00.560944+00:00,fixture,22940,144576
shared,305.0516553260004,2026-10-02T19:38:00.560944+00:00,statlite,22100,144576
shared,305.0516553260004,2026-10-02T19:38:00.560944+00:00,spring,217168,144576
shared,305.0516553260004,2026-10-02T19:38:00.560944+00:00,quarkus,174904,144576
shared,305.0516553260004,2026-10-02T19:38:00.560944+00:00,micronaut,183972,144576
shared,310.0414806880003,2026-10-02T19:38:05.550768+00:00,fixture,22940,144716
shared,310.0414806880003,2026-10-02T19:38:05.550768+00:00,statlite,22168,144716
shared,310.0414806880003,2026-10-02T19:38:05.550768+00:00,spring,217196,144716
shared,310.0414806880003,2026-10-02T19:38:05.550768+00:00,quarkus,174936,144716
shared,310.0414806880003,2026-10-02T19:38:05.550768+00:00,micronaut,184056,144716
shared,315.0312909860004,2026-10-02T19:38:10.540577+00:00,fixture,22940,144776
shared,315.0312909860004,2026-10-02T19:38:10.540577+00:00,statlite,22168,144776
shared,315.0312909860004,2026-10-02T19:38:10.540577+00:00,spring,217196,144776
shared,315.0312909860004,2026-10-02T19:38:10.540577+00:00,quarkus,174936,144776
shared,315.0312909860004,2026-10-02T19:38:10.540577+00:00,micronaut,184056,144776
shared,320.0201158550003,2026-10-02T19:38:15.529407+00:00,fixture,22940,144980
shared,320.0201158550003,2026-10-02T19:38:15.529407+00:00,statlite,21980,144980
shared,320.0201158550003,2026-10-02T19:38:15.529407+00:00,spring,217208,144980
shared,320.0201158550003,2026-10-02T19:38:15.529407+00:00,quarkus,174956,144980
shared,320.0201158550003,2026-10-02T19:38:15.529407+00:00,micronaut,184104,144980
shared,325.0334049160001,2026-10-02T19:38:20.542696+00:00,fixture,22940,145024
shared,325.0334049160001,2026-10-02T19:38:20.542696+00:00,statlite,21984,145024
shared,325.0334049160001,2026-10-02T19:38:20.542696+00:00,spring,217208,145024
shared,325.0334049160001,2026-10-02T19:38:20.542696+00:00,quarkus,174956,145024
shared,325.0334049160001,2026-10-02T19:38:20.542696+00:00,micronaut,184104,145024
shared,330.0151842680002,2026-10-02T19:38:25.524473+00:00,fixture,22944,145208
shared,330.0151842680002,2026-10-02T19:38:25.524473+00:00,statlite,22188,145208
shared,330.0151842680002,2026-10-02T19:38:25.524473+00:00,spring,217256,145208
shared,330.0151842680002,2026-10-02T19:38:25.524473+00:00,quarkus,174960,145208
shared,330.0151842680002,2026-10-02T19:38:25.524473+00:00,micronaut,184140,145208
shared,335.02152785800035,2026-10-02T19:38:30.530817+00:00,fixture,22940,145280
shared,335.02152785800035,2026-10-02T19:38:30.530817+00:00,statlite,22188,145280
shared,335.02152785800035,2026-10-02T19:38:30.530817+00:00,spring,217256,145280
shared,335.02152785800035,2026-10-02T19:38:30.530817+00:00,quarkus,174960,145280
shared,335.02152785800035,2026-10-02T19:38:30.530817+00:00,micronaut,184140,145280
shared,340.0097586720003,2026-10-02T19:38:35.519047+00:00,fixture,22940,145440
shared,340.0097586720003,2026-10-02T19:38:35.519047+00:00,statlite,22188,145440
shared,340.0097586720003,2026-10-02T19:38:35.519047+00:00,spring,217284,145440
shared,340.0097586720003,2026-10-02T19:38:35.519047+00:00,quarkus,175004,145440
shared,340.0097586720003,2026-10-02T19:38:35.519047+00:00,micronaut,184188,145440
shared,345.05099679700015,2026-10-02T19:38:40.560286+00:00,fixture,22940,145500
shared,345.05099679700015,2026-10-02T19:38:40.560286+00:00,statlite,22188,145500
shared,345.05099679700015,2026-10-02T19:38:40.560286+00:00,spring,217284,145500
shared,345.05099679700015,2026-10-02T19:38:40.560286+00:00,quarkus,175004,145500
shared,345.05099679700015,2026-10-02T19:38:40.560286+00:00,micronaut,184188,145500
shared,350.0369296380004,2026-10-02T19:38:45.546220+00:00,fixture,22940,145660
shared,350.0369296380004,2026-10-02T19:38:45.546220+00:00,statlite,22188,145660
shared,350.0369296380004,2026-10-02T19:38:45.546220+00:00,spring,217324,145660
shared,350.0369296380004,2026-10-02T19:38:45.546220+00:00,quarkus,175040,145660
shared,350.0369296380004,2026-10-02T19:38:45.546220+00:00,micronaut,184212,145660
shared,355.0400377430001,2026-10-02T19:38:50.549326+00:00,fixture,22940,145732
shared,355.0400377430001,2026-10-02T19:38:50.549326+00:00,statlite,22188,145732
shared,355.0400377430001,2026-10-02T19:38:50.549326+00:00,spring,217324,145732
shared,355.0400377430001,2026-10-02T19:38:50.549326+00:00,quarkus,175040,145732
shared,355.0400377430001,2026-10-02T19:38:50.549326+00:00,micronaut,184212,145732
shared,360.02622624800006,2026-10-02T19:38:55.535513+00:00,fixture,22940,145660
shared,360.02622624800006,2026-10-02T19:38:55.535513+00:00,statlite,22080,145660
shared,360.02622624800006,2026-10-02T19:38:55.535513+00:00,spring,217388,145660
shared,360.02622624800006,2026-10-02T19:38:55.535513+00:00,quarkus,175128,145660
shared,360.02622624800006,2026-10-02T19:38:55.535513+00:00,micronaut,184332,145660
shared,365.01602643700016,2026-10-02T19:39:00.525315+00:00,fixture,22940,145736
shared,365.01602643700016,2026-10-02T19:39:00.525315+00:00,statlite,22080,145736
shared,365.01602643700016,2026-10-02T19:39:00.525315+00:00,spring,217388,145736
shared,365.01602643700016,2026-10-02T19:39:00.525315+00:00,quarkus,175128,145736
shared,365.01602643700016,2026-10-02T19:39:00.525315+00:00,micronaut,184332,145736
shared,370.0490172340001,2026-10-02T19:39:05.558308+00:00,fixture,22940,145872
shared,370.0490172340001,2026-10-02T19:39:05.558308+00:00,statlite,22136,145872
shared,370.0490172340001,2026-10-02T19:39:05.558308+00:00,spring,217444,145872
shared,370.0490172340001,2026-10-02T19:39:05.558308+00:00,quarkus,175212,145872
shared,370.0490172340001,2026-10-02T19:39:05.558308+00:00,micronaut,184392,145872
shared,375.03371477300016,2026-10-02T19:39:10.543001+00:00,fixture,22940,145948
shared,375.03371477300016,2026-10-02T19:39:10.543001+00:00,statlite,22136,145948
shared,375.03371477300016,2026-10-02T19:39:10.543001+00:00,spring,217448,145948
shared,375.03371477300016,2026-10-02T19:39:10.543001+00:00,quarkus,175216,145948
shared,375.03371477300016,2026-10-02T19:39:10.543001+00:00,micronaut,184392,145948
shared,380.02370467200035,2026-10-02T19:39:15.532991+00:00,fixture,22940,146152
shared,380.02370467200035,2026-10-02T19:39:15.532991+00:00,statlite,22172,146152
shared,380.02370467200035,2026-10-02T19:39:15.532991+00:00,spring,217532,146152
shared,380.02370467200035,2026-10-02T19:39:15.532991+00:00,quarkus,175264,146152
shared,380.02370467200035,2026-10-02T19:39:15.532991+00:00,micronaut,184444,146152
shared,385.00728661400035,2026-10-02T19:39:20.516573+00:00,fixture,22940,146168
shared,385.00728661400035,2026-10-02T19:39:20.516573+00:00,statlite,22172,146168
shared,385.00728661400035,2026-10-02T19:39:20.516573+00:00,spring,217532,146168
shared,385.00728661400035,2026-10-02T19:39:20.516573+00:00,quarkus,175264,146168
shared,385.00728661400035,2026-10-02T19:39:20.516573+00:00,micronaut,184444,146168
shared,390.0452778880003,2026-10-02T19:39:25.554566+00:00,fixture,22940,146336
shared,390.0452778880003,2026-10-02T19:39:25.554566+00:00,statlite,22156,146336
shared,390.0452778880003,2026-10-02T19:39:25.554566+00:00,spring,217572,146336
shared,390.0452778880003,2026-10-02T19:39:25.554566+00:00,quarkus,175332,146336
shared,390.0452778880003,2026-10-02T19:39:25.554566+00:00,micronaut,184472,146336
shared,395.0309369640004,2026-10-02T19:39:30.540229+00:00,fixture,22940,146396
shared,395.0309369640004,2026-10-02T19:39:30.540229+00:00,statlite,22168,146396
shared,395.0309369640004,2026-10-02T19:39:30.540229+00:00,spring,217572,146396
shared,395.0309369640004,2026-10-02T19:39:30.540229+00:00,quarkus,175332,146396
shared,395.0309369640004,2026-10-02T19:39:30.540229+00:00,micronaut,184472,146396
shared,400.03806064100036,2026-10-02T19:39:35.547350+00:00,fixture,22940,146584
shared,400.03806064100036,2026-10-02T19:39:35.547350+00:00,statlite,22156,146584
shared,400.03806064100036,2026-10-02T19:39:35.547350+00:00,spring,217620,146584
shared,400.03806064100036,2026-10-02T19:39:35.547350+00:00,quarkus,175352,146584
shared,400.03806064100036,2026-10-02T19:39:35.547350+00:00,micronaut,184496,146584
shared,405.0214342270001,2026-10-02T19:39:40.530724+00:00,fixture,22940,146628
shared,405.0214342270001,2026-10-02T19:39:40.530724+00:00,statlite,22160,146628
shared,405.0214342270001,2026-10-02T19:39:40.530724+00:00,spring,217620,146628
shared,405.0214342270001,2026-10-02T19:39:40.530724+00:00,quarkus,175352,146628
shared,405.0214342270001,2026-10-02T19:39:40.530724+00:00,micronaut,184500,146628
shared,410.0351706890001,2026-10-02T19:39:45.544459+00:00,fixture,22940,146820
shared,410.0351706890001,2026-10-02T19:39:45.544459+00:00,statlite,22160,146820
shared,410.0351706890001,2026-10-02T19:39:45.544459+00:00,spring,217652,146820
shared,410.0351706890001,2026-10-02T19:39:45.544459+00:00,quarkus,175380,146820
shared,410.0351706890001,2026-10-02T19:39:45.544459+00:00,micronaut,184520,146820
shared,415.0235335230004,2026-10-02T19:39:50.532823+00:00,fixture,22940,146884
shared,415.0235335230004,2026-10-02T19:39:50.532823+00:00,statlite,22164,146884
shared,415.0235335230004,2026-10-02T19:39:50.532823+00:00,spring,217652,146884
shared,415.0235335230004,2026-10-02T19:39:50.532823+00:00,quarkus,175380,146884
shared,415.0235335230004,2026-10-02T19:39:50.532823+00:00,micronaut,184520,146884
shared,420.00919010200005,2026-10-02T19:39:55.518479+00:00,fixture,22940,147052
shared,420.00919010200005,2026-10-02T19:39:55.518479+00:00,statlite,22228,147052
shared,420.00919010200005,2026-10-02T19:39:55.518479+00:00,spring,217720,147052
shared,420.00919010200005,2026-10-02T19:39:55.518479+00:00,quarkus,175436,147052
shared,420.00919010200005,2026-10-02T19:39:55.518479+00:00,micronaut,184516,147052
shared,425.0493698270002,2026-10-02T19:40:00.558657+00:00,fixture,22940,147104
shared,425.0493698270002,2026-10-02T19:40:00.558657+00:00,statlite,22228,147104
shared,425.0493698270002,2026-10-02T19:40:00.558657+00:00,spring,217720,147104
shared,425.0493698270002,2026-10-02T19:40:00.558657+00:00,quarkus,175436,147104
shared,425.0493698270002,2026-10-02T19:40:00.558657+00:00,micronaut,184516,147104
shared,430.01469723000037,2026-10-02T19:40:05.523986+00:00,fixture,22940,147256
shared,430.01469723000037,2026-10-02T19:40:05.523986+00:00,statlite,22244,147256
shared,430.01469723000037,2026-10-02T19:40:05.523986+00:00,spring,217796,147256
shared,430.01469723000037,2026-10-02T19:40:05.523986+00:00,quarkus,175456,147256
shared,430.01469723000037,2026-10-02T19:40:05.523986+00:00,micronaut,184592,147256
shared,435.0054975320004,2026-10-02T19:40:10.514784+00:00,fixture,22940,147328
shared,435.0054975320004,2026-10-02T19:40:10.514784+00:00,statlite,22244,147328
shared,435.0054975320004,2026-10-02T19:40:10.514784+00:00,spring,217796,147328
shared,435.0054975320004,2026-10-02T19:40:10.514784+00:00,quarkus,175456,147328
shared,435.0054975320004,2026-10-02T19:40:10.514784+00:00,micronaut,184592,147328
shared,440.0454843560001,2026-10-02T19:40:15.554773+00:00,fixture,22940,147464
shared,440.0454843560001,2026-10-02T19:40:15.554773+00:00,statlite,22300,147464
shared,440.0454843560001,2026-10-02T19:40:15.554773+00:00,spring,217820,147464
shared,440.0454843560001,2026-10-02T19:40:15.554773+00:00,quarkus,175492,147464
shared,440.0454843560001,2026-10-02T19:40:15.554773+00:00,micronaut,184600,147464
shared,445.03656515500006,2026-10-02T19:40:20.545851+00:00,fixture,22940,147624
shared,445.03656515500006,2026-10-02T19:40:20.545851+00:00,statlite,22300,147624
shared,445.03656515500006,2026-10-02T19:40:20.545851+00:00,spring,217824,147624
shared,445.03656515500006,2026-10-02T19:40:20.545851+00:00,quarkus,175492,147624
shared,445.03656515500006,2026-10-02T19:40:20.545851+00:00,micronaut,184604,147624
shared,450.0249924190002,2026-10-02T19:40:25.534282+00:00,fixture,22940,147556
shared,450.0249924190002,2026-10-02T19:40:25.534282+00:00,statlite,21972,147556
shared,450.0249924190002,2026-10-02T19:40:25.534282+00:00,spring,217864,147556
shared,450.0249924190002,2026-10-02T19:40:25.534282+00:00,quarkus,175496,147556
shared,450.0249924190002,2026-10-02T19:40:25.534282+00:00,micronaut,184692,147556
shared,455.01098600800015,2026-10-02T19:40:30.520277+00:00,fixture,22940,147632
shared,455.01098600800015,2026-10-02T19:40:30.520277+00:00,statlite,21972,147632
shared,455.01098600800015,2026-10-02T19:40:30.520277+00:00,spring,217864,147632
shared,455.01098600800015,2026-10-02T19:40:30.520277+00:00,quarkus,175496,147632
shared,455.01098600800015,2026-10-02T19:40:30.520277+00:00,micronaut,184692,147632
shared,460.045417156,2026-10-02T19:40:35.554706+00:00,fixture,22944,147792
shared,460.045417156,2026-10-02T19:40:35.554706+00:00,statlite,22008,147792
shared,460.045417156,2026-10-02T19:40:35.554706+00:00,spring,217904,147792
shared,460.045417156,2026-10-02T19:40:35.554706+00:00,quarkus,175544,147792
shared,460.045417156,2026-10-02T19:40:35.554706+00:00,micronaut,184728,147792
shared,465.03510210600007,2026-10-02T19:40:40.544391+00:00,fixture,22940,147844
shared,465.03510210600007,2026-10-02T19:40:40.544391+00:00,statlite,21944,147844
shared,465.03510210600007,2026-10-02T19:40:40.544391+00:00,spring,217904,147844
shared,465.03510210600007,2026-10-02T19:40:40.544391+00:00,quarkus,175544,147844
shared,465.03510210600007,2026-10-02T19:40:40.544391+00:00,micronaut,184728,147844
shared,470.0227606750004,2026-10-02T19:40:45.532049+00:00,fixture,22944,148008
shared,470.0227606750004,2026-10-02T19:40:45.532049+00:00,statlite,21944,148008
shared,470.0227606750004,2026-10-02T19:40:45.532049+00:00,spring,217964,148008
shared,470.0227606750004,2026-10-02T19:40:45.532049+00:00,quarkus,175572,148008
shared,470.0227606750004,2026-10-02T19:40:45.532049+00:00,micronaut,184796,148008
shared,475.0248030380003,2026-10-02T19:40:50.533991+00:00,fixture,22940,148068
shared,475.0248030380003,2026-10-02T19:40:50.533991+00:00,statlite,21944,148068
shared,475.0248030380003,2026-10-02T19:40:50.533991+00:00,spring,217964,148068
shared,475.0248030380003,2026-10-02T19:40:50.533991+00:00,quarkus,175572,148068
shared,475.0248030380003,2026-10-02T19:40:50.533991+00:00,micronaut,184796,148068
shared,480.028382085,2026-10-02T19:40:55.537668+00:00,fixture,22944,148016
shared,480.028382085,2026-10-02T19:40:55.537668+00:00,statlite,22040,148016
shared,480.028382085,2026-10-02T19:40:55.537668+00:00,spring,218064,148016
shared,480.028382085,2026-10-02T19:40:55.537668+00:00,quarkus,175708,148016
shared,480.028382085,2026-10-02T19:40:55.537668+00:00,micronaut,184968,148016
shared,485.01750826900025,2026-10-02T19:41:00.526798+00:00,fixture,22940,148088
shared,485.01750826900025,2026-10-02T19:41:00.526798+00:00,statlite,22040,148088
shared,485.01750826900025,2026-10-02T19:41:00.526798+00:00,spring,218072,148088
shared,485.01750826900025,2026-10-02T19:41:00.526798+00:00,quarkus,175712,148088
shared,485.01750826900025,2026-10-02T19:41:00.526798+00:00,micronaut,184980,148088
shared,490.0065741880003,2026-10-02T19:41:05.515866+00:00,fixture,22940,148260
shared,490.0065741880003,2026-10-02T19:41:05.515866+00:00,statlite,22064,148260
shared,490.0065741880003,2026-10-02T19:41:05.515866+00:00,spring,218100,148260
shared,490.0065741880003,2026-10-02T19:41:05.515866+00:00,quarkus,175716,148260
shared,490.0065741880003,2026-10-02T19:41:05.515866+00:00,micronaut,185052,148260
shared,495.04929019500014,2026-10-02T19:41:10.558578+00:00,fixture,22940,148320
shared,495.04929019500014,2026-10-02T19:41:10.558578+00:00,statlite,22064,148320
shared,495.04929019500014,2026-10-02T19:41:10.558578+00:00,spring,218100,148320
shared,495.04929019500014,2026-10-02T19:41:10.558578+00:00,quarkus,175716,148320
shared,495.04929019500014,2026-10-02T19:41:10.558578+00:00,micronaut,185052,148320
shared,500.0363232650002,2026-10-02T19:41:15.545611+00:00,fixture,22940,148152
shared,500.0363232650002,2026-10-02T19:41:15.545611+00:00,statlite,22064,148152
shared,500.0363232650002,2026-10-02T19:41:15.545611+00:00,spring,218112,148152
shared,500.0363232650002,2026-10-02T19:41:15.545611+00:00,quarkus,175748,148152
shared,500.0363232650002,2026-10-02T19:41:15.545611+00:00,micronaut,185064,148152
shared,505.0314051060004,2026-10-02T19:41:20.540694+00:00,fixture,22940,148284
shared,505.0314051060004,2026-10-02T19:41:20.540694+00:00,statlite,22064,148284
shared,505.0314051060004,2026-10-02T19:41:20.540694+00:00,spring,218116,148284
shared,505.0314051060004,2026-10-02T19:41:20.540694+00:00,quarkus,175748,148284
shared,505.0314051060004,2026-10-02T19:41:20.540694+00:00,micronaut,185064,148284
shared,510.01751672900036,2026-10-02T19:41:25.526805+00:00,fixture,22940,148400
shared,510.01751672900036,2026-10-02T19:41:25.526805+00:00,statlite,22116,148400
shared,510.01751672900036,2026-10-02T19:41:25.526805+00:00,spring,218156,148400
shared,510.01751672900036,2026-10-02T19:41:25.526805+00:00,quarkus,175772,148400
shared,510.01751672900036,2026-10-02T19:41:25.526805+00:00,micronaut,185192,148400
shared,515.0071311240004,2026-10-02T19:41:30.516420+00:00,fixture,22940,148240
shared,515.0071311240004,2026-10-02T19:41:30.516420+00:00,statlite,22116,148240
shared,515.0071311240004,2026-10-02T19:41:30.516420+00:00,spring,218156,148240
shared,515.0071311240004,2026-10-02T19:41:30.516420+00:00,quarkus,175772,148240
shared,515.0071311240004,2026-10-02T19:41:30.516420+00:00,micronaut,185192,148240
shared,520.0439377830003,2026-10-02T19:41:35.553227+00:00,fixture,22940,148396
shared,520.0439377830003,2026-10-02T19:41:35.553227+00:00,statlite,22152,148396
shared,520.0439377830003,2026-10-02T19:41:35.553227+00:00,spring,218180,148396
shared,520.0439377830003,2026-10-02T19:41:35.553227+00:00,quarkus,175792,148396
shared,520.0439377830003,2026-10-02T19:41:35.553227+00:00,micronaut,185268,148396
shared,525.0355200590002,2026-10-02T19:41:40.544807+00:00,fixture,22940,148424
shared,525.0355200590002,2026-10-02T19:41:40.544807+00:00,statlite,22152,148424
shared,525.0355200590002,2026-10-02T19:41:40.544807+00:00,spring,218180,148424
shared,525.0355200590002,2026-10-02T19:41:40.544807+00:00,quarkus,175792,148424
shared,525.0355200590002,2026-10-02T19:41:40.544807+00:00,micronaut,185268,148424
shared,530.0263705450002,2026-10-02T19:41:45.535660+00:00,fixture,22940,148616
shared,530.0263705450002,2026-10-02T19:41:45.535660+00:00,statlite,22136,148616
shared,530.0263705450002,2026-10-02T19:41:45.535660+00:00,spring,218188,148616
shared,530.0263705450002,2026-10-02T19:41:45.535660+00:00,quarkus,175872,148616
shared,530.0263705450002,2026-10-02T19:41:45.535660+00:00,micronaut,185284,148616
shared,535.0204413620004,2026-10-02T19:41:50.529731+00:00,fixture,22940,148424
shared,535.0204413620004,2026-10-02T19:41:50.529731+00:00,statlite,22136,148424
shared,535.0204413620004,2026-10-02T19:41:50.529731+00:00,spring,218188,148424
shared,535.0204413620004,2026-10-02T19:41:50.529731+00:00,quarkus,175872,148424
shared,535.0204413620004,2026-10-02T19:41:50.529731+00:00,micronaut,185284,148424
shared,540.0078614970002,2026-10-02T19:41:55.517152+00:00,fixture,22940,148580
shared,540.0078614970002,2026-10-02T19:41:55.517152+00:00,statlite,22204,148580
shared,540.0078614970002,2026-10-02T19:41:55.517152+00:00,spring,218364,148580
shared,540.0078614970002,2026-10-02T19:41:55.517152+00:00,quarkus,175884,148580
shared,540.0078614970002,2026-10-02T19:41:55.517152+00:00,micronaut,185312,148580
shared,545.0513976360003,2026-10-02T19:42:00.560684+00:00,fixture,22940,148620
shared,545.0513976360003,2026-10-02T19:42:00.560684+00:00,statlite,22204,148620
shared,545.0513976360003,2026-10-02T19:42:00.560684+00:00,spring,218368,148620
shared,545.0513976360003,2026-10-02T19:42:00.560684+00:00,quarkus,175884,148620
shared,545.0513976360003,2026-10-02T19:42:00.560684+00:00,micronaut,185332,148620
shared,550.0163377920003,2026-10-02T19:42:05.525624+00:00,fixture,22940,148540
shared,550.0163377920003,2026-10-02T19:42:05.525624+00:00,statlite,22204,148540
shared,550.0163377920003,2026-10-02T19:42:05.525624+00:00,spring,218400,148540
shared,550.0163377920003,2026-10-02T19:42:05.525624+00:00,quarkus,175892,148540
shared,550.0163377920003,2026-10-02T19:42:05.525624+00:00,micronaut,185384,148540
shared,555.0232316390002,2026-10-02T19:42:10.532521+00:00,fixture,22940,148592
shared,555.0232316390002,2026-10-02T19:42:10.532521+00:00,statlite,22204,148592
shared,555.0232316390002,2026-10-02T19:42:10.532521+00:00,spring,218400,148592
shared,555.0232316390002,2026-10-02T19:42:10.532521+00:00,quarkus,175892,148592
shared,555.0232316390002,2026-10-02T19:42:10.532521+00:00,micronaut,185384,148592
shared,560.0120943040001,2026-10-02T19:42:15.521384+00:00,fixture,22940,148744
shared,560.0120943040001,2026-10-02T19:42:15.521384+00:00,statlite,22204,148744
shared,560.0120943040001,2026-10-02T19:42:15.521384+00:00,spring,218416,148744
shared,560.0120943040001,2026-10-02T19:42:15.521384+00:00,quarkus,175892,148744
shared,560.0120943040001,2026-10-02T19:42:15.521384+00:00,micronaut,185424,148744
shared,565.0514789230001,2026-10-02T19:42:20.560769+00:00,fixture,22940,148800
shared,565.0514789230001,2026-10-02T19:42:20.560769+00:00,statlite,22204,148800
shared,565.0514789230001,2026-10-02T19:42:20.560769+00:00,spring,218416,148800
shared,565.0514789230001,2026-10-02T19:42:20.560769+00:00,quarkus,175892,148800
shared,565.0514789230001,2026-10-02T19:42:20.560769+00:00,micronaut,185424,148800
shared,570.0387351960003,2026-10-02T19:42:25.548023+00:00,fixture,22940,148496
shared,570.0387351960003,2026-10-02T19:42:25.548023+00:00,statlite,22288,148496
shared,570.0387351960003,2026-10-02T19:42:25.548023+00:00,spring,218476,148496
shared,570.0387351960003,2026-10-02T19:42:25.548023+00:00,quarkus,175900,148496
shared,570.0387351960003,2026-10-02T19:42:25.548023+00:00,micronaut,185456,148496
shared,575.0259749660004,2026-10-02T19:42:30.535263+00:00,fixture,22940,148312
shared,575.0259749660004,2026-10-02T19:42:30.535263+00:00,statlite,22296,148312
shared,575.0259749660004,2026-10-02T19:42:30.535263+00:00,spring,218476,148312
shared,575.0259749660004,2026-10-02T19:42:30.535263+00:00,quarkus,175900,148312
shared,575.0259749660004,2026-10-02T19:42:30.535263+00:00,micronaut,185456,148312
shared,580.0224663650001,2026-10-02T19:42:35.531756+00:00,fixture,22940,148416
shared,580.0224663650001,2026-10-02T19:42:35.531756+00:00,statlite,22304,148416
shared,580.0224663650001,2026-10-02T19:42:35.531756+00:00,spring,218532,148416
shared,580.0224663650001,2026-10-02T19:42:35.531756+00:00,quarkus,175908,148416
shared,580.0224663650001,2026-10-02T19:42:35.531756+00:00,micronaut,185492,148416
shared,585.0240619730002,2026-10-02T19:42:40.533349+00:00,fixture,22940,148508
shared,585.0240619730002,2026-10-02T19:42:40.533349+00:00,statlite,22304,148508
shared,585.0240619730002,2026-10-02T19:42:40.533349+00:00,spring,218532,148508
shared,585.0240619730002,2026-10-02T19:42:40.533349+00:00,quarkus,175908,148508
shared,585.0240619730002,2026-10-02T19:42:40.533349+00:00,micronaut,185492,148508
shared,590.0089070470003,2026-10-02T19:42:45.518195+00:00,fixture,22944,148424
shared,590.0089070470003,2026-10-02T19:42:45.518195+00:00,statlite,22376,148424
shared,590.0089070470003,2026-10-02T19:42:45.518195+00:00,spring,218560,148424
shared,590.0089070470003,2026-10-02T19:42:45.518195+00:00,quarkus,175916,148424
shared,590.0089070470003,2026-10-02T19:42:45.518195+00:00,micronaut,185524,148424
shared,595.0507502220003,2026-10-02T19:42:50.560039+00:00,fixture,22940,148480
shared,595.0507502220003,2026-10-02T19:42:50.560039+00:00,statlite,22380,148480
shared,595.0507502220003,2026-10-02T19:42:50.560039+00:00,spring,218560,148480
shared,595.0507502220003,2026-10-02T19:42:50.560039+00:00,quarkus,175916,148480
shared,595.0507502220003,2026-10-02T19:42:50.560039+00:00,micronaut,185524,148480
shared,600.0373474440003,2026-10-02T19:42:55.546636+00:00,fixture,22940,148356
shared,600.0373474440003,2026-10-02T19:42:55.546636+00:00,statlite,22252,148356
shared,600.0373474440003,2026-10-02T19:42:55.546636+00:00,spring,218740,148356
shared,600.0373474440003,2026-10-02T19:42:55.546636+00:00,quarkus,175976,148356
shared,600.0373474440003,2026-10-02T19:42:55.546636+00:00,micronaut,185664,148356
shared,605.0265601310002,2026-10-02T19:43:00.535850+00:00,fixture,22940,148420
shared,605.0265601310002,2026-10-02T19:43:00.535850+00:00,statlite,22252,148420
shared,605.0265601310002,2026-10-02T19:43:00.535850+00:00,spring,218740,148420
shared,605.0265601310002,2026-10-02T19:43:00.535850+00:00,quarkus,175976,148420
shared,605.0265601310002,2026-10-02T19:43:00.535850+00:00,micronaut,185672,148420
shared,610.01256655,2026-10-02T19:43:05.521856+00:00,fixture,22940,147844
shared,610.01256655,2026-10-02T19:43:05.521856+00:00,statlite,22228,147844
shared,610.01256655,2026-10-02T19:43:05.521856+00:00,spring,218820,147844
shared,610.01256655,2026-10-02T19:43:05.521856+00:00,quarkus,175984,147844
shared,610.01256655,2026-10-02T19:43:05.521856+00:00,micronaut,185732,147844
shared,615.0512323840003,2026-10-02T19:43:10.560525+00:00,fixture,22940,147900
shared,615.0512323840003,2026-10-02T19:43:10.560525+00:00,statlite,22228,147900
shared,615.0512323840003,2026-10-02T19:43:10.560525+00:00,spring,218820,147900
shared,615.0512323840003,2026-10-02T19:43:10.560525+00:00,quarkus,175984,147900
shared,615.0512323840003,2026-10-02T19:43:10.560525+00:00,micronaut,185732,147900
shared,620.0324575740001,2026-10-02T19:43:15.541750+00:00,fixture,22940,148052
shared,620.0324575740001,2026-10-02T19:43:15.541750+00:00,statlite,22228,148052
shared,620.0324575740001,2026-10-02T19:43:15.541750+00:00,spring,218908,148052
shared,620.0324575740001,2026-10-02T19:43:15.541750+00:00,quarkus,175992,148052
shared,620.0324575740001,2026-10-02T19:43:15.541750+00:00,micronaut,185768,148052
shared,625.0088606070003,2026-10-02T19:43:20.518154+00:00,fixture,22940,148116
shared,625.0088606070003,2026-10-02T19:43:20.518154+00:00,statlite,22228,148116
shared,625.0088606070003,2026-10-02T19:43:20.518154+00:00,spring,218908,148116
shared,625.0088606070003,2026-10-02T19:43:20.518154+00:00,quarkus,175992,148116
shared,625.0088606070003,2026-10-02T19:43:20.518154+00:00,micronaut,185768,148116
shared,630.0339392160004,2026-10-02T19:43:25.543232+00:00,fixture,22940,148268
shared,630.0339392160004,2026-10-02T19:43:25.543232+00:00,statlite,22372,148268
shared,630.0339392160004,2026-10-02T19:43:25.543232+00:00,spring,218944,148268
shared,630.0339392160004,2026-10-02T19:43:25.543232+00:00,quarkus,176008,148268
shared,630.0339392160004,2026-10-02T19:43:25.543232+00:00,micronaut,185852,148268
shared,635.0098317840002,2026-10-02T19:43:30.519124+00:00,fixture,22940,148336
shared,635.0098317840002,2026-10-02T19:43:30.519124+00:00,statlite,22372,148336
shared,635.0098317840002,2026-10-02T19:43:30.519124+00:00,spring,218956,148336
shared,635.0098317840002,2026-10-02T19:43:30.519124+00:00,quarkus,176008,148336
shared,635.0098317840002,2026-10-02T19:43:30.519124+00:00,micronaut,185852,148336
shared,640.0329931300002,2026-10-02T19:43:35.542286+00:00,fixture,22944,148220
shared,640.0329931300002,2026-10-02T19:43:35.542286+00:00,statlite,22372,148220
shared,640.0329931300002,2026-10-02T19:43:35.542286+00:00,spring,219000,148220
shared,640.0329931300002,2026-10-02T19:43:35.542286+00:00,quarkus,176036,148220
shared,640.0329931300002,2026-10-02T19:43:35.542286+00:00,micronaut,185904,148220
shared,645.0072360420004,2026-10-02T19:43:40.516528+00:00,fixture,22940,148280
shared,645.0072360420004,2026-10-02T19:43:40.516528+00:00,statlite,22372,148280
shared,645.0072360420004,2026-10-02T19:43:40.516528+00:00,spring,219000,148280
shared,645.0072360420004,2026-10-02T19:43:40.516528+00:00,quarkus,176036,148280
shared,645.0072360420004,2026-10-02T19:43:40.516528+00:00,micronaut,185904,148280
shared,650.046236526,2026-10-02T19:43:45.555529+00:00,fixture,22944,148424
shared,650.046236526,2026-10-02T19:43:45.555529+00:00,statlite,22372,148424
shared,650.046236526,2026-10-02T19:43:45.555529+00:00,spring,219036,148424
shared,650.046236526,2026-10-02T19:43:45.555529+00:00,quarkus,176036,148424
shared,650.046236526,2026-10-02T19:43:45.555529+00:00,micronaut,185936,148424
shared,655.0210202800004,2026-10-02T19:43:50.530313+00:00,fixture,22944,148236
shared,655.0210202800004,2026-10-02T19:43:50.530313+00:00,statlite,21812,148236
shared,655.0210202800004,2026-10-02T19:43:50.530313+00:00,spring,219036,148236
shared,655.0210202800004,2026-10-02T19:43:50.530313+00:00,quarkus,176036,148236
shared,655.0210202800004,2026-10-02T19:43:50.530313+00:00,micronaut,185936,148236
shared,660.0511214490002,2026-10-02T19:43:55.560411+00:00,fixture,22940,148400
shared,660.0511214490002,2026-10-02T19:43:55.560411+00:00,statlite,21812,148400
shared,660.0511214490002,2026-10-02T19:43:55.560411+00:00,spring,219120,148400
shared,660.0511214490002,2026-10-02T19:43:55.560411+00:00,quarkus,176128,148400
shared,660.0511214490002,2026-10-02T19:43:55.560411+00:00,micronaut,185920,148400
shared,665.0435947390001,2026-10-02T19:44:00.552884+00:00,fixture,22940,148448
shared,665.0435947390001,2026-10-02T19:44:00.552884+00:00,statlite,21824,148448
shared,665.0435947390001,2026-10-02T19:44:00.552884+00:00,spring,219120,148448
shared,665.0435947390001,2026-10-02T19:44:00.552884+00:00,quarkus,176128,148448
shared,665.0435947390001,2026-10-02T19:44:00.552884+00:00,micronaut,185920,148448
shared,670.0306199320003,2026-10-02T19:44:05.539909+00:00,fixture,22940,148588
shared,670.0306199320003,2026-10-02T19:44:05.539909+00:00,statlite,21832,148588
shared,670.0306199320003,2026-10-02T19:44:05.539909+00:00,spring,219140,148588
shared,670.0306199320003,2026-10-02T19:44:05.539909+00:00,quarkus,176132,148588
shared,670.0306199320003,2026-10-02T19:44:05.539909+00:00,micronaut,185932,148588
shared,675.0241798820002,2026-10-02T19:44:10.533466+00:00,fixture,22940,148652
shared,675.0241798820002,2026-10-02T19:44:10.533466+00:00,statlite,21832,148652
shared,675.0241798820002,2026-10-02T19:44:10.533466+00:00,spring,219140,148652
shared,675.0241798820002,2026-10-02T19:44:10.533466+00:00,quarkus,176132,148652
shared,675.0241798820002,2026-10-02T19:44:10.533466+00:00,micronaut,185932,148652
shared,680.0173239650003,2026-10-02T19:44:15.526613+00:00,fixture,22940,148812
shared,680.0173239650003,2026-10-02T19:44:15.526613+00:00,statlite,21832,148812
shared,680.0173239650003,2026-10-02T19:44:15.526613+00:00,spring,219192,148812
shared,680.0173239650003,2026-10-02T19:44:15.526613+00:00,quarkus,176132,148812
shared,680.0173239650003,2026-10-02T19:44:15.526613+00:00,micronaut,185984,148812
shared,685.0099191180002,2026-10-02T19:44:20.519208+00:00,fixture,22944,148868
shared,685.0099191180002,2026-10-02T19:44:20.519208+00:00,statlite,21832,148868
shared,685.0099191180002,2026-10-02T19:44:20.519208+00:00,spring,219192,148868
shared,685.0099191180002,2026-10-02T19:44:20.519208+00:00,quarkus,176132,148868
shared,685.0099191180002,2026-10-02T19:44:20.519208+00:00,micronaut,185984,148868
shared,690.0518423040003,2026-10-02T19:44:25.561131+00:00,fixture,22940,149008
shared,690.0518423040003,2026-10-02T19:44:25.561131+00:00,statlite,21968,149008
shared,690.0518423040003,2026-10-02T19:44:25.561131+00:00,spring,219224,149008
shared,690.0518423040003,2026-10-02T19:44:25.561131+00:00,quarkus,176136,149008
shared,690.0518423040003,2026-10-02T19:44:25.561131+00:00,micronaut,185992,149008
shared,695.018182971,2026-10-02T19:44:30.527472+00:00,fixture,22940,149036
shared,695.018182971,2026-10-02T19:44:30.527472+00:00,statlite,21968,149036
shared,695.018182971,2026-10-02T19:44:30.527472+00:00,spring,219224,149036
shared,695.018182971,2026-10-02T19:44:30.527472+00:00,quarkus,176136,149036
shared,695.018182971,2026-10-02T19:44:30.527472+00:00,micronaut,185992,149036
shared,700.0069570300002,2026-10-02T19:44:35.516245+00:00,fixture,22944,149204
shared,700.0069570300002,2026-10-02T19:44:35.516245+00:00,statlite,21900,149204
shared,700.0069570300002,2026-10-02T19:44:35.516245+00:00,spring,219232,149204
shared,700.0069570300002,2026-10-02T19:44:35.516245+00:00,quarkus,176144,149204
shared,700.0069570300002,2026-10-02T19:44:35.516245+00:00,micronaut,186008,149204
shared,705.0128034860004,2026-10-02T19:44:40.522093+00:00,fixture,22944,149248
shared,705.0128034860004,2026-10-02T19:44:40.522093+00:00,statlite,21900,149248
shared,705.0128034860004,2026-10-02T19:44:40.522093+00:00,spring,219232,149248
shared,705.0128034860004,2026-10-02T19:44:40.522093+00:00,quarkus,176144,149248
shared,705.0128034860004,2026-10-02T19:44:40.522093+00:00,micronaut,186008,149248
shared,710.0513884000002,2026-10-02T19:44:45.560676+00:00,fixture,22940,149368
shared,710.0513884000002,2026-10-02T19:44:45.560676+00:00,statlite,21900,149368
shared,710.0513884000002,2026-10-02T19:44:45.560676+00:00,spring,219240,149368
shared,710.0513884000002,2026-10-02T19:44:45.560676+00:00,quarkus,176160,149368
shared,710.0513884000002,2026-10-02T19:44:45.560676+00:00,micronaut,186032,149368
shared,715.0443850860001,2026-10-02T19:44:50.553674+00:00,fixture,22940,149472
shared,715.0443850860001,2026-10-02T19:44:50.553674+00:00,statlite,21900,149472
shared,715.0443850860001,2026-10-02T19:44:50.553674+00:00,spring,219240,149472
shared,715.0443850860001,2026-10-02T19:44:50.553674+00:00,quarkus,176160,149472
shared,715.0443850860001,2026-10-02T19:44:50.553674+00:00,micronaut,186032,149472
shared,720.0278450670003,2026-10-02T19:44:55.537136+00:00,fixture,22940,149356
shared,720.0278450670003,2026-10-02T19:44:55.537136+00:00,statlite,21936,149356
shared,720.0278450670003,2026-10-02T19:44:55.537136+00:00,spring,219244,149356
shared,720.0278450670003,2026-10-02T19:44:55.537136+00:00,quarkus,176144,149356
shared,720.0278450670003,2026-10-02T19:44:55.537136+00:00,micronaut,186136,149356
shared,725.0294603770003,2026-10-02T19:45:00.538751+00:00,fixture,22940,149404
shared,725.0294603770003,2026-10-02T19:45:00.538751+00:00,statlite,21936,149404
shared,725.0294603770003,2026-10-02T19:45:00.538751+00:00,spring,219244,149404
shared,725.0294603770003,2026-10-02T19:45:00.538751+00:00,quarkus,176148,149404
shared,725.0294603770003,2026-10-02T19:45:00.538751+00:00,micronaut,186244,149404
shared,730.0493665690001,2026-10-02T19:45:05.558656+00:00,fixture,22940,149204
shared,730.0493665690001,2026-10-02T19:45:05.558656+00:00,statlite,21992,149204
shared,730.0493665690001,2026-10-02T19:45:05.558656+00:00,spring,219288,149204
shared,730.0493665690001,2026-10-02T19:45:05.558656+00:00,quarkus,176172,149204
shared,730.0493665690001,2026-10-02T19:45:05.558656+00:00,micronaut,186264,149204
shared,735.042287145,2026-10-02T19:45:10.551567+00:00,fixture,22940,149256
shared,735.042287145,2026-10-02T19:45:10.551567+00:00,statlite,21992,149256
shared,735.042287145,2026-10-02T19:45:10.551567+00:00,spring,219288,149256
shared,735.042287145,2026-10-02T19:45:10.551567+00:00,quarkus,176172,149256
shared,735.042287145,2026-10-02T19:45:10.551567+00:00,micronaut,186264,149256
shared,740.0308458010004,2026-10-02T19:45:15.540061+00:00,fixture,22940,149116
shared,740.0308458010004,2026-10-02T19:45:15.540061+00:00,statlite,22048,149116
shared,740.0308458010004,2026-10-02T19:45:15.540061+00:00,spring,219308,149116
shared,740.0308458010004,2026-10-02T19:45:15.540061+00:00,quarkus,176180,149116
shared,740.0308458010004,2026-10-02T19:45:15.540061+00:00,micronaut,186288,149116
shared,745.0215895460001,2026-10-02T19:45:20.530876+00:00,fixture,22944,149164
shared,745.0215895460001,2026-10-02T19:45:20.530876+00:00,statlite,22048,149164
shared,745.0215895460001,2026-10-02T19:45:20.530876+00:00,spring,219308,149164
shared,745.0215895460001,2026-10-02T19:45:20.530876+00:00,quarkus,176180,149164
shared,745.0215895460001,2026-10-02T19:45:20.530876+00:00,micronaut,186288,149164
shared,750.0132278320002,2026-10-02T19:45:25.522514+00:00,fixture,22940,149044
shared,750.0132278320002,2026-10-02T19:45:25.522514+00:00,statlite,22224,149044
shared,750.0132278320002,2026-10-02T19:45:25.522514+00:00,spring,219360,149044
shared,750.0132278320002,2026-10-02T19:45:25.522514+00:00,quarkus,176188,149044
shared,750.0132278320002,2026-10-02T19:45:25.522514+00:00,micronaut,186296,149044
shared,755.0063459980001,2026-10-02T19:45:30.515635+00:00,fixture,22944,149136
shared,755.0063459980001,2026-10-02T19:45:30.515635+00:00,statlite,22232,149136
shared,755.0063459980001,2026-10-02T19:45:30.515635+00:00,spring,219360,149136
shared,755.0063459980001,2026-10-02T19:45:30.515635+00:00,quarkus,176188,149136
shared,755.0063459980001,2026-10-02T19:45:30.515635+00:00,micronaut,186296,149136
shared,760.0475134060002,2026-10-02T19:45:35.556802+00:00,fixture,22944,149276
shared,760.0475134060002,2026-10-02T19:45:35.556802+00:00,statlite,22232,149276
shared,760.0475134060002,2026-10-02T19:45:35.556802+00:00,spring,219380,149276
shared,760.0475134060002,2026-10-02T19:45:35.556802+00:00,quarkus,176216,149276
shared,760.0475134060002,2026-10-02T19:45:35.556802+00:00,micronaut,186364,149276
shared,765.0425766500002,2026-10-02T19:45:40.551865+00:00,fixture,22940,149076
shared,765.0425766500002,2026-10-02T19:45:40.551865+00:00,statlite,22232,149076
shared,765.0425766500002,2026-10-02T19:45:40.551865+00:00,spring,219380,149076
shared,765.0425766500002,2026-10-02T19:45:40.551865+00:00,quarkus,176232,149076
shared,765.0425766500002,2026-10-02T19:45:40.551865+00:00,micronaut,186364,149076
shared,770.0401472970002,2026-10-02T19:45:45.549427+00:00,fixture,22940,149248
shared,770.0401472970002,2026-10-02T19:45:45.549427+00:00,statlite,22232,149248
shared,770.0401472970002,2026-10-02T19:45:45.549427+00:00,spring,219396,149248
shared,770.0401472970002,2026-10-02T19:45:45.549427+00:00,quarkus,176244,149248
shared,770.0401472970002,2026-10-02T19:45:45.549427+00:00,micronaut,186408,149248
shared,775.0022928380004,2026-10-02T19:45:50.511583+00:00,fixture,22940,149312
shared,775.0022928380004,2026-10-02T19:45:50.511583+00:00,statlite,22240,149312
shared,775.0022928380004,2026-10-02T19:45:50.511583+00:00,spring,219396,149312
shared,775.0022928380004,2026-10-02T19:45:50.511583+00:00,quarkus,176244,149312
shared,775.0022928380004,2026-10-02T19:45:50.511583+00:00,micronaut,186408,149312
shared,780.0390889250002,2026-10-02T19:45:55.548378+00:00,fixture,22940,157288
shared,780.0390889250002,2026-10-02T19:45:55.548378+00:00,statlite,22192,157288
shared,780.0390889250002,2026-10-02T19:45:55.548378+00:00,spring,219468,157288
shared,780.0390889250002,2026-10-02T19:45:55.548378+00:00,quarkus,176284,157288
shared,780.0390889250002,2026-10-02T19:45:55.548378+00:00,micronaut,186380,157288
shared,785.0266689950004,2026-10-02T19:46:00.535958+00:00,fixture,22944,157344
shared,785.0266689950004,2026-10-02T19:46:00.535958+00:00,statlite,22192,157344
shared,785.0266689950004,2026-10-02T19:46:00.535958+00:00,spring,219472,157344
shared,785.0266689950004,2026-10-02T19:46:00.535958+00:00,quarkus,176284,157344
shared,785.0266689950004,2026-10-02T19:46:00.535958+00:00,micronaut,186416,157344
shared,790.0125923270002,2026-10-02T19:46:05.521881+00:00,fixture,22940,157484
shared,790.0125923270002,2026-10-02T19:46:05.521881+00:00,statlite,22288,157484
shared,790.0125923270002,2026-10-02T19:46:05.521881+00:00,spring,219480,157484
shared,790.0125923270002,2026-10-02T19:46:05.521881+00:00,quarkus,176312,157484
shared,790.0125923270002,2026-10-02T19:46:05.521881+00:00,micronaut,186456,157484
shared,795.0053084250003,2026-10-02T19:46:10.514597+00:00,fixture,22940,157556
shared,795.0053084250003,2026-10-02T19:46:10.514597+00:00,statlite,22288,157556
shared,795.0053084250003,2026-10-02T19:46:10.514597+00:00,spring,219480,157556
shared,795.0053084250003,2026-10-02T19:46:10.514597+00:00,quarkus,176312,157556
shared,795.0053084250003,2026-10-02T19:46:10.514597+00:00,micronaut,186460,157556
shared,800.0032620080001,2026-10-02T19:46:15.512552+00:00,fixture,22940,157708
shared,800.0032620080001,2026-10-02T19:46:15.512552+00:00,statlite,22308,157708
shared,800.0032620080001,2026-10-02T19:46:15.512552+00:00,spring,219488,157708
shared,800.0032620080001,2026-10-02T19:46:15.512552+00:00,quarkus,176340,157708
shared,800.0032620080001,2026-10-02T19:46:15.512552+00:00,micronaut,186480,157708
shared,805.0448780020001,2026-10-02T19:46:20.554167+00:00,fixture,22940,157764
shared,805.0448780020001,2026-10-02T19:46:20.554167+00:00,statlite,22308,157764
shared,805.0448780020001,2026-10-02T19:46:20.554167+00:00,spring,219488,157764
shared,805.0448780020001,2026-10-02T19:46:20.554167+00:00,quarkus,176340,157764
shared,805.0448780020001,2026-10-02T19:46:20.554167+00:00,micronaut,186480,157764
shared,810.0319388490002,2026-10-02T19:46:25.541228+00:00,fixture,22940,157416
shared,810.0319388490002,2026-10-02T19:46:25.541228+00:00,statlite,22312,157416
shared,810.0319388490002,2026-10-02T19:46:25.541228+00:00,spring,219512,157416
shared,810.0319388490002,2026-10-02T19:46:25.541228+00:00,quarkus,176352,157416
shared,810.0319388490002,2026-10-02T19:46:25.541228+00:00,micronaut,186500,157416
shared,815.0169687140001,2026-10-02T19:46:30.526260+00:00,fixture,22940,157516
shared,815.0169687140001,2026-10-02T19:46:30.526260+00:00,statlite,22312,157516
shared,815.0169687140001,2026-10-02T19:46:30.526260+00:00,spring,219512,157516
shared,815.0169687140001,2026-10-02T19:46:30.526260+00:00,quarkus,176352,157516
shared,815.0169687140001,2026-10-02T19:46:30.526260+00:00,micronaut,186500,157516
shared,820.0068691480001,2026-10-02T19:46:35.516154+00:00,fixture,22940,157636
shared,820.0068691480001,2026-10-02T19:46:35.516154+00:00,statlite,22312,157636
shared,820.0068691480001,2026-10-02T19:46:35.516154+00:00,spring,219608,157636
shared,820.0068691480001,2026-10-02T19:46:35.516154+00:00,quarkus,176428,157636
shared,820.0068691480001,2026-10-02T19:46:35.516154+00:00,micronaut,186504,157636
shared,825.051779503,2026-10-02T19:46:40.561068+00:00,fixture,22940,157428
shared,825.051779503,2026-10-02T19:46:40.561068+00:00,statlite,22312,157428
shared,825.051779503,2026-10-02T19:46:40.561068+00:00,spring,219612,157428
shared,825.051779503,2026-10-02T19:46:40.561068+00:00,quarkus,176428,157428
shared,825.051779503,2026-10-02T19:46:40.561068+00:00,micronaut,186504,157428
shared,830.0423103740004,2026-10-02T19:46:45.551596+00:00,fixture,22940,157560
shared,830.0423103740004,2026-10-02T19:46:45.551596+00:00,statlite,22372,157560
shared,830.0423103740004,2026-10-02T19:46:45.551596+00:00,spring,219656,157560
shared,830.0423103740004,2026-10-02T19:46:45.551596+00:00,quarkus,176444,157560
shared,830.0423103740004,2026-10-02T19:46:45.551596+00:00,micronaut,186520,157560
shared,835.0284086480001,2026-10-02T19:46:50.537698+00:00,fixture,22940,157608
shared,835.0284086480001,2026-10-02T19:46:50.537698+00:00,statlite,22372,157608
shared,835.0284086480001,2026-10-02T19:46:50.537698+00:00,spring,219656,157608
shared,835.0284086480001,2026-10-02T19:46:50.537698+00:00,quarkus,176444,157608
shared,835.0284086480001,2026-10-02T19:46:50.537698+00:00,micronaut,186520,157608
shared,840.012066103,2026-10-02T19:46:55.521355+00:00,fixture,22940,157500
shared,840.012066103,2026-10-02T19:46:55.521355+00:00,statlite,22352,157500
shared,840.012066103,2026-10-02T19:46:55.521355+00:00,spring,219852,157500
shared,840.012066103,2026-10-02T19:46:55.521355+00:00,quarkus,176576,157500
shared,840.012066103,2026-10-02T19:46:55.521355+00:00,micronaut,186548,157500
shared,845.0102433860002,2026-10-02T19:47:00.519530+00:00,fixture,22940,157560
shared,845.0102433860002,2026-10-02T19:47:00.519530+00:00,statlite,22352,157560
shared,845.0102433860002,2026-10-02T19:47:00.519530+00:00,spring,219852,157560
shared,845.0102433860002,2026-10-02T19:47:00.519530+00:00,quarkus,176580,157560
shared,845.0102433860002,2026-10-02T19:47:00.519530+00:00,micronaut,186640,157560
shared,850.0161399150002,2026-10-02T19:47:05.525427+00:00,fixture,22940,157468
shared,850.0161399150002,2026-10-02T19:47:05.525427+00:00,statlite,22088,157468
shared,850.0161399150002,2026-10-02T19:47:05.525427+00:00,spring,220296,157468
shared,850.0161399150002,2026-10-02T19:47:05.525427+00:00,quarkus,176740,157468
shared,850.0161399150002,2026-10-02T19:47:05.525427+00:00,micronaut,186680,157468
shared,855.0062703480003,2026-10-02T19:47:10.515557+00:00,fixture,22940,157528
shared,855.0062703480003,2026-10-02T19:47:10.515557+00:00,statlite,22088,157528
shared,855.0062703480003,2026-10-02T19:47:10.515557+00:00,spring,220296,157528
shared,855.0062703480003,2026-10-02T19:47:10.515557+00:00,quarkus,176740,157528
shared,855.0062703480003,2026-10-02T19:47:10.515557+00:00,micronaut,186680,157528
shared,860.0462018760004,2026-10-02T19:47:15.555488+00:00,fixture,22940,157436
shared,860.0462018760004,2026-10-02T19:47:15.555488+00:00,statlite,22088,157436
shared,860.0462018760004,2026-10-02T19:47:15.555488+00:00,spring,220308,157436
shared,860.0462018760004,2026-10-02T19:47:15.555488+00:00,quarkus,176744,157436
shared,860.0462018760004,2026-10-02T19:47:15.555488+00:00,micronaut,186780,157436
shared,865.0342846460003,2026-10-02T19:47:20.543574+00:00,fixture,22944,157472
shared,865.0342846460003,2026-10-02T19:47:20.543574+00:00,statlite,22088,157472
shared,865.0342846460003,2026-10-02T19:47:20.543574+00:00,spring,220308,157472
shared,865.0342846460003,2026-10-02T19:47:20.543574+00:00,quarkus,176744,157472
shared,865.0342846460003,2026-10-02T19:47:20.543574+00:00,micronaut,186780,157472
shared,870.017405822,2026-10-02T19:47:25.526697+00:00,fixture,22944,157632
shared,870.017405822,2026-10-02T19:47:25.526697+00:00,statlite,22412,157632
shared,870.017405822,2026-10-02T19:47:25.526697+00:00,spring,220388,157632
shared,870.017405822,2026-10-02T19:47:25.526697+00:00,quarkus,176708,157632
shared,870.017405822,2026-10-02T19:47:25.526697+00:00,micronaut,186820,157632
shared,875.0042448570002,2026-10-02T19:47:30.513536+00:00,fixture,22940,157684
shared,875.0042448570002,2026-10-02T19:47:30.513536+00:00,statlite,22420,157684
shared,875.0042448570002,2026-10-02T19:47:30.513536+00:00,spring,220388,157684
shared,875.0042448570002,2026-10-02T19:47:30.513536+00:00,quarkus,176708,157684
shared,875.0042448570002,2026-10-02T19:47:30.513536+00:00,micronaut,186820,157684
shared,880.0364697320001,2026-10-02T19:47:35.545760+00:00,fixture,22940,132380
shared,880.0364697320001,2026-10-02T19:47:35.545760+00:00,statlite,22428,132380
shared,880.0364697320001,2026-10-02T19:47:35.545760+00:00,spring,220408,132380
shared,880.0364697320001,2026-10-02T19:47:35.545760+00:00,quarkus,176708,132380
shared,880.0364697320001,2026-10-02T19:47:35.545760+00:00,micronaut,186844,132380
shared,885.0250305510003,2026-10-02T19:47:40.534319+00:00,fixture,22940,135212
shared,885.0250305510003,2026-10-02T19:47:40.534319+00:00,statlite,22428,135212
shared,885.0250305510003,2026-10-02T19:47:40.534319+00:00,spring,220412,135212
shared,885.0250305510003,2026-10-02T19:47:40.534319+00:00,quarkus,176708,135212
shared,885.0250305510003,2026-10-02T19:47:40.534319+00:00,micronaut,186844,135212
shared,890.0260353830004,2026-10-02T19:47:45.535324+00:00,fixture,22940,135160
shared,890.0260353830004,2026-10-02T19:47:45.535324+00:00,statlite,22428,135160
shared,890.0260353830004,2026-10-02T19:47:45.535324+00:00,spring,220436,135160
shared,890.0260353830004,2026-10-02T19:47:45.535324+00:00,quarkus,176724,135160
shared,890.0260353830004,2026-10-02T19:47:45.535324+00:00,micronaut,186848,135160
shared,895.0132330620004,2026-10-02T19:47:50.522523+00:00,fixture,22940,135008
shared,895.0132330620004,2026-10-02T19:47:50.522523+00:00,statlite,22440,135008
shared,895.0132330620004,2026-10-02T19:47:50.522523+00:00,spring,220436,135008
shared,895.0132330620004,2026-10-02T19:47:50.522523+00:00,quarkus,176728,135008
shared,895.0132330620004,2026-10-02T19:47:50.522523+00:00,micronaut,186848,135008
