phase,timestamp_utc,elapsed_seconds,path,seconds,bytes,ok
spring,2026-10-02T18:47:39.466895+00:00,0.0002848489999962567,/api/quotes/latest,0.004463920000006283,394,True
spring,2026-10-02T18:47:39.471795+00:00,0.0002848489999962567,/api/quotes/history,0.0048460129999909896,394,True
spring,2026-10-02T18:47:44.519165+00:00,5.049298794000009,/api/quotes/latest,0.008347443000019439,394,True
spring,2026-10-02T18:47:44.524382+00:00,5.049298794000009,/api/quotes/history,0.005174918999983902,394,True
spring,2026-10-02T18:47:49.569304+00:00,10.103812586000004,/api/quotes/latest,0.006953414999998131,394,True
spring,2026-10-02T18:47:49.574036+00:00,10.103812586000004,/api/quotes/history,0.004683366999984173,394,True
spring,2026-10-02T18:47:54.617523+00:00,15.152321645,/api/quotes/latest,0.006662997000006499,394,True
spring,2026-10-02T18:47:54.621337+00:00,15.152321645,/api/quotes/history,0.0037655069999971147,394,True
spring,2026-10-02T18:47:59.624471+00:00,20.160017353,/api/quotes/latest,0.005914257000000589,394,True
spring,2026-10-02T18:47:59.639054+00:00,20.160017353,/api/quotes/history,0.014538025000007337,394,True
spring,2026-10-02T18:48:04.630321+00:00,25.16542569699999,/api/quotes/latest,0.006356799999991836,394,True
spring,2026-10-02T18:48:04.634221+00:00,25.16542569699999,/api/quotes/history,0.0038516209999954754,394,True
spring,2026-10-02T18:48:09.677712+00:00,30.21397060999999,/api/quotes/latest,0.005205007000000705,394,True
spring,2026-10-02T18:48:09.681828+00:00,30.21397060999999,/api/quotes/history,0.004059845999989875,394,True
spring,2026-10-02T18:48:14.725226+00:00,35.26148806699999,/api/quotes/latest,0.005201046999985692,394,True
spring,2026-10-02T18:48:14.728776+00:00,35.26148806699999,/api/quotes/history,0.0034927469999956884,394,True
spring,2026-10-02T18:48:19.772496+00:00,40.30931038,/api/quotes/latest,0.0046481290000031095,394,True
spring,2026-10-02T18:48:19.778020+00:00,40.30931038,/api/quotes/history,0.005476267000005919,394,True
spring,2026-10-02T18:48:24.817081+00:00,45.35375286299998,/api/quotes/latest,0.004790137999975741,394,True
spring,2026-10-02T18:48:24.821852+00:00,45.35375286299998,/api/quotes/history,0.004716432000009263,394,True
spring,2026-10-02T18:48:29.822451+00:00,50.35756717199999,/api/quotes/latest,0.0063445250000313536,394,True
spring,2026-10-02T18:48:29.825723+00:00,50.35756717199999,/api/quotes/history,0.003194129000007706,394,True
spring,2026-10-02T18:48:34.866710+00:00,55.40314216800002,/api/quotes/latest,0.005031881000036265,394,True
spring,2026-10-02T18:48:34.870393+00:00,55.40314216800002,/api/quotes/history,0.0036252450000233694,394,True
spring,2026-10-02T18:48:39.868842+00:00,60.40368906799998,/api/quotes/latest,0.006615074000023924,394,True
spring,2026-10-02T18:48:39.873455+00:00,60.40368906799998,/api/quotes/history,0.00454979099998809,787,True
spring,2026-10-02T18:48:44.915571+00:00,65.45217088000001,/api/quotes/latest,0.004863327000009576,394,True
spring,2026-10-02T18:48:44.919226+00:00,65.45217088000001,/api/quotes/history,0.0035983380000175202,787,True
spring,2026-10-02T18:48:49.917882+00:00,70.45377706500003,/api/quotes/latest,0.005565445000002001,394,True
spring,2026-10-02T18:48:49.922179+00:00,70.45377706500003,/api/quotes/history,0.004239495999968312,787,True
spring,2026-10-02T18:48:54.969268+00:00,75.501790849,/api/quotes/latest,0.008938521999994009,394,True
spring,2026-10-02T18:48:54.972570+00:00,75.501790849,/api/quotes/history,0.0032540650000214555,787,True
spring,2026-10-02T18:48:59.971122+00:00,80.50820414799998,/api/quotes/latest,0.004381295999962731,394,True
spring,2026-10-02T18:48:59.974453+00:00,80.50820414799998,/api/quotes/history,0.0032794409999610252,787,True
spring,2026-10-02T18:49:05.019331+00:00,85.55597006100001,/api/quotes/latest,0.0048236810000048536,394,True
spring,2026-10-02T18:49:05.025913+00:00,85.55597006100001,/api/quotes/history,0.006525932999977613,787,True
spring,2026-10-02T18:49:10.022670+00:00,90.55981135099998,/api/quotes/latest,0.004320916999972724,394,True
spring,2026-10-02T18:49:10.026891+00:00,90.55981135099998,/api/quotes/history,0.004173135999963051,787,True
spring,2026-10-02T18:49:15.070515+00:00,95.60656296599998,/api/quotes/latest,0.005414932999997291,394,True
spring,2026-10-02T18:49:15.074149+00:00,95.60656296599998,/api/quotes/history,0.003580454000029931,787,True
spring,2026-10-02T18:49:20.084376+00:00,100.62173769799998,/api/quotes/latest,0.0041090469999858215,394,True
spring,2026-10-02T18:49:20.089610+00:00,100.62173769799998,/api/quotes/history,0.00518050700003414,787,True
spring,2026-10-02T18:49:25.095675+00:00,105.63256288800002,/api/quotes/latest,0.004576339000038843,394,True
spring,2026-10-02T18:49:25.099028+00:00,105.63256288800002,/api/quotes/history,0.003292815999998311,787,True
spring,2026-10-02T18:49:30.145187+00:00,110.68195786999999,/api/quotes/latest,0.004691578999995727,394,True
spring,2026-10-02T18:49:30.148572+00:00,110.68195786999999,/api/quotes/history,0.00333166100000426,787,True
spring,2026-10-02T18:49:35.188419+00:00,115.72566319,/api/quotes/latest,0.004218571000023985,394,True
spring,2026-10-02T18:49:35.192512+00:00,115.72566319,/api/quotes/history,0.0040412769999988996,787,True
spring,2026-10-02T18:49:40.234525+00:00,120.76987600599998,/api/quotes/latest,0.0061105049999810035,394,True
spring,2026-10-02T18:49:40.238403+00:00,120.76987600599998,/api/quotes/history,0.003827671999999893,1180,True
spring,2026-10-02T18:49:45.244713+00:00,125.78157322400003,/api/quotes/latest,0.004601842999989003,394,True
spring,2026-10-02T18:49:45.247702+00:00,125.78157322400003,/api/quotes/history,0.002939437000009093,1180,True
spring,2026-10-02T18:49:50.285565+00:00,130.82253129400002,/api/quotes/latest,0.00449672700000292,394,True
spring,2026-10-02T18:49:50.295288+00:00,130.82253129400002,/api/quotes/history,0.009676382999998623,1180,True
spring,2026-10-02T18:49:55.333810+00:00,135.869898544,/api/quotes/latest,0.00536815899999965,394,True
spring,2026-10-02T18:49:55.339139+00:00,135.869898544,/api/quotes/history,0.005280444999982592,1180,True
spring,2026-10-02T18:50:00.340828+00:00,140.878106079,/api/quotes/latest,0.004183647999980167,394,True
spring,2026-10-02T18:50:00.345041+00:00,140.878106079,/api/quotes/history,0.004166698000005908,1180,True
spring,2026-10-02T18:50:05.383286+00:00,145.91933309499998,/api/quotes/latest,0.005417575999956625,394,True
spring,2026-10-02T18:50:05.390149+00:00,145.91933309499998,/api/quotes/history,0.006808089999992717,1180,True
spring,2026-10-02T18:50:10.402034+00:00,150.93847260700002,/api/quotes/latest,0.005024174999959996,394,True
spring,2026-10-02T18:50:10.406343+00:00,150.93847260700002,/api/quotes/history,0.004255526999997983,1180,True
spring,2026-10-02T18:50:15.442310+00:00,155.97943558799997,/api/quotes/latest,0.004333626999994067,394,True
spring,2026-10-02T18:50:15.446182+00:00,155.97943558799997,/api/quotes/history,0.003822068999966177,1180,True
spring,2026-10-02T18:50:20.461806+00:00,160.996262079,/api/quotes/latest,0.0070077789999913875,394,True
spring,2026-10-02T18:50:20.468119+00:00,160.996262079,/api/quotes/history,0.0062649639999676765,1180,True
spring,2026-10-02T18:50:25.476468+00:00,166.01414916500002,/api/quotes/latest,0.0037799689999928887,394,True
spring,2026-10-02T18:50:25.483560+00:00,166.01414916500002,/api/quotes/history,0.007056732000023658,1180,True
spring,2026-10-02T18:50:30.495280+00:00,171.033428605,/api/quotes/latest,0.0033131320000165942,394,True
spring,2026-10-02T18:50:30.499398+00:00,171.033428605,/api/quotes/history,0.004073766000033174,1180,True
spring,2026-10-02T18:50:35.535481+00:00,176.07121581599998,/api/quotes/latest,0.005728474999955324,394,True
spring,2026-10-02T18:50:35.539350+00:00,176.07121581599998,/api/quotes/history,0.0038196859999857224,1180,True
spring,2026-10-02T18:50:40.581747+00:00,181.11732458499998,/api/quotes/latest,0.005898606999949152,397,True
spring,2026-10-02T18:50:40.585235+00:00,181.11732458499998,/api/quotes/history,0.003402738000033878,1576,True
spring,2026-10-02T18:50:45.625267+00:00,186.16260963699997,/api/quotes/latest,0.004119531999947412,397,True
spring,2026-10-02T18:50:45.628394+00:00,186.16260963699997,/api/quotes/history,0.003068975000019236,1576,True
spring,2026-10-02T18:50:50.671219+00:00,191.209172887,/api/quotes/latest,0.0035090999999738415,397,True
spring,2026-10-02T18:50:50.675319+00:00,191.209172887,/api/quotes/history,0.0040524469999922985,1576,True
spring,2026-10-02T18:50:55.685862+00:00,196.22291817800001,/api/quotes/latest,0.004407751999963239,397,True
spring,2026-10-02T18:50:55.688852+00:00,196.22291817800001,/api/quotes/history,0.0029330309999977544,1576,True
spring,2026-10-02T18:51:00.732807+00:00,201.26972777900002,/api/quotes/latest,0.004544183999996676,397,True
spring,2026-10-02T18:51:00.736664+00:00,201.26972777900002,/api/quotes/history,0.003798966000033488,1576,True
spring,2026-10-02T18:51:05.778538+00:00,206.314931486,/api/quotes/latest,0.005069180000020879,397,True
spring,2026-10-02T18:51:05.781737+00:00,206.314931486,/api/quotes/history,0.003150438000034228,1576,True
spring,2026-10-02T18:51:10.825791+00:00,211.362935002,/api/quotes/latest,0.004318392000016047,397,True
spring,2026-10-02T18:51:10.829145+00:00,211.362935002,/api/quotes/history,0.0033052260000090428,1576,True
spring,2026-10-02T18:51:15.837429+00:00,216.37497323199997,/api/quotes/latest,0.003918152999972335,397,True
spring,2026-10-02T18:51:15.840056+00:00,216.37497323199997,/api/quotes/history,0.0025762060000147358,1576,True
spring,2026-10-02T18:51:20.880241+00:00,221.417034695,/api/quotes/latest,0.0046707000000196786,397,True
spring,2026-10-02T18:51:20.884419+00:00,221.417034695,/api/quotes/history,0.004118729000026633,1576,True
spring,2026-10-02T18:51:25.923383+00:00,226.46024597,/api/quotes/latest,0.004598544999964815,397,True
spring,2026-10-02T18:51:25.925806+00:00,226.46024597,/api/quotes/history,0.002372651999962727,1576,True
spring,2026-10-02T18:51:30.931944+00:00,231.46951267,/api/quotes/latest,0.003895227999976214,397,True
spring,2026-10-02T18:51:30.935465+00:00,231.46951267,/api/quotes/history,0.0034637269999961973,1576,True
spring,2026-10-02T18:51:35.971309+00:00,236.50915027599999,/api/quotes/latest,0.0036209250000069915,397,True
spring,2026-10-02T18:51:35.976576+00:00,236.50915027599999,/api/quotes/history,0.005221999000013966,1576,True
spring,2026-10-02T18:51:40.976193+00:00,241.51396627,/api/quotes/latest,0.003689522999991368,397,True
spring,2026-10-02T18:51:40.980375+00:00,241.51396627,/api/quotes/history,0.004134828000019297,1972,True
spring,2026-10-02T18:51:46.017811+00:00,246.554242845,/api/quotes/latest,0.005031287000008433,397,True
spring,2026-10-02T18:51:46.021276+00:00,246.554242845,/api/quotes/history,0.0034139520000167067,1972,True
spring,2026-10-02T18:51:51.033031+00:00,251.57049577400002,/api/quotes/latest,0.003998453999997764,397,True
spring,2026-10-02T18:51:51.035530+00:00,251.57049577400002,/api/quotes/history,0.0024504229999706695,1972,True
spring,2026-10-02T18:51:56.073428+00:00,256.611011805,/api/quotes/latest,0.003878293000013855,397,True
spring,2026-10-02T18:51:56.076410+00:00,256.611011805,/api/quotes/history,0.0029603390000261243,1972,True
spring,2026-10-02T18:52:01.110565+00:00,261.647801641,/api/quotes/latest,0.004227370000023711,397,True
spring,2026-10-02T18:52:01.115334+00:00,261.647801641,/api/quotes/history,0.004711801999974341,1972,True
spring,2026-10-02T18:52:06.134353+00:00,266.671340235,/api/quotes/latest,0.004474417000039921,397,True
spring,2026-10-02T18:52:06.137273+00:00,266.671340235,/api/quotes/history,0.002871341999991728,1972,True
spring,2026-10-02T18:52:11.138250+00:00,271.67508853799995,/api/quotes/latest,0.004625449999991815,397,True
spring,2026-10-02T18:52:11.145987+00:00,271.67508853799995,/api/quotes/history,0.007771646999970017,1972,True
spring,2026-10-02T18:52:16.167330+00:00,276.704846502,/api/quotes/latest,0.003945917000010013,397,True
spring,2026-10-02T18:52:16.171891+00:00,276.704846502,/api/quotes/history,0.004513128000041888,1972,True
spring,2026-10-02T18:52:21.175780+00:00,281.712957146,/api/quotes/latest,0.004299896000020453,397,True
spring,2026-10-02T18:52:21.179543+00:00,281.712957146,/api/quotes/history,0.0036837630000263744,1972,True
spring,2026-10-02T18:52:26.215969+00:00,286.754079336,/api/quotes/latest,0.0033513330000118913,397,True
spring,2026-10-02T18:52:26.219711+00:00,286.754079336,/api/quotes/history,0.003696461000004092,1972,True
spring,2026-10-02T18:52:31.265103+00:00,291.803212775,/api/quotes/latest,0.0033522109999921668,397,True
spring,2026-10-02T18:52:31.267739+00:00,291.803212775,/api/quotes/history,0.0025824530000022605,1972,True
spring,2026-10-02T18:52:36.312082+00:00,296.84975305700004,/api/quotes/latest,0.003790931000025921,397,True
spring,2026-10-02T18:52:36.314404+00:00,296.84975305700004,/api/quotes/history,0.002276797000035913,1972,True
spring,2026-10-02T18:52:41.351108+00:00,301.88889980700003,/api/quotes/latest,0.003672548000054121,397,True
spring,2026-10-02T18:52:41.354622+00:00,301.88889980700003,/api/quotes/history,0.003466978000005838,2368,True
spring,2026-10-02T18:52:46.389485+00:00,306.925869219,/api/quotes/latest,0.005086391999952866,397,True
spring,2026-10-02T18:52:46.420460+00:00,306.925869219,/api/quotes/history,0.03091600400000516,2368,True
spring,2026-10-02T18:52:51.436689+00:00,311.96497547900003,/api/quotes/latest,0.013176004999991164,397,True
spring,2026-10-02T18:52:51.441809+00:00,311.96497547900003,/api/quotes/history,0.005075087999898642,2368,True
spring,2026-10-02T18:52:56.475221+00:00,317.01305544,/api/quotes/latest,0.0036278549999906318,397,True
spring,2026-10-02T18:52:56.477614+00:00,317.01305544,/api/quotes/history,0.002345589000015025,2368,True
spring,2026-10-02T18:53:01.490798+00:00,322.028669638,/api/quotes/latest,0.0035926360000075874,397,True
spring,2026-10-02T18:53:01.494329+00:00,322.028669638,/api/quotes/history,0.0034806219999836685,2368,True
spring,2026-10-02T18:53:06.538194+00:00,327.076386704,/api/quotes/latest,0.003270712000016829,397,True
spring,2026-10-02T18:53:06.540715+00:00,327.076386704,/api/quotes/history,0.0024627320000263353,2368,True
spring,2026-10-02T18:53:11.583457+00:00,332.12105055200004,/api/quotes/latest,0.0038688599998977224,397,True
spring,2026-10-02T18:53:11.586256+00:00,332.12105055200004,/api/quotes/history,0.002748503000020719,2368,True
spring,2026-10-02T18:53:16.628132+00:00,337.165247293,/api/quotes/latest,0.004346800999996958,397,True
spring,2026-10-02T18:53:16.630654+00:00,337.165247293,/api/quotes/history,0.002463505000037003,2368,True
spring,2026-10-02T18:53:21.642880+00:00,342.1791145330001,/api/quotes/latest,0.005225695999911295,397,True
spring,2026-10-02T18:53:21.647774+00:00,342.1791145330001,/api/quotes/history,0.0048393549999445895,2368,True
spring,2026-10-02T18:53:26.643500+00:00,347.18079295100006,/api/quotes/latest,0.004170433000012963,397,True
spring,2026-10-02T18:53:26.646895+00:00,347.18079295100006,/api/quotes/history,0.00334229099996719,2368,True
spring,2026-10-02T18:53:31.689409+00:00,352.226306323,/api/quotes/latest,0.004567077999922731,397,True
spring,2026-10-02T18:53:31.691790+00:00,352.226306323,/api/quotes/history,0.0023318920000292565,2368,True
spring,2026-10-02T18:53:36.733055+00:00,357.268334279,/api/quotes/latest,0.006183935999956702,397,True
spring,2026-10-02T18:53:36.737625+00:00,357.268334279,/api/quotes/history,0.004412167000054978,2368,True
spring,2026-10-02T18:53:41.732240+00:00,362.270201274,/api/quotes/latest,0.0035024109999994835,397,True
spring,2026-10-02T18:53:41.735447+00:00,362.270201274,/api/quotes/history,0.0031558750000613145,2764,True
spring,2026-10-02T18:53:46.782209+00:00,367.31858159600006,/api/quotes/latest,0.005089569999995547,397,True
spring,2026-10-02T18:53:46.787265+00:00,367.31858159600006,/api/quotes/history,0.005002810000064528,2764,True
spring,2026-10-02T18:53:51.802521+00:00,372.34048386200004,/api/quotes/latest,0.0034998589999304386,397,True
spring,2026-10-02T18:53:51.807494+00:00,372.34048386200004,/api/quotes/history,0.004924385000094844,2764,True
spring,2026-10-02T18:53:56.848849+00:00,377.38598653300005,/api/quotes/latest,0.004322761000025821,397,True
spring,2026-10-02T18:53:56.852185+00:00,377.38598653300005,/api/quotes/history,0.003268327999990106,2764,True
spring,2026-10-02T18:54:01.867981+00:00,382.406194893,/api/quotes/latest,0.0032497649999641,397,True
spring,2026-10-02T18:54:01.870928+00:00,382.406194893,/api/quotes/history,0.002897612000083427,2764,True
spring,2026-10-02T18:54:06.909156+00:00,387.421006187,/api/quotes/latest,0.029614632000061647,397,True
spring,2026-10-02T18:54:06.916364+00:00,387.421006187,/api/quotes/history,0.006561449000059838,2764,True
spring,2026-10-02T18:54:11.894032+00:00,392.431143853,/api/quotes/latest,0.004350975999955153,397,True
spring,2026-10-02T18:54:11.897378+00:00,392.431143853,/api/quotes/history,0.0032065120000197567,2764,True
spring,2026-10-02T18:54:16.937730+00:00,397.475821385,/api/quotes/latest,0.0033718189999945025,397,True
spring,2026-10-02T18:54:16.940426+00:00,397.475821385,/api/quotes/history,0.0026454619999185525,2764,True
spring,2026-10-02T18:54:21.954506+00:00,402.49087675,/api/quotes/latest,0.005093996000027801,397,True
spring,2026-10-02T18:54:21.959660+00:00,402.49087675,/api/quotes/history,0.005098420000081205,2764,True
spring,2026-10-02T18:54:27.001688+00:00,407.5327776600001,/api/quotes/latest,0.01037555400000656,397,True
spring,2026-10-02T18:54:27.034300+00:00,407.5327776600001,/api/quotes/history,0.03255586200009475,2764,True
spring,2026-10-02T18:54:32.025586+00:00,412.562538592,/api/quotes/latest,0.004511734999937289,397,True
spring,2026-10-02T18:54:32.027791+00:00,412.562538592,/api/quotes/history,0.002145887000096991,2764,True
spring,2026-10-02T18:54:37.066596+00:00,417.604923493,/api/quotes/latest,0.003136601000051087,397,True
spring,2026-10-02T18:54:37.071159+00:00,417.604923493,/api/quotes/history,0.004510598000024402,2764,True
spring,2026-10-02T18:54:42.115501+00:00,422.65295505100005,/api/quotes/latest,0.004008909999924981,397,True
spring,2026-10-02T18:54:42.118699+00:00,422.65295505100005,/api/quotes/history,0.0031392089999826567,3160,True
spring,2026-10-02T18:54:43.130343+00:00,423.666476053,/api/quotes/latest,0.005329260000053182,397,True
spring,2026-10-02T18:54:43.132822+00:00,423.666476053,/api/quotes/history,0.002425247000019226,3160,True
spring,2026-10-02T18:54:44.144965+00:00,424.681219964,/api/quotes/latest,0.005207723000012265,397,True
spring,2026-10-02T18:54:44.148014+00:00,424.681219964,/api/quotes/history,0.002982971999927031,3160,True
spring,2026-10-02T18:54:45.162237+00:00,425.69891512900006,/api/quotes/latest,0.004784881999967183,397,True
spring,2026-10-02T18:54:45.166328+00:00,425.69891512900006,/api/quotes/history,0.0040386399999761124,3160,True
spring,2026-10-02T18:54:46.177364+00:00,426.714980396,/api/quotes/latest,0.0038459959999954663,397,True
spring,2026-10-02T18:54:46.179802+00:00,426.714980396,/api/quotes/history,0.0023852440000382558,3160,True
spring,2026-10-02T18:54:47.193390+00:00,427.72906621900006,/api/quotes/latest,0.0057859590000362005,397,True
spring,2026-10-02T18:54:47.196391+00:00,427.72906621900006,/api/quotes/history,0.002951187000007849,3160,True
spring,2026-10-02T18:54:48.206417+00:00,428.74474263700006,/api/quotes/latest,0.0031378570000697437,397,True
spring,2026-10-02T18:54:48.208495+00:00,428.74474263700006,/api/quotes/history,0.0020215499999949316,3160,True
spring,2026-10-02T18:54:49.224694+00:00,429.76304812500007,/api/quotes/latest,0.003110198999934255,397,True
spring,2026-10-02T18:54:49.226968+00:00,429.76304812500007,/api/quotes/history,0.0022195800000872623,3160,True
spring,2026-10-02T18:54:50.246272+00:00,430.78225365700007,/api/quotes/latest,0.005483805000039865,397,True
spring,2026-10-02T18:54:50.252381+00:00,430.78225365700007,/api/quotes/history,0.0060542190000205665,3160,True
spring,2026-10-02T18:54:51.260429+00:00,431.799481412,/api/quotes/latest,0.002410303999909047,397,True
spring,2026-10-02T18:54:51.262339+00:00,431.799481412,/api/quotes/history,0.0018664700000954326,3160,True
spring,2026-10-02T18:54:52.273386+00:00,432.81128129900003,/api/quotes/latest,0.0035673500000257263,397,True
spring,2026-10-02T18:54:52.275761+00:00,432.81128129900003,/api/quotes/history,0.002316584000027433,3160,True
spring,2026-10-02T18:54:53.287318+00:00,433.824517745,/api/quotes/latest,0.004259938000018337,397,True
spring,2026-10-02T18:54:53.289926+00:00,433.824517745,/api/quotes/history,0.0025451919999568418,3160,True
spring,2026-10-02T18:54:54.301014+00:00,434.838601048,/api/quotes/latest,0.003876162999972621,397,True
spring,2026-10-02T18:54:54.303530+00:00,434.838601048,/api/quotes/history,0.002460096000049816,3160,True
spring,2026-10-02T18:54:55.316488+00:00,435.853297675,/api/quotes/latest,0.004650967000088713,397,True
spring,2026-10-02T18:54:55.320134+00:00,435.853297675,/api/quotes/history,0.0035895040000468725,3160,True
spring,2026-10-02T18:54:56.331647+00:00,436.86889997000003,/api/quotes/latest,0.004210379000028297,397,True
spring,2026-10-02T18:54:56.334245+00:00,436.86889997000003,/api/quotes/history,0.0025428259999671354,3160,True
spring,2026-10-02T18:54:57.343291+00:00,437.88173145300004,/api/quotes/latest,0.003023048000045492,397,True
spring,2026-10-02T18:54:57.347868+00:00,437.88173145300004,/api/quotes/history,0.0045281640000212064,3160,True
spring,2026-10-02T18:54:58.359103+00:00,438.897256726,/api/quotes/latest,0.0033758449999368167,397,True
spring,2026-10-02T18:54:58.361650+00:00,438.897256726,/api/quotes/history,0.0024164400000472597,3160,True
spring,2026-10-02T18:54:59.373908+00:00,439.9104504740001,/api/quotes/latest,0.004920869999978095,397,True
spring,2026-10-02T18:54:59.381332+00:00,439.9104504740001,/api/quotes/history,0.007369562000008045,3160,True
spring,2026-10-02T18:55:00.398407+00:00,440.936742888,/api/quotes/latest,0.003127140999936273,397,True
spring,2026-10-02T18:55:00.401046+00:00,440.936742888,/api/quotes/history,0.002576273999920886,3160,True
spring,2026-10-02T18:55:01.412347+00:00,441.949703979,/api/quotes/latest,0.004105297000023711,397,True
spring,2026-10-02T18:55:01.415081+00:00,441.949703979,/api/quotes/history,0.0026797120000310315,3160,True
spring,2026-10-02T18:55:02.425084+00:00,442.96287864500005,/api/quotes/latest,0.0036682919999293517,397,True
spring,2026-10-02T18:55:02.427792+00:00,442.96287864500005,/api/quotes/history,0.0026519150000012814,3160,True
spring,2026-10-02T18:55:03.437755+00:00,443.97628922,/api/quotes/latest,0.0029282760000342023,397,True
spring,2026-10-02T18:55:03.442255+00:00,443.97628922,/api/quotes/history,0.004455269000004591,3160,True
spring,2026-10-02T18:55:04.452802+00:00,444.99005415,/api/quotes/latest,0.004210306999993918,397,True
spring,2026-10-02T18:55:04.454865+00:00,444.99005415,/api/quotes/history,0.002017012999999679,3160,True
spring,2026-10-02T18:55:05.468404+00:00,446.005916447,/api/quotes/latest,0.003952472000037233,397,True
spring,2026-10-02T18:55:05.471633+00:00,446.005916447,/api/quotes/history,0.0031766949999791905,3160,True
spring,2026-10-02T18:55:06.484899+00:00,447.019416667,/api/quotes/latest,0.006946397999968212,397,True
spring,2026-10-02T18:55:06.493416+00:00,447.019416667,/api/quotes/history,0.008174370000006093,3160,True
spring,2026-10-02T18:55:07.506087+00:00,448.04245357600007,/api/quotes/latest,0.005322070999909556,397,True
spring,2026-10-02T18:55:07.512242+00:00,448.04245357600007,/api/quotes/history,0.005740710000054605,3160,True
spring,2026-10-02T18:55:08.522880+00:00,449.06106918600005,/api/quotes/latest,0.0032732160000250587,397,True
spring,2026-10-02T18:55:08.525299+00:00,449.06106918600005,/api/quotes/history,0.002363437999974849,3160,True
spring,2026-10-02T18:55:09.543160+00:00,450.080699416,/api/quotes/latest,0.003923311999983525,397,True
spring,2026-10-02T18:55:09.546551+00:00,450.080699416,/api/quotes/history,0.0033367169999110047,3160,True
spring,2026-10-02T18:55:10.559879+00:00,451.09524985400003,/api/quotes/latest,0.006089631999998346,397,True
spring,2026-10-02T18:55:10.563705+00:00,451.09524985400003,/api/quotes/history,0.0037721479999390795,3160,True
spring,2026-10-02T18:55:11.578392+00:00,452.11597779300007,/api/quotes/latest,0.0038786320000099295,397,True
spring,2026-10-02T18:55:11.580759+00:00,452.11597779300007,/api/quotes/history,0.0023100350000504477,3160,True
spring,2026-10-02T18:55:12.592329+00:00,453.129204944,/api/quotes/latest,0.004586739999922429,397,True
spring,2026-10-02T18:55:12.595626+00:00,453.129204944,/api/quotes/history,0.003247835000024679,3160,True
spring,2026-10-02T18:55:13.608366+00:00,454.145659118,/api/quotes/latest,0.004170008999949459,397,True
spring,2026-10-02T18:55:13.610988+00:00,454.145659118,/api/quotes/history,0.00256555600003594,3160,True
spring,2026-10-02T18:55:14.626322+00:00,455.163554621,/api/quotes/latest,0.004233084000020426,397,True
spring,2026-10-02T18:55:14.628815+00:00,455.163554621,/api/quotes/history,0.002421865999963302,3160,True
spring,2026-10-02T18:55:15.641788+00:00,456.178616509,/api/quotes/latest,0.004631833000075858,397,True
spring,2026-10-02T18:55:15.644208+00:00,456.178616509,/api/quotes/history,0.00236602099994343,3160,True
spring,2026-10-02T18:55:16.652787+00:00,457.191456473,/api/quotes/latest,0.0027931089999810865,397,True
spring,2026-10-02T18:55:16.655314+00:00,457.191456473,/api/quotes/history,0.0024800559999675897,3160,True
spring,2026-10-02T18:55:17.665269+00:00,458.20287647500004,/api/quotes/latest,0.0038561769999887474,397,True
spring,2026-10-02T18:55:17.668459+00:00,458.20287647500004,/api/quotes/history,0.0031414179999273983,3160,True
spring,2026-10-02T18:55:18.679033+00:00,459.216823201,/api/quotes/latest,0.0036744210000279054,397,True
spring,2026-10-02T18:55:18.682735+00:00,459.216823201,/api/quotes/history,0.0036478760000591137,3160,True
spring,2026-10-02T18:55:19.718276+00:00,460.25571042600006,/api/quotes/latest,0.004026946000067255,397,True
spring,2026-10-02T18:55:19.720225+00:00,460.25571042600006,/api/quotes/history,0.001900031999980456,3160,True
spring,2026-10-02T18:55:20.730430+00:00,461.267651095,/api/quotes/latest,0.004241545000013502,397,True
spring,2026-10-02T18:55:20.734001+00:00,461.267651095,/api/quotes/history,0.0035172580001017195,3160,True
spring,2026-10-02T18:55:21.744334+00:00,462.281992015,/api/quotes/latest,0.003805663000093773,397,True
spring,2026-10-02T18:55:21.747806+00:00,462.281992015,/api/quotes/history,0.0034161380000341524,3160,True
spring,2026-10-02T18:55:22.756943+00:00,463.295319769,/api/quotes/latest,0.0031226350000679304,397,True
spring,2026-10-02T18:55:22.759242+00:00,463.295319769,/api/quotes/history,0.0022139569999808373,3160,True
spring,2026-10-02T18:55:23.772390+00:00,464.307904969,/api/quotes/latest,0.005947050000031595,397,True
spring,2026-10-02T18:55:23.774686+00:00,464.307904969,/api/quotes/history,0.0022437000000081753,3160,True
spring,2026-10-02T18:55:24.788653+00:00,465.326378061,/api/quotes/latest,0.00373736199992436,397,True
spring,2026-10-02T18:55:24.793386+00:00,465.326378061,/api/quotes/history,0.004678684999930738,3160,True
spring,2026-10-02T18:55:25.803339+00:00,466.341242612,/api/quotes/latest,0.003559822999932294,397,True
spring,2026-10-02T18:55:25.807413+00:00,466.341242612,/api/quotes/history,0.004021093999995173,3160,True
spring,2026-10-02T18:55:26.817520+00:00,467.355348617,/api/quotes/latest,0.003634451999914745,397,True
spring,2026-10-02T18:55:26.819766+00:00,467.355348617,/api/quotes/history,0.0021932109999625027,3160,True
spring,2026-10-02T18:55:27.854134+00:00,468.393142455,/api/quotes/latest,0.002452443000038329,397,True
spring,2026-10-02T18:55:27.859317+00:00,468.393142455,/api/quotes/history,0.005141009999988455,3160,True
spring,2026-10-02T18:55:28.868384+00:00,469.40711148900004,/api/quotes/latest,0.002735059999963596,397,True
spring,2026-10-02T18:55:28.871011+00:00,469.40711148900004,/api/quotes/history,0.0025817089999691234,3160,True
spring,2026-10-02T18:55:29.885510+00:00,470.42361435300006,/api/quotes/latest,0.003357715999982247,397,True
spring,2026-10-02T18:55:29.887782+00:00,470.42361435300006,/api/quotes/history,0.002219203999970887,3160,True
spring,2026-10-02T18:55:30.903542+00:00,471.441048743,/api/quotes/latest,0.0039575479999029994,397,True
spring,2026-10-02T18:55:30.907374+00:00,471.441048743,/api/quotes/history,0.00378129099999569,3160,True
spring,2026-10-02T18:55:31.915551+00:00,472.45480451800006,/api/quotes/latest,0.002208386999996037,397,True
spring,2026-10-02T18:55:31.917847+00:00,472.45480451800006,/api/quotes/history,0.002251888000046165,3160,True
spring,2026-10-02T18:55:32.927379+00:00,473.46508249,/api/quotes/latest,0.00375869699996656,397,True
spring,2026-10-02T18:55:32.933247+00:00,473.46508249,/api/quotes/history,0.005816206000076818,3160,True
spring,2026-10-02T18:55:33.945590+00:00,474.482209719,/api/quotes/latest,0.004840469999976449,397,True
spring,2026-10-02T18:55:33.948177+00:00,474.482209719,/api/quotes/history,0.002531943000008141,3160,True
spring,2026-10-02T18:55:34.960284+00:00,475.49791867700003,/api/quotes/latest,0.00382650200003809,397,True
spring,2026-10-02T18:55:34.962432+00:00,475.49791867700003,/api/quotes/history,0.002097738999964349,3160,True
spring,2026-10-02T18:55:35.972008+00:00,476.51085460800005,/api/quotes/latest,0.0026166299999204057,397,True
spring,2026-10-02T18:55:35.974178+00:00,476.51085460800005,/api/quotes/history,0.002057880000052137,3160,True
spring,2026-10-02T18:55:36.985482+00:00,477.52352476,/api/quotes/latest,0.003419347999965794,397,True
spring,2026-10-02T18:55:36.989377+00:00,477.52352476,/api/quotes/history,0.003843711000058647,3160,True
spring,2026-10-02T18:55:38.001014+00:00,478.538592743,/api/quotes/latest,0.00388333099999727,397,True
spring,2026-10-02T18:55:38.003348+00:00,478.538592743,/api/quotes/history,0.0022788689999515555,3160,True
spring,2026-10-02T18:55:39.014336+00:00,479.552369432,/api/quotes/latest,0.0034285899999986214,397,True
spring,2026-10-02T18:55:39.016776+00:00,479.552369432,/api/quotes/history,0.0023830489999454585,3160,True
spring,2026-10-02T18:55:40.036560+00:00,480.5723296130001,/api/quotes/latest,0.005694056000038472,397,True
spring,2026-10-02T18:55:40.038812+00:00,480.5723296130001,/api/quotes/history,0.0021729370000684867,3556,True
spring,2026-10-02T18:55:41.051286+00:00,481.58835599500003,/api/quotes/latest,0.004392572000028849,397,True
spring,2026-10-02T18:55:41.053638+00:00,481.58835599500003,/api/quotes/history,0.0022961170000144193,3556,True
spring,2026-10-02T18:55:42.064154+00:00,482.60216638400004,/api/quotes/latest,0.0034503619999668445,397,True
spring,2026-10-02T18:55:42.066342+00:00,482.60216638400004,/api/quotes/history,0.002133123000021442,3556,True
spring,2026-10-02T18:55:43.077126+00:00,483.61474488700003,/api/quotes/latest,0.003844144000026972,397,True
spring,2026-10-02T18:55:43.079209+00:00,483.61474488700003,/api/quotes/history,0.002029652000032911,3556,True
spring,2026-10-02T18:55:44.090989+00:00,484.62815416600006,/api/quotes/latest,0.004303406999952131,397,True
spring,2026-10-02T18:55:44.093552+00:00,484.62815416600006,/api/quotes/history,0.0025007530000493716,3556,True
spring,2026-10-02T18:55:45.110844+00:00,485.64752383000007,/api/quotes/latest,0.0047830050000357005,397,True
spring,2026-10-02T18:55:45.114084+00:00,485.64752383000007,/api/quotes/history,0.003187596000088888,3556,True
spring,2026-10-02T18:55:46.125694+00:00,486.663677193,/api/quotes/latest,0.003479627000047003,397,True
spring,2026-10-02T18:55:46.127967+00:00,486.663677193,/api/quotes/history,0.002217562999931033,3556,True
spring,2026-10-02T18:55:47.139493+00:00,487.67708135400005,/api/quotes/latest,0.003871809999964171,397,True
spring,2026-10-02T18:55:47.141687+00:00,487.67708135400005,/api/quotes/history,0.002142740999943271,3556,True
spring,2026-10-02T18:55:48.154423+00:00,488.691696492,/api/quotes/latest,0.00418950899995707,397,True
spring,2026-10-02T18:55:48.156245+00:00,488.691696492,/api/quotes/history,0.001778014999899824,3556,True
spring,2026-10-02T18:55:49.164941+00:00,489.7032638950001,/api/quotes/latest,0.0031404700000621233,397,True
spring,2026-10-02T18:55:49.167598+00:00,489.7032638950001,/api/quotes/history,0.00259563600002366,3556,True
spring,2026-10-02T18:55:50.180933+00:00,490.71957171500003,/api/quotes/latest,0.0028244780000932224,397,True
spring,2026-10-02T18:55:50.183170+00:00,490.71957171500003,/api/quotes/history,0.00218482800005404,3556,True
spring,2026-10-02T18:55:51.194210+00:00,491.732450167,/api/quotes/latest,0.0032240900000033434,397,True
spring,2026-10-02T18:55:51.196672+00:00,491.732450167,/api/quotes/history,0.00241068599996197,3556,True
spring,2026-10-02T18:55:52.205767+00:00,492.744476921,/api/quotes/latest,0.002753466999934062,397,True
spring,2026-10-02T18:55:52.207913+00:00,492.744476921,/api/quotes/history,0.002095906000022296,3556,True
spring,2026-10-02T18:55:53.217191+00:00,493.755413694,/api/quotes/latest,0.003240220999941812,397,True
spring,2026-10-02T18:55:53.219931+00:00,493.755413694,/api/quotes/history,0.00269186200000604,3556,True
spring,2026-10-02T18:55:54.241720+00:00,494.767039037,/api/quotes/latest,0.016143633000069713,397,True
spring,2026-10-02T18:55:54.243978+00:00,494.767039037,/api/quotes/history,0.0022038590000192926,3556,True
spring,2026-10-02T18:55:55.256628+00:00,495.794100027,/api/quotes/latest,0.003988605000017742,397,True
spring,2026-10-02T18:55:55.258802+00:00,495.794100027,/api/quotes/history,0.0021172560000195517,3556,True
spring,2026-10-02T18:55:56.271728+00:00,496.80735480500005,/api/quotes/latest,0.005842892000032407,397,True
spring,2026-10-02T18:55:56.275642+00:00,496.80735480500005,/api/quotes/history,0.0038128109999888693,3556,True
spring,2026-10-02T18:55:57.283799+00:00,497.82298538400005,/api/quotes/latest,0.002275925999924766,397,True
spring,2026-10-02T18:55:57.286184+00:00,497.82298538400005,/api/quotes/history,0.002342623000004096,3556,True
spring,2026-10-02T18:55:58.296482+00:00,498.834411379,/api/quotes/latest,0.0035325720000400906,397,True
spring,2026-10-02T18:55:58.298934+00:00,498.834411379,/api/quotes/history,0.002396531000044888,3556,True
spring,2026-10-02T18:55:59.308473+00:00,499.846729222,/api/quotes/latest,0.0032075340000119468,397,True
spring,2026-10-02T18:55:59.310888+00:00,499.846729222,/api/quotes/history,0.002361290000067129,3556,True
spring,2026-10-02T18:56:00.323601+00:00,500.862372737,/api/quotes/latest,0.0026909829999794965,397,True
spring,2026-10-02T18:56:00.325589+00:00,500.862372737,/api/quotes/history,0.0019404310000936675,3556,True
spring,2026-10-02T18:56:01.336501+00:00,501.8735297410001,/api/quotes/latest,0.0044351390000656465,397,True
spring,2026-10-02T18:56:01.339463+00:00,501.8735297410001,/api/quotes/history,0.0028968729999405696,3556,True
spring,2026-10-02T18:56:02.349103+00:00,502.8872860700001,/api/quotes/latest,0.003351050999981453,397,True
spring,2026-10-02T18:56:02.351212+00:00,502.8872860700001,/api/quotes/history,0.0019800170000507933,3556,True
spring,2026-10-02T18:56:03.360199+00:00,503.899443538,/api/quotes/latest,0.0022412509999867325,397,True
spring,2026-10-02T18:56:03.362436+00:00,503.899443538,/api/quotes/history,0.0021019619999833594,3556,True
spring,2026-10-02T18:56:04.374498+00:00,504.9115699800001,/api/quotes/latest,0.004391654000073686,397,True
spring,2026-10-02T18:56:04.376921+00:00,504.9115699800001,/api/quotes/history,0.0023745219999682377,3556,True
spring,2026-10-02T18:56:05.389922+00:00,505.928510073,/api/quotes/latest,0.0028746510000701164,397,True
spring,2026-10-02T18:56:05.392175+00:00,505.928510073,/api/quotes/history,0.0022022839999635835,3556,True
spring,2026-10-02T18:56:06.410521+00:00,506.94956456700004,/api/quotes/latest,0.002419167000084599,397,True
spring,2026-10-02T18:56:06.412814+00:00,506.94956456700004,/api/quotes/history,0.002247024999974201,3556,True
spring,2026-10-02T18:56:07.422453+00:00,507.9613214980001,/api/quotes/latest,0.002593507000028694,397,True
spring,2026-10-02T18:56:07.424597+00:00,507.9613214980001,/api/quotes/history,0.0020388460000049236,3556,True
spring,2026-10-02T18:56:08.435062+00:00,508.973914044,/api/quotes/latest,0.0026110649999964153,397,True
spring,2026-10-02T18:56:08.437236+00:00,508.973914044,/api/quotes/history,0.0021225530000492654,3556,True
spring,2026-10-02T18:56:09.447723+00:00,509.985722538,/api/quotes/latest,0.0034641290000081426,397,True
spring,2026-10-02T18:56:09.450650+00:00,509.985722538,/api/quotes/history,0.0028706339999189368,3556,True
spring,2026-10-02T18:56:10.467252+00:00,511.005562275,/api/quotes/latest,0.003150873000095089,397,True
spring,2026-10-02T18:56:10.469212+00:00,511.005562275,/api/quotes/history,0.0019128169999476086,3556,True
spring,2026-10-02T18:56:11.480427+00:00,512.018810098,/api/quotes/latest,0.0030787200000759185,397,True
spring,2026-10-02T18:56:11.482484+00:00,512.018810098,/api/quotes/history,0.0020033089999742515,3556,True
spring,2026-10-02T18:56:12.492573+00:00,513.0310290470001,/api/quotes/latest,0.003006619999950999,397,True
spring,2026-10-02T18:56:12.495424+00:00,513.0310290470001,/api/quotes/history,0.002797624999971049,3556,True
spring,2026-10-02T18:56:13.506248+00:00,514.044310188,/api/quotes/latest,0.003400808000037614,397,True
spring,2026-10-02T18:56:13.508368+00:00,514.044310188,/api/quotes/history,0.0020671509998919646,3556,True
spring,2026-10-02T18:56:14.520288+00:00,515.0588117340001,/api/quotes/latest,0.0029379439999956958,397,True
spring,2026-10-02T18:56:14.521789+00:00,515.0588117340001,/api/quotes/history,0.0014484779999293096,3556,True
spring,2026-10-02T18:56:15.532210+00:00,516.070452091,/api/quotes/latest,0.0032176820000131556,397,True
spring,2026-10-02T18:56:15.534935+00:00,516.070452091,/api/quotes/history,0.002675092999993467,3556,True
spring,2026-10-02T18:56:16.543686+00:00,517.082489622,/api/quotes/latest,0.0026599430000260327,397,True
spring,2026-10-02T18:56:16.547311+00:00,517.082489622,/api/quotes/history,0.003574258999947233,3556,True
spring,2026-10-02T18:56:17.554760+00:00,518.093768801,/api/quotes/latest,0.002429620000043542,397,True
spring,2026-10-02T18:56:17.556590+00:00,518.093768801,/api/quotes/history,0.0017831889999797568,3556,True
spring,2026-10-02T18:56:18.565078+00:00,519.103934667,/api/quotes/latest,0.002606226000011702,397,True
spring,2026-10-02T18:56:18.566827+00:00,519.103934667,/api/quotes/history,0.001643403999992188,3556,True
spring,2026-10-02T18:56:19.582106+00:00,520.1206806170001,/api/quotes/latest,0.002886036000063541,397,True
spring,2026-10-02T18:56:19.583838+00:00,520.1206806170001,/api/quotes/history,0.0016887960000531166,3556,True
spring,2026-10-02T18:56:20.594303+00:00,521.13244926,/api/quotes/latest,0.003317649999985406,397,True
spring,2026-10-02T18:56:20.597093+00:00,521.13244926,/api/quotes/history,0.002741912000033153,3556,True
spring,2026-10-02T18:56:21.605765+00:00,522.1442816250001,/api/quotes/latest,0.0029586969999400026,397,True
spring,2026-10-02T18:56:21.610894+00:00,522.1442816250001,/api/quotes/history,0.005038572999978896,3556,True
spring,2026-10-02T18:56:22.620335+00:00,523.159237254,/api/quotes/latest,0.002559904000008828,397,True
spring,2026-10-02T18:56:22.623703+00:00,523.159237254,/api/quotes/history,0.0033255639999651976,3556,True
spring,2026-10-02T18:56:23.634782+00:00,524.172005788,/api/quotes/latest,0.0042445179999504035,397,True
spring,2026-10-02T18:56:23.638105+00:00,524.172005788,/api/quotes/history,0.003253797999946073,3556,True
spring,2026-10-02T18:56:24.651374+00:00,525.189649388,/api/quotes/latest,0.003186783999922227,397,True
spring,2026-10-02T18:56:24.653611+00:00,525.189649388,/api/quotes/history,0.002213288999996621,3556,True
spring,2026-10-02T18:56:25.662795+00:00,526.2020590330001,/api/quotes/latest,0.0021983679999948436,397,True
spring,2026-10-02T18:56:25.664611+00:00,526.2020590330001,/api/quotes/history,0.0017701840000654556,3556,True
spring,2026-10-02T18:56:26.674323+00:00,527.2127319260001,/api/quotes/latest,0.0030547810000598474,397,True
spring,2026-10-02T18:56:26.676287+00:00,527.2127319260001,/api/quotes/history,0.0019089930000291133,3556,True
spring,2026-10-02T18:56:27.685979+00:00,528.224901345,/api/quotes/latest,0.002541092999990724,397,True
spring,2026-10-02T18:56:27.688283+00:00,528.224901345,/api/quotes/history,0.002196385000047485,3556,True
spring,2026-10-02T18:56:28.697071+00:00,529.235138437,/api/quotes/latest,0.0033970350000345206,397,True
spring,2026-10-02T18:56:28.701335+00:00,529.235138437,/api/quotes/history,0.004143971000075908,3556,True
spring,2026-10-02T18:56:29.716865+00:00,530.253456521,/api/quotes/latest,0.004874389999940831,397,True
spring,2026-10-02T18:56:29.721059+00:00,530.253456521,/api/quotes/history,0.004164298999967286,3556,True
spring,2026-10-02T18:56:30.731772+00:00,531.2698383210001,/api/quotes/latest,0.0033954220000396163,397,True
spring,2026-10-02T18:56:30.733794+00:00,531.2698383210001,/api/quotes/history,0.0019697940000469316,3556,True
spring,2026-10-02T18:56:31.764600+00:00,532.3036656620001,/api/quotes/latest,0.0023958630000606718,397,True
spring,2026-10-02T18:56:31.765926+00:00,532.3036656620001,/api/quotes/history,0.0012823829999888403,3556,True
spring,2026-10-02T18:56:32.774895+00:00,533.313687401,/api/quotes/latest,0.002671835999990435,397,True
spring,2026-10-02T18:56:32.777130+00:00,533.313687401,/api/quotes/history,0.0021800529999609353,3556,True
spring,2026-10-02T18:56:33.785989+00:00,534.3251172380001,/api/quotes/latest,0.0023333909999792013,397,True
spring,2026-10-02T18:56:33.788436+00:00,534.3251172380001,/api/quotes/history,0.002335441000013816,3556,True
spring,2026-10-02T18:56:34.803789+00:00,535.342107435,/api/quotes/latest,0.00314403000004404,397,True
spring,2026-10-02T18:56:34.805872+00:00,535.342107435,/api/quotes/history,0.002026209999939965,3556,True
spring,2026-10-02T18:56:35.823270+00:00,536.3610980670001,/api/quotes/latest,0.0036343499999702544,397,True
spring,2026-10-02T18:56:35.826812+00:00,536.3610980670001,/api/quotes/history,0.003495105000069998,3556,True
spring,2026-10-02T18:56:36.836291+00:00,537.373843615,/api/quotes/latest,0.003913291999992907,397,True
spring,2026-10-02T18:56:36.839892+00:00,537.373843615,/api/quotes/history,0.0035451379999358323,3556,True
spring,2026-10-02T18:56:37.848165+00:00,538.387534887,/api/quotes/latest,0.0020926779999399514,397,True
spring,2026-10-02T18:56:37.849646+00:00,538.387534887,/api/quotes/history,0.0014374419999967358,3556,True
spring,2026-10-02T18:56:38.859167+00:00,539.397910056,/api/quotes/latest,0.0027209959999936473,397,True
spring,2026-10-02T18:56:38.863881+00:00,539.397910056,/api/quotes/history,0.00466152499996042,3556,True
spring,2026-10-02T18:56:39.877420+00:00,540.416623135,/api/quotes/latest,0.002259709999975712,397,True
spring,2026-10-02T18:56:39.879466+00:00,540.416623135,/api/quotes/history,0.0020036070000060135,3952,True
spring,2026-10-02T18:56:40.890263+00:00,541.427803851,/api/quotes/latest,0.003921884999954273,397,True
spring,2026-10-02T18:56:40.892121+00:00,541.427803851,/api/quotes/history,0.0018098169999802849,3952,True
spring,2026-10-02T18:56:41.906730+00:00,542.445561773,/api/quotes/latest,0.0026312640000014653,397,True
spring,2026-10-02T18:56:41.908851+00:00,542.445561773,/api/quotes/history,0.002071978999993007,3952,True
spring,2026-10-02T18:56:42.919060+00:00,543.457471745,/api/quotes/latest,0.0030506660000355623,397,True
spring,2026-10-02T18:56:42.921040+00:00,543.457471745,/api/quotes/history,0.001925310999922658,3952,True
spring,2026-10-02T18:56:43.932134+00:00,544.4706871210001,/api/quotes/latest,0.0029097769998998047,397,True
spring,2026-10-02T18:56:43.934187+00:00,544.4706871210001,/api/quotes/history,0.0019226710001021274,3952,True
spring,2026-10-02T18:56:44.950844+00:00,545.489152119,/api/quotes/latest,0.0031565410000666816,397,True
spring,2026-10-02T18:56:44.953727+00:00,545.489152119,/api/quotes/history,0.0028237299999318566,3952,True
spring,2026-10-02T18:56:45.962975+00:00,546.501738694,/api/quotes/latest,0.0027002479999964635,397,True
spring,2026-10-02T18:56:45.964985+00:00,546.501738694,/api/quotes/history,0.001953909000008025,3952,True
spring,2026-10-02T18:56:46.976323+00:00,547.514709258,/api/quotes/latest,0.0030761200000597455,397,True
spring,2026-10-02T18:56:46.978212+00:00,547.514709258,/api/quotes/history,0.0018344710000519626,3952,True
spring,2026-10-02T18:56:47.988600+00:00,548.527117503,/api/quotes/latest,0.002946035000036318,397,True
spring,2026-10-02T18:56:47.990909+00:00,548.527117503,/api/quotes/history,0.002255026999932852,3952,True
spring,2026-10-02T18:56:49.000748+00:00,549.539311246,/api/quotes/latest,0.002901004000023022,397,True
spring,2026-10-02T18:56:49.002661+00:00,549.539311246,/api/quotes/history,0.0018633660000659802,3952,True
spring,2026-10-02T18:56:50.018915+00:00,550.55721284,/api/quotes/latest,0.0031658469999911176,397,True
spring,2026-10-02T18:56:50.020948+00:00,550.55721284,/api/quotes/history,0.001980840999976863,3952,True
spring,2026-10-02T18:56:51.031183+00:00,551.56989073,/api/quotes/latest,0.002754342999992332,397,True
spring,2026-10-02T18:56:51.033504+00:00,551.56989073,/api/quotes/history,0.0022678860000269196,3952,True
spring,2026-10-02T18:56:52.044732+00:00,552.583070934,/api/quotes/latest,0.0031249519998937103,397,True
spring,2026-10-02T18:56:52.046676+00:00,552.583070934,/api/quotes/history,0.0018902680000110195,3952,True
spring,2026-10-02T18:56:53.058202+00:00,553.596350377,/api/quotes/latest,0.0033141419999083155,397,True
spring,2026-10-02T18:56:53.060384+00:00,553.596350377,/api/quotes/history,0.002118551999956253,3952,True
spring,2026-10-02T18:56:54.069131+00:00,554.607959757,/api/quotes/latest,0.002635545999964961,397,True
spring,2026-10-02T18:56:54.070876+00:00,554.607959757,/api/quotes/history,0.0016907990000163409,3952,True
spring,2026-10-02T18:56:55.084324+00:00,555.622765249,/api/quotes/latest,0.0030212210000399864,397,True
spring,2026-10-02T18:56:55.087880+00:00,555.622765249,/api/quotes/history,0.0035007559999939986,3952,True
spring,2026-10-02T18:56:56.098802+00:00,556.6371964670001,/api/quotes/latest,0.0030680489999213023,397,True
spring,2026-10-02T18:56:56.101531+00:00,556.6371964670001,/api/quotes/history,0.0026829569999335945,3952,True
spring,2026-10-02T18:56:57.111363+00:00,557.6490896060001,/api/quotes/latest,0.003735541000082776,397,True
spring,2026-10-02T18:56:57.113524+00:00,557.6490896060001,/api/quotes/history,0.0021100579999711044,3952,True
spring,2026-10-02T18:56:58.141616+00:00,558.679644561,/api/quotes/latest,0.003434632999983478,397,True
spring,2026-10-02T18:56:58.144445+00:00,558.679644561,/api/quotes/history,0.002776629999971192,3952,True
spring,2026-10-02T18:56:59.154621+00:00,559.692420747,/api/quotes/latest,0.003660647999936373,397,True
spring,2026-10-02T18:56:59.157149+00:00,559.692420747,/api/quotes/history,0.0024832510000578623,3952,True
spring,2026-10-02T18:57:00.171148+00:00,560.710412579,/api/quotes/latest,0.0021990149999737696,397,True
spring,2026-10-02T18:57:00.173080+00:00,560.710412579,/api/quotes/history,0.0018888849999711965,3952,True
spring,2026-10-02T18:57:01.182712+00:00,561.72066581,/api/quotes/latest,0.003511675000027026,397,True
spring,2026-10-02T18:57:01.185231+00:00,561.72066581,/api/quotes/history,0.002454293000027974,3952,True
spring,2026-10-02T18:57:02.195899+00:00,562.7341996790001,/api/quotes/latest,0.0031624700000065786,397,True
spring,2026-10-02T18:57:02.198019+00:00,562.7341996790001,/api/quotes/history,0.0020868039999868415,3952,True
spring,2026-10-02T18:57:03.209816+00:00,563.747484565,/api/quotes/latest,0.0037986510000109774,397,True
spring,2026-10-02T18:57:03.216511+00:00,563.747484565,/api/quotes/history,0.006637408000074174,3952,True
spring,2026-10-02T18:57:04.224694+00:00,564.7638385370001,/api/quotes/latest,0.0023170160000063333,397,True
spring,2026-10-02T18:57:04.226314+00:00,564.7638385370001,/api/quotes/history,0.0015748890000395477,3952,True
spring,2026-10-02T18:57:05.237225+00:00,565.774749776,/api/quotes/latest,0.003938063000077818,397,True
spring,2026-10-02T18:57:05.239718+00:00,565.774749776,/api/quotes/history,0.0024501499999587395,3952,True
spring,2026-10-02T18:57:06.263249+00:00,566.802848387,/api/quotes/latest,0.0018612459999758357,397,True
spring,2026-10-02T18:57:06.264558+00:00,566.802848387,/api/quotes/history,0.0012706809999372126,3952,True
spring,2026-10-02T18:57:07.272459+00:00,567.811810004,/api/quotes/latest,0.002109967000023971,397,True
spring,2026-10-02T18:57:07.273950+00:00,567.811810004,/api/quotes/history,0.0014533460000620835,3952,True
spring,2026-10-02T18:57:08.282544+00:00,568.821431143,/api/quotes/latest,0.0025757510001085393,397,True
spring,2026-10-02T18:57:08.284441+00:00,568.821431143,/api/quotes/history,0.001846681999950306,3952,True
spring,2026-10-02T18:57:09.300886+00:00,569.8400476520001,/api/quotes/latest,0.002300494999985858,397,True
spring,2026-10-02T18:57:09.302802+00:00,569.8400476520001,/api/quotes/history,0.0018724660000088988,3952,True
spring,2026-10-02T18:57:10.332561+00:00,570.871608475,/api/quotes/latest,0.0024154909999651863,397,True
spring,2026-10-02T18:57:10.334358+00:00,570.871608475,/api/quotes/history,0.001747292999993988,3952,True
spring,2026-10-02T18:57:11.341850+00:00,571.881220676,/api/quotes/latest,0.002090823999992608,397,True
spring,2026-10-02T18:57:11.343441+00:00,571.881220676,/api/quotes/history,0.001549515999954565,3952,True
spring,2026-10-02T18:57:12.378111+00:00,572.91698333,/api/quotes/latest,0.0025919790000443754,397,True
spring,2026-10-02T18:57:12.380083+00:00,572.91698333,/api/quotes/history,0.0019187010000223381,3952,True
spring,2026-10-02T18:57:13.390261+00:00,573.928257195,/api/quotes/latest,0.003467397000008532,397,True
spring,2026-10-02T18:57:13.392264+00:00,573.928257195,/api/quotes/history,0.001949492999983704,3952,True
spring,2026-10-02T18:57:14.400719+00:00,574.9395662960001,/api/quotes/latest,0.0026165289999653396,397,True
spring,2026-10-02T18:57:14.402657+00:00,574.9395662960001,/api/quotes/history,0.0018818060000285186,3952,True
spring,2026-10-02T18:57:15.413515+00:00,575.9522023320001,/api/quotes/latest,0.0027748899999551213,397,True
spring,2026-10-02T18:57:15.415423+00:00,575.9522023320001,/api/quotes/history,0.00184260000003178,3952,True
spring,2026-10-02T18:57:16.424291+00:00,576.963432558,/api/quotes/latest,0.0023216890000412604,397,True
spring,2026-10-02T18:57:16.426211+00:00,576.963432558,/api/quotes/history,0.0018698479999557094,3952,True
spring,2026-10-02T18:57:17.434787+00:00,577.973595767,/api/quotes/latest,0.0026536829999486145,397,True
spring,2026-10-02T18:57:17.436716+00:00,577.973595767,/api/quotes/history,0.001889913000013621,3952,True
spring,2026-10-02T18:57:18.445413+00:00,578.984402293,/api/quotes/latest,0.0024748159999035124,397,True
spring,2026-10-02T18:57:18.449192+00:00,578.984402293,/api/quotes/history,0.00372036900000694,3952,True
spring,2026-10-02T18:57:19.458585+00:00,579.9972415440001,/api/quotes/latest,0.0028075139999828025,397,True
spring,2026-10-02T18:57:19.460762+00:00,579.9972415440001,/api/quotes/history,0.0021204409999882046,3952,True
spring,2026-10-02T18:57:20.477686+00:00,581.0160288100001,/api/quotes/latest,0.0031204219999381166,397,True
spring,2026-10-02T18:57:20.479655+00:00,581.0160288100001,/api/quotes/history,0.0019143299999768715,3952,True
spring,2026-10-02T18:57:21.490862+00:00,582.0292029020001,/api/quotes/latest,0.0031219139999620893,397,True
spring,2026-10-02T18:57:21.493057+00:00,582.0292029020001,/api/quotes/history,0.0021443089999593212,3952,True
spring,2026-10-02T18:57:22.503321+00:00,583.041665524,/api/quotes/latest,0.0031183919999193677,397,True
spring,2026-10-02T18:57:22.505228+00:00,583.041665524,/api/quotes/history,0.001854248000086045,3952,True
spring,2026-10-02T18:57:23.515522+00:00,584.054400083,/api/quotes/latest,0.002585573000033037,397,True
spring,2026-10-02T18:57:23.517158+00:00,584.054400083,/api/quotes/history,0.0015797040000506968,3952,True
spring,2026-10-02T18:57:24.529849+00:00,585.0683797400001,/api/quotes/latest,0.0029321360000267305,397,True
spring,2026-10-02T18:57:24.531843+00:00,585.0683797400001,/api/quotes/history,0.0019413289999192784,3952,True
spring,2026-10-02T18:57:25.542041+00:00,586.08044856,/api/quotes/latest,0.0030574630000046454,397,True
spring,2026-10-02T18:57:25.544854+00:00,586.08044856,/api/quotes/history,0.002746013999967545,3952,True
spring,2026-10-02T18:57:26.554996+00:00,587.093445225,/api/quotes/latest,0.003013060999933259,397,True
spring,2026-10-02T18:57:26.557651+00:00,587.093445225,/api/quotes/history,0.0026027930000509514,3952,True
spring,2026-10-02T18:57:27.567136+00:00,588.1055302660001,/api/quotes/latest,0.00306865300001391,397,True
spring,2026-10-02T18:57:27.569243+00:00,588.1055302660001,/api/quotes/history,0.00205272599998807,3952,True
spring,2026-10-02T18:57:28.580033+00:00,589.1178032270001,/api/quotes/latest,0.003692687000011574,397,True
spring,2026-10-02T18:57:28.582291+00:00,589.1178032270001,/api/quotes/history,0.002094532999990406,3952,True
spring,2026-10-02T18:57:29.599033+00:00,590.137644821,/api/quotes/latest,0.0028508589999773903,397,True
spring,2026-10-02T18:57:29.602160+00:00,590.137644821,/api/quotes/history,0.0030628360000264365,3952,True
spring,2026-10-02T18:57:30.612491+00:00,591.151174909,/api/quotes/latest,0.002778433999992558,397,True
spring,2026-10-02T18:57:30.614350+00:00,591.151174909,/api/quotes/history,0.0018081729999721574,3952,True
spring,2026-10-02T18:57:31.624819+00:00,592.1633233910001,/api/quotes/latest,0.0029586650000510417,397,True
spring,2026-10-02T18:57:31.626741+00:00,592.1633233910001,/api/quotes/history,0.0018583760000865368,3952,True
spring,2026-10-02T18:57:32.638369+00:00,593.175502284,/api/quotes/latest,0.004330601999981809,397,True
spring,2026-10-02T18:57:32.640780+00:00,593.175502284,/api/quotes/history,0.0023450239999647238,3952,True
spring,2026-10-02T18:57:33.650984+00:00,594.189199764,/api/quotes/latest,0.0032473270000537013,397,True
spring,2026-10-02T18:57:33.654467+00:00,594.189199764,/api/quotes/history,0.0034285389999695326,3952,True
spring,2026-10-02T18:57:34.667379+00:00,595.2057909360001,/api/quotes/latest,0.003049966999924436,397,True
spring,2026-10-02T18:57:34.669861+00:00,595.2057909360001,/api/quotes/history,0.002427914999998393,3952,True
spring,2026-10-02T18:57:35.679729+00:00,596.218221293,/api/quotes/latest,0.0029701270000259683,397,True
spring,2026-10-02T18:57:35.682094+00:00,596.218221293,/api/quotes/history,0.0023110939999924085,3952,True
spring,2026-10-02T18:57:36.692922+00:00,597.2312734860001,/api/quotes/latest,0.0031113430000004882,397,True
spring,2026-10-02T18:57:36.694838+00:00,597.2312734860001,/api/quotes/history,0.001860160000092037,3952,True
spring,2026-10-02T18:57:37.705470+00:00,598.243509804,/api/quotes/latest,0.0034397569999100597,397,True
spring,2026-10-02T18:57:37.709263+00:00,598.243509804,/api/quotes/history,0.003718219000006684,3952,True
spring,2026-10-02T18:57:38.719321+00:00,599.257113654,/api/quotes/latest,0.0036671400000614085,397,True
spring,2026-10-02T18:57:38.721300+00:00,599.257113654,/api/quotes/history,0.0019266199999492528,3952,True
spring,2026-10-02T18:57:39.738461+00:00,600.2756532000001,/api/quotes/latest,0.004271188999950937,400,True
spring,2026-10-02T18:57:39.740557+00:00,600.2756532000001,/api/quotes/history,0.002025092000053519,4351,True
spring,2026-10-02T18:57:44.782165+00:00,605.320995666,/api/quotes/latest,0.0026354219999120687,400,True
spring,2026-10-02T18:57:44.784517+00:00,605.320995666,/api/quotes/history,0.0022947359999534456,4351,True
spring,2026-10-02T18:57:49.793828+00:00,610.332648457,/api/quotes/latest,0.00264436800000567,400,True
spring,2026-10-02T18:57:49.799248+00:00,610.332648457,/api/quotes/history,0.005366832000049726,4351,True
spring,2026-10-02T18:57:54.798526+00:00,615.334123962,/api/quotes/latest,0.005904415999907542,400,True
spring,2026-10-02T18:57:54.802944+00:00,615.334123962,/api/quotes/history,0.0042820779999601655,4351,True
spring,2026-10-02T18:57:59.839022+00:00,620.377063193,/api/quotes/latest,0.0034224990000666367,400,True
spring,2026-10-02T18:57:59.841273+00:00,620.377063193,/api/quotes/history,0.0020479480000403782,4351,True
spring,2026-10-02T18:58:04.893060+00:00,625.418904996,/api/quotes/latest,0.015616627999975208,400,True
spring,2026-10-02T18:58:04.894796+00:00,625.418904996,/api/quotes/history,0.001692742000045655,4351,True
spring,2026-10-02T18:58:09.891549+00:00,630.429206767,/api/quotes/latest,0.00380293300008816,400,True
spring,2026-10-02T18:58:09.893596+00:00,630.429206767,/api/quotes/history,0.0019932410000365053,4351,True
spring,2026-10-02T18:58:14.938587+00:00,635.476407709,/api/quotes/latest,0.003641764000008152,400,True
spring,2026-10-02T18:58:14.940468+00:00,635.476407709,/api/quotes/history,0.0018228580000823058,4351,True
spring,2026-10-02T18:58:19.956475+00:00,640.495039605,/api/quotes/latest,0.0028973030000543076,400,True
spring,2026-10-02T18:58:19.958351+00:00,640.495039605,/api/quotes/history,0.0018243719999873065,4351,True
spring,2026-10-02T18:58:25.005438+00:00,645.544405796,/api/quotes/latest,0.0024961590000884826,400,True
spring,2026-10-02T18:58:25.008154+00:00,645.544405796,/api/quotes/history,0.002658501000041724,4351,True
spring,2026-10-02T18:58:30.055387+00:00,650.593450857,/api/quotes/latest,0.0033992479999369607,400,True
spring,2026-10-02T18:58:30.057577+00:00,650.593450857,/api/quotes/history,0.00213349599994217,4351,True
spring,2026-10-02T18:58:35.100281+00:00,655.639200556,/api/quotes/latest,0.002544566000096893,400,True
spring,2026-10-02T18:58:35.102094+00:00,655.639200556,/api/quotes/history,0.001753828000005342,4351,True
spring,2026-10-02T18:58:40.149437+00:00,660.687368803,/api/quotes/latest,0.003528835999986768,400,True
spring,2026-10-02T18:58:40.151265+00:00,660.687368803,/api/quotes/history,0.0017728789999864603,4750,True
spring,2026-10-02T18:58:45.194321+00:00,665.732289262,/api/quotes/latest,0.003494007999961468,400,True
spring,2026-10-02T18:58:45.196173+00:00,665.732289262,/api/quotes/history,0.0017965139999205348,4750,True
spring,2026-10-02T18:58:50.242464+00:00,670.780268372,/api/quotes/latest,0.0036565789999940534,400,True
spring,2026-10-02T18:58:50.244335+00:00,670.780268372,/api/quotes/history,0.0018143920000284197,4750,True
spring,2026-10-02T18:58:55.286912+00:00,675.825244183,/api/quotes/latest,0.0031303990000424164,400,True
spring,2026-10-02T18:58:55.288657+00:00,675.825244183,/api/quotes/history,0.0016872730000159208,4750,True
spring,2026-10-02T18:59:00.336170+00:00,680.874776212,/api/quotes/latest,0.0028563690000282804,400,True
spring,2026-10-02T18:59:00.338090+00:00,680.874776212,/api/quotes/history,0.0018668510000452443,4750,True
spring,2026-10-02T18:59:05.355956+00:00,685.89398082,/api/quotes/latest,0.003437549999944167,400,True
spring,2026-10-02T18:59:05.358003+00:00,685.89398082,/api/quotes/history,0.0018686949999846547,4750,True
spring,2026-10-02T18:59:10.370819+00:00,690.909300623,/api/quotes/latest,0.0029808970000431145,400,True
spring,2026-10-02T18:59:10.372482+00:00,690.909300623,/api/quotes/history,0.0016136980000283074,4750,True
spring,2026-10-02T18:59:15.414127+00:00,695.953033643,/api/quotes/latest,0.002557229999979427,400,True
spring,2026-10-02T18:59:15.415926+00:00,695.953033643,/api/quotes/history,0.0017541080000000875,4750,True
spring,2026-10-02T18:59:20.461013+00:00,701.0000984870001,/api/quotes/latest,0.0023787320000110412,400,True
spring,2026-10-02T18:59:20.462767+00:00,701.0000984870001,/api/quotes/history,0.0016989250000278844,4750,True
spring,2026-10-02T18:59:25.503539+00:00,706.042035112,/api/quotes/latest,0.002964039999937995,400,True
spring,2026-10-02T18:59:25.505414+00:00,706.042035112,/api/quotes/history,0.001816318000010142,4750,True
spring,2026-10-02T18:59:30.553285+00:00,711.0917847410001,/api/quotes/latest,0.0029622899999139918,400,True
spring,2026-10-02T18:59:30.555175+00:00,711.0917847410001,/api/quotes/history,0.0018372469999121677,4750,True
spring,2026-10-02T18:59:35.598795+00:00,716.13686037,/api/quotes/latest,0.0033967520000715012,400,True
spring,2026-10-02T18:59:35.601484+00:00,716.13686037,/api/quotes/history,0.0026192249999894557,4750,True
spring,2026-10-02T18:59:40.647503+00:00,721.185977386,/api/quotes/latest,0.0029885550000017247,400,True
spring,2026-10-02T18:59:40.649765+00:00,721.185977386,/api/quotes/history,0.002194095999925594,5149,True
spring,2026-10-02T18:59:45.693368+00:00,726.2301355210001,/api/quotes/latest,0.0046941630000674195,400,True
spring,2026-10-02T18:59:45.696684+00:00,726.2301355210001,/api/quotes/history,0.0032574959999465136,5149,True
spring,2026-10-02T18:59:50.694402+00:00,731.232575021,/api/quotes/latest,0.0032894759999635426,400,True
spring,2026-10-02T18:59:50.696642+00:00,731.232575021,/api/quotes/history,0.0021722039999758636,5149,True
spring,2026-10-02T18:59:55.740457+00:00,736.2775849750001,/api/quotes/latest,0.004332458000021688,400,True
spring,2026-10-02T18:59:55.742223+00:00,736.2775849750001,/api/quotes/history,0.0017105389999869658,5149,True
spring,2026-10-02T19:00:00.781927+00:00,741.320275843,/api/quotes/latest,0.0031139779999875827,400,True
spring,2026-10-02T19:00:00.783801+00:00,741.320275843,/api/quotes/history,0.0018193889999338353,5149,True
spring,2026-10-02T19:00:05.827065+00:00,746.365295122,/api/quotes/latest,0.003229940999972314,400,True
spring,2026-10-02T19:00:05.829411+00:00,746.365295122,/api/quotes/history,0.0022804999999834763,5149,True
spring,2026-10-02T19:00:10.846763+00:00,751.385736165,/api/quotes/latest,0.002490276999992602,400,True
spring,2026-10-02T19:00:10.850243+00:00,751.385736165,/api/quotes/history,0.0034277450000672616,5149,True
spring,2026-10-02T19:00:15.890784+00:00,756.42931301,/api/quotes/latest,0.0029341199999635137,400,True
spring,2026-10-02T19:00:15.893425+00:00,756.42931301,/api/quotes/history,0.0025887419999435224,5149,True
spring,2026-10-02T19:00:20.940732+00:00,761.4792848000001,/api/quotes/latest,0.0029092690000425137,400,True
spring,2026-10-02T19:00:20.942848+00:00,761.4792848000001,/api/quotes/history,0.002046753000058743,5149,True
spring,2026-10-02T19:00:25.978907+00:00,766.517377917,/api/quotes/latest,0.002993107999941458,400,True
spring,2026-10-02T19:00:25.980971+00:00,766.517377917,/api/quotes/history,0.002003557999955774,5149,True
spring,2026-10-02T19:00:31.028340+00:00,771.566325625,/api/quotes/latest,0.0034781809999913094,400,True
spring,2026-10-02T19:00:31.030697+00:00,771.566325625,/api/quotes/history,0.002300567000020237,5149,True
spring,2026-10-02T19:00:36.065641+00:00,776.604910697,/api/quotes/latest,0.0021916819999887593,400,True
spring,2026-10-02T19:00:36.067562+00:00,776.604910697,/api/quotes/history,0.0018765959999882398,5149,True
spring,2026-10-02T19:00:41.071196+00:00,781.610649368,/api/quotes/latest,0.0020083310000700294,400,True
spring,2026-10-02T19:00:41.072807+00:00,781.610649368,/api/quotes/history,0.0015684319999991203,5548,True
spring,2026-10-02T19:00:46.114442+00:00,786.653779323,/api/quotes/latest,0.0021256100000073275,400,True
spring,2026-10-02T19:00:46.117073+00:00,786.653779323,/api/quotes/history,0.0025871420000385115,5548,True
spring,2026-10-02T19:00:51.117830+00:00,791.6563216960001,/api/quotes/latest,0.0029713480000737036,400,True
spring,2026-10-02T19:00:51.119753+00:00,791.6563216960001,/api/quotes/history,0.0018674259999897913,5548,True
spring,2026-10-02T19:00:56.161800+00:00,796.699927484,/api/quotes/latest,0.0033381409999719835,400,True
spring,2026-10-02T19:00:56.163564+00:00,796.699927484,/api/quotes/history,0.0016886370000293027,5548,True
spring,2026-10-02T19:01:01.175462+00:00,801.7135918490001,/api/quotes/latest,0.003332893999981934,400,True
spring,2026-10-02T19:01:01.177260+00:00,801.7135918490001,/api/quotes/history,0.0017438150000543828,5548,True
spring,2026-10-02T19:01:06.185744+00:00,806.725185988,/api/quotes/latest,0.0020194219999893903,400,True
spring,2026-10-02T19:01:06.188077+00:00,806.725185988,/api/quotes/history,0.002288193000026695,5548,True
spring,2026-10-02T19:01:11.223916+00:00,811.762347041,/api/quotes/latest,0.0030326939998985836,400,True
spring,2026-10-02T19:01:11.226000+00:00,811.762347041,/api/quotes/history,0.002016945000036685,5548,True
spring,2026-10-02T19:01:16.270562+00:00,816.8095564820001,/api/quotes/latest,0.002469460999918738,400,True
spring,2026-10-02T19:01:16.273345+00:00,816.8095564820001,/api/quotes/history,0.0027286000001822686,5548,True
spring,2026-10-02T19:01:21.315532+00:00,821.8550644009999,/api/quotes/latest,0.0019293079999442853,400,True
spring,2026-10-02T19:01:21.316763+00:00,821.8550644009999,/api/quotes/history,0.0011863120000725758,5548,True
spring,2026-10-02T19:01:26.355386+00:00,826.894650645,/api/quotes/latest,0.0021987650000028225,400,True
spring,2026-10-02T19:01:26.356905+00:00,826.894650645,/api/quotes/history,0.0014671040000848734,5548,True
spring,2026-10-02T19:01:31.394160+00:00,831.9334522419999,/api/quotes/latest,0.0021696060000522266,400,True
spring,2026-10-02T19:01:31.395829+00:00,831.9334522419999,/api/quotes/history,0.0016204420001031394,5548,True
spring,2026-10-02T19:01:36.420611+00:00,836.9599532960001,/api/quotes/latest,0.002121010000109891,400,True
spring,2026-10-02T19:01:36.422217+00:00,836.9599532960001,/api/quotes/history,0.0015539450000687793,5548,True
spring,2026-10-02T19:01:41.467206+00:00,842.006188504,/api/quotes/latest,0.002481519999946613,400,True
spring,2026-10-02T19:01:41.469089+00:00,842.006188504,/api/quotes/history,0.0018284640000274521,5947,True
spring,2026-10-02T19:01:46.489062+00:00,847.027932794,/api/quotes/latest,0.0026255870000113646,400,True
spring,2026-10-02T19:01:46.491179+00:00,847.027932794,/api/quotes/history,0.001982516999987638,5947,True
spring,2026-10-02T19:01:51.537931+00:00,852.0755681350001,/api/quotes/latest,0.003825989999995727,400,True
spring,2026-10-02T19:01:51.540483+00:00,852.0755681350001,/api/quotes/history,0.0023855809999986377,5947,True
spring,2026-10-02T19:01:56.568922+00:00,857.1084761469999,/api/quotes/latest,0.0019075449999945704,400,True
spring,2026-10-02T19:01:56.570451+00:00,857.1084761469999,/api/quotes/history,0.001483297999811839,5947,True
spring,2026-10-02T19:02:01.610035+00:00,862.148492022,/api/quotes/latest,0.0031065530001797015,400,True
spring,2026-10-02T19:02:01.612408+00:00,862.148492022,/api/quotes/history,0.0022007439999924827,5947,True
spring,2026-10-02T19:02:06.648274+00:00,867.186603932,/api/quotes/latest,0.003132487999891964,400,True
spring,2026-10-02T19:02:06.651492+00:00,867.186603932,/api/quotes/history,0.0031613060000381665,5947,True
spring,2026-10-02T19:02:11.691832+00:00,872.228830775,/api/quotes/latest,0.004462125999907585,400,True
spring,2026-10-02T19:02:11.693875+00:00,872.228830775,/api/quotes/history,0.0019883429999936197,5947,True
spring,2026-10-02T19:02:16.734442+00:00,877.273032217,/api/quotes/latest,0.0028761060000306315,400,True
spring,2026-10-02T19:02:16.737558+00:00,877.273032217,/api/quotes/history,0.003060422000089602,5947,True
spring,2026-10-02T19:02:21.783638+00:00,882.322095639,/api/quotes/latest,0.0030047289999401983,400,True
spring,2026-10-02T19:02:21.785485+00:00,882.322095639,/api/quotes/history,0.001791111000102319,5947,True
spring,2026-10-02T19:02:26.828344+00:00,887.366374748,/api/quotes/latest,0.0034327890000440675,400,True
spring,2026-10-02T19:02:26.830163+00:00,887.366374748,/api/quotes/history,0.0017201309999563819,5947,True
spring,2026-10-02T19:02:31.839746+00:00,892.378337938,/api/quotes/latest,0.002869682999971701,400,True
spring,2026-10-02T19:02:31.841649+00:00,892.378337938,/api/quotes/history,0.0018514989999403042,5947,True
spring,2026-10-02T19:02:36.877679+00:00,897.4163450640001,/api/quotes/latest,0.0027975610000794404,400,True
spring,2026-10-02T19:02:36.880096+00:00,897.4163450640001,/api/quotes/history,0.0023586019999584096,5947,True
quarkus,2026-10-02T19:02:42.393156+00:00,0.00036421899994820706,/api/quotes/latest,0.003591850000020713,397,True
quarkus,2026-10-02T19:02:42.397687+00:00,0.00036421899994820706,/api/quotes/history,0.0044903440000325645,397,True
quarkus,2026-10-02T19:02:47.427206+00:00,5.036282833999849,/api/quotes/latest,0.003973225999970964,397,True
quarkus,2026-10-02T19:02:47.430249+00:00,5.036282833999849,/api/quotes/history,0.003002413999865894,397,True
quarkus,2026-10-02T19:02:52.455744+00:00,10.065733510999962,/api/quotes/latest,0.004860808000103134,397,True
quarkus,2026-10-02T19:02:52.459469+00:00,10.065733510999962,/api/quotes/history,0.0036749289999988832,397,True
quarkus,2026-10-02T19:02:57.507225+00:00,15.115007418999994,/api/quotes/latest,0.007068419999995967,397,True
quarkus,2026-10-02T19:02:57.511646+00:00,15.115007418999994,/api/quotes/history,0.004377518999945096,397,True
quarkus,2026-10-02T19:03:02.511337+00:00,20.12014300099986,/api/quotes/latest,0.006043778000048405,397,True
quarkus,2026-10-02T19:03:02.515565+00:00,20.12014300099986,/api/quotes/history,0.00418359899981624,397,True
quarkus,2026-10-02T19:03:07.520621+00:00,25.13112868600001,/api/quotes/latest,0.004342982000025586,397,True
quarkus,2026-10-02T19:03:07.524000+00:00,25.13112868600001,/api/quotes/history,0.003338204999863592,397,True
quarkus,2026-10-02T19:03:12.536861+00:00,30.146735029999945,/api/quotes/latest,0.00497807500005365,397,True
quarkus,2026-10-02T19:03:12.541074+00:00,30.146735029999945,/api/quotes/history,0.004164589000083652,397,True
quarkus,2026-10-02T19:03:17.588027+00:00,35.19629953000003,/api/quotes/latest,0.006579287000022305,397,True
quarkus,2026-10-02T19:03:17.594270+00:00,35.19629953000003,/api/quotes/history,0.006189697000081651,397,True
quarkus,2026-10-02T19:03:22.598854+00:00,40.20807498599993,/api/quotes/latest,0.005626512999924671,397,True
quarkus,2026-10-02T19:03:22.602387+00:00,40.20807498599993,/api/quotes/history,0.003488368000034825,397,True
quarkus,2026-10-02T19:03:27.633471+00:00,45.244683343999895,/api/quotes/latest,0.0036384360000738525,397,True
quarkus,2026-10-02T19:03:27.636532+00:00,45.244683343999895,/api/quotes/history,0.0030172810002113692,397,True
quarkus,2026-10-02T19:03:32.667337+00:00,50.278491237000026,/api/quotes/latest,0.0036979219999011548,397,True
quarkus,2026-10-02T19:03:32.670420+00:00,50.278491237000026,/api/quotes/history,0.0030398030000924336,397,True
quarkus,2026-10-02T19:03:37.703770+00:00,55.31404941200003,/api/quotes/latest,0.004571242000110942,397,True
quarkus,2026-10-02T19:03:37.707704+00:00,55.31404941200003,/api/quotes/history,0.00388986300004035,397,True
quarkus,2026-10-02T19:03:42.751244+00:00,60.361038707000034,/api/quotes/latest,0.005057161999957316,397,True
quarkus,2026-10-02T19:03:42.755368+00:00,60.361038707000034,/api/quotes/history,0.004056279999986145,793,True
quarkus,2026-10-02T19:03:47.788558+00:00,65.39943556499998,/api/quotes/latest,0.0039734389999921405,397,True
quarkus,2026-10-02T19:03:47.792752+00:00,65.39943556499998,/api/quotes/history,0.004152473999965878,793,True
quarkus,2026-10-02T19:03:52.826429+00:00,70.43681611499983,/api/quotes/latest,0.004463655999870753,397,True
quarkus,2026-10-02T19:03:52.829899+00:00,70.43681611499983,/api/quotes/history,0.003427133000059257,793,True
quarkus,2026-10-02T19:03:57.862733+00:00,75.47284450099983,/api/quotes/latest,0.004740509999919595,397,True
quarkus,2026-10-02T19:03:57.866355+00:00,75.47284450099983,/api/quotes/history,0.003573424000023806,793,True
quarkus,2026-10-02T19:04:02.863767+00:00,80.47486171199989,/api/quotes/latest,0.003757005999887042,397,True
quarkus,2026-10-02T19:04:02.867976+00:00,80.47486171199989,/api/quotes/history,0.004163331999961883,793,True
quarkus,2026-10-02T19:04:07.899510+00:00,85.51056335399994,/api/quotes/latest,0.003799193000077139,397,True
quarkus,2026-10-02T19:04:07.906297+00:00,85.51056335399994,/api/quotes/history,0.006744946000026175,793,True
quarkus,2026-10-02T19:04:12.943043+00:00,90.5519526779999,/api/quotes/latest,0.005942000000004555,397,True
quarkus,2026-10-02T19:04:12.946103+00:00,90.5519526779999,/api/quotes/history,0.0030149570000048698,793,True
quarkus,2026-10-02T19:04:17.977305+00:00,95.58879876299989,/api/quotes/latest,0.003358511999977054,397,True
quarkus,2026-10-02T19:04:17.981159+00:00,95.58879876299989,/api/quotes/history,0.003814037999973152,793,True
quarkus,2026-10-02T19:04:22.980787+00:00,100.59032287800005,/api/quotes/latest,0.005323370000041905,397,True
quarkus,2026-10-02T19:04:22.984854+00:00,100.59032287800005,/api/quotes/history,0.004011515000001964,793,True
quarkus,2026-10-02T19:04:28.005868+00:00,105.61528151799985,/api/quotes/latest,0.005438994000087405,397,True
quarkus,2026-10-02T19:04:28.009147+00:00,105.61528151799985,/api/quotes/history,0.0032291140000779706,793,True
quarkus,2026-10-02T19:04:33.050344+00:00,110.66059657699998,/api/quotes/latest,0.004598908999923879,397,True
quarkus,2026-10-02T19:04:33.054497+00:00,110.66059657699998,/api/quotes/history,0.004124124000099982,793,True
quarkus,2026-10-02T19:04:38.095293+00:00,115.70644541499996,/api/quotes/latest,0.003697942999906445,397,True
quarkus,2026-10-02T19:04:38.098975+00:00,115.70644541499996,/api/quotes/history,0.0036393640000369487,793,True
quarkus,2026-10-02T19:04:43.138353+00:00,120.74960962799992,/api/quotes/latest,0.003595112999846606,397,True
quarkus,2026-10-02T19:04:43.141924+00:00,120.74960962799992,/api/quotes/history,0.0035250800001449534,1189,True
quarkus,2026-10-02T19:04:48.144584+00:00,125.75500556299994,/api/quotes/latest,0.0044289269999353564,397,True
quarkus,2026-10-02T19:04:48.147322+00:00,125.75500556299994,/api/quotes/history,0.00269551299993509,1189,True
quarkus,2026-10-02T19:04:53.146761+00:00,130.7574193569999,/api/quotes/latest,0.004193639000050098,397,True
quarkus,2026-10-02T19:04:53.150261+00:00,130.7574193569999,/api/quotes/history,0.003455055999893375,1189,True
quarkus,2026-10-02T19:04:58.153362+00:00,135.7634742759999,/api/quotes/latest,0.004739857000004122,397,True
quarkus,2026-10-02T19:04:58.156673+00:00,135.7634742759999,/api/quotes/history,0.00325411000017084,1189,True
quarkus,2026-10-02T19:05:03.202115+00:00,140.811956753,/api/quotes/latest,0.005010850999951799,397,True
quarkus,2026-10-02T19:05:03.205382+00:00,140.811956753,/api/quotes/history,0.003122503999975379,1189,True
quarkus,2026-10-02T19:05:08.219238+00:00,145.83033977399987,/api/quotes/latest,0.0037488620000658557,397,True
quarkus,2026-10-02T19:05:08.222762+00:00,145.83033977399987,/api/quotes/history,0.0034746589999485877,1189,True
quarkus,2026-10-02T19:05:13.267555+00:00,150.87714283299988,/api/quotes/latest,0.005264047000082428,397,True
quarkus,2026-10-02T19:05:13.273481+00:00,150.87714283299988,/api/quotes/history,0.005871700999932727,1189,True
quarkus,2026-10-02T19:05:18.300709+00:00,155.90964612599987,/api/quotes/latest,0.005913663000001179,397,True
quarkus,2026-10-02T19:05:18.304341+00:00,155.90964612599987,/api/quotes/history,0.0035881869998775073,1189,True
quarkus,2026-10-02T19:05:23.341357+00:00,160.95269049199987,/api/quotes/latest,0.003516899999794987,397,True
quarkus,2026-10-02T19:05:23.345339+00:00,160.95269049199987,/api/quotes/history,0.003936031999955958,1189,True
quarkus,2026-10-02T19:05:28.389022+00:00,165.99933848599994,/api/quotes/latest,0.00453512299986869,397,True
quarkus,2026-10-02T19:05:28.394247+00:00,165.99933848599994,/api/quotes/history,0.00509054000008291,1189,True
quarkus,2026-10-02T19:05:33.413187+00:00,171.02396243599992,/api/quotes/latest,0.004076840999914566,397,True
quarkus,2026-10-02T19:05:33.416611+00:00,171.02396243599992,/api/quotes/history,0.003374059999941892,1189,True
quarkus,2026-10-02T19:05:38.436625+00:00,176.04767448099983,/api/quotes/latest,0.0038029369998184848,397,True
quarkus,2026-10-02T19:05:38.439982+00:00,176.04767448099983,/api/quotes/history,0.003354445000013584,1189,True
quarkus,2026-10-02T19:05:43.484387+00:00,181.09336088600003,/api/quotes/latest,0.005878630999859524,400,True
quarkus,2026-10-02T19:05:43.488224+00:00,181.09336088600003,/api/quotes/history,0.00378158200010148,1588,True
quarkus,2026-10-02T19:05:48.530933+00:00,186.1402526889999,/api/quotes/latest,0.005532294999966325,400,True
quarkus,2026-10-02T19:05:48.534010+00:00,186.1402526889999,/api/quotes/history,0.002949933000081728,1588,True
quarkus,2026-10-02T19:05:53.578625+00:00,191.18932185699987,/api/quotes/latest,0.00415505499995561,400,True
quarkus,2026-10-02T19:05:53.582004+00:00,191.18932185699987,/api/quotes/history,0.003325533999941399,1588,True
quarkus,2026-10-02T19:05:58.626066+00:00,196.23319234099995,/api/quotes/latest,0.007725259999915579,400,True
quarkus,2026-10-02T19:05:58.632261+00:00,196.23319234099995,/api/quotes/history,0.006077836000031311,1588,True
quarkus,2026-10-02T19:06:03.628239+00:00,201.23662105199992,/api/quotes/latest,0.006466987000067093,400,True
quarkus,2026-10-02T19:06:03.631564+00:00,201.23662105199992,/api/quotes/history,0.0032726079998610658,1588,True
quarkus,2026-10-02T19:06:08.670732+00:00,206.28152680999983,/api/quotes/latest,0.004057049000039115,400,True
quarkus,2026-10-02T19:06:08.675030+00:00,206.28152680999983,/api/quotes/history,0.004196345000082147,1588,True
quarkus,2026-10-02T19:06:13.678285+00:00,211.29010125499985,/api/quotes/latest,0.0030358330000126443,400,True
quarkus,2026-10-02T19:06:13.680840+00:00,211.29010125499985,/api/quotes/history,0.002504263999981049,1588,True
quarkus,2026-10-02T19:06:18.718681+00:00,216.32952556099985,/api/quotes/latest,0.004007113999932699,400,True
quarkus,2026-10-02T19:06:18.724716+00:00,216.32952556099985,/api/quotes/history,0.005990980999968087,1588,True
quarkus,2026-10-02T19:06:23.750864+00:00,221.36119926399988,/api/quotes/latest,0.00451758899998822,400,True
quarkus,2026-10-02T19:06:23.755845+00:00,221.36119926399988,/api/quotes/history,0.004927162000058161,1588,True
quarkus,2026-10-02T19:06:28.819557+00:00,226.40969085100005,/api/quotes/latest,0.024717655000131344,400,True
quarkus,2026-10-02T19:06:28.823148+00:00,226.40969085100005,/api/quotes/history,0.0035414960000252904,1588,True
quarkus,2026-10-02T19:06:33.844366+00:00,231.4556322609999,/api/quotes/latest,0.0035848069999246945,400,True
quarkus,2026-10-02T19:06:33.848670+00:00,231.4556322609999,/api/quotes/history,0.004256039999972927,1588,True
quarkus,2026-10-02T19:06:38.892646+00:00,236.5031808419999,/api/quotes/latest,0.0043177689999538416,400,True
quarkus,2026-10-02T19:06:38.896054+00:00,236.5031808419999,/api/quotes/history,0.0033519250000608736,1588,True
quarkus,2026-10-02T19:06:43.892585+00:00,241.50318458499987,/api/quotes/latest,0.0042527450000307,400,True
quarkus,2026-10-02T19:06:43.896188+00:00,241.50318458499987,/api/quotes/history,0.0035479759999361704,1987,True
quarkus,2026-10-02T19:06:48.936258+00:00,246.54526024400002,/api/quotes/latest,0.005846643999802836,400,True
quarkus,2026-10-02T19:06:48.941203+00:00,246.54526024400002,/api/quotes/history,0.004891306999979861,1987,True
quarkus,2026-10-02T19:06:53.951385+00:00,251.56239909500005,/api/quotes/latest,0.0038374690000182454,400,True
quarkus,2026-10-02T19:06:53.954809+00:00,251.56239909500005,/api/quotes/history,0.003371131999983845,1987,True
quarkus,2026-10-02T19:06:58.957447+00:00,256.56320599499986,/api/quotes/latest,0.009093716000052154,400,True
quarkus,2026-10-02T19:06:58.967918+00:00,256.56320599499986,/api/quotes/history,0.010421399000051679,1987,True
quarkus,2026-10-02T19:07:03.959694+00:00,261.571015126,/api/quotes/latest,0.0035289049999391864,400,True
quarkus,2026-10-02T19:07:03.965523+00:00,261.571015126,/api/quotes/history,0.005755125999939992,1987,True
quarkus,2026-10-02T19:07:08.983220+00:00,266.5933921819999,/api/quotes/latest,0.0046801269998013595,400,True
quarkus,2026-10-02T19:07:08.986235+00:00,266.5933921819999,/api/quotes/history,0.002955699000040113,1987,True
quarkus,2026-10-02T19:07:14.030486+00:00,271.63986046499986,/api/quotes/latest,0.005476984000097218,400,True
quarkus,2026-10-02T19:07:14.034037+00:00,271.63986046499986,/api/quotes/history,0.00349898900003609,1987,True
quarkus,2026-10-02T19:07:19.072912+00:00,276.684331508,/api/quotes/latest,0.0034327149999171525,400,True
quarkus,2026-10-02T19:07:19.078302+00:00,276.684331508,/api/quotes/history,0.005406128000004173,1987,True
quarkus,2026-10-02T19:07:24.119454+00:00,281.731389565,/api/quotes/latest,0.00291599800016229,400,True
quarkus,2026-10-02T19:07:24.121951+00:00,281.731389565,/api/quotes/history,0.002453316000128325,1987,True
quarkus,2026-10-02T19:07:29.161124+00:00,286.77205839499993,/api/quotes/latest,0.003916640999932497,400,True
quarkus,2026-10-02T19:07:29.168416+00:00,286.77205839499993,/api/quotes/history,0.007238959000005707,1987,True
quarkus,2026-10-02T19:07:34.200327+00:00,291.8123765139999,/api/quotes/latest,0.002800929999921209,400,True
quarkus,2026-10-02T19:07:34.205384+00:00,291.8123765139999,/api/quotes/history,0.005017602999942028,1987,True
quarkus,2026-10-02T19:07:39.251885+00:00,296.8591049889999,/api/quotes/latest,0.007631186000025991,400,True
quarkus,2026-10-02T19:07:39.256491+00:00,296.8591049889999,/api/quotes/history,0.004508293000071717,1987,True
quarkus,2026-10-02T19:07:44.255576+00:00,301.86499541800003,/api/quotes/latest,0.005431664000070668,400,True
quarkus,2026-10-02T19:07:44.258462+00:00,301.86499541800003,/api/quotes/history,0.0028393229999892355,2386,True
quarkus,2026-10-02T19:07:49.260579+00:00,306.87003145899985,/api/quotes/latest,0.005401326999844969,400,True
quarkus,2026-10-02T19:07:49.265532+00:00,306.87003145899985,/api/quotes/history,0.004860750000034386,2386,True
quarkus,2026-10-02T19:07:54.262243+00:00,311.87175969199984,/api/quotes/latest,0.005334914000059143,400,True
quarkus,2026-10-02T19:07:54.268209+00:00,311.87175969199984,/api/quotes/history,0.0059156710001389,2386,True
quarkus,2026-10-02T19:07:59.305594+00:00,316.914686911,/api/quotes/latest,0.005760269000120388,400,True
quarkus,2026-10-02T19:07:59.310400+00:00,316.914686911,/api/quotes/history,0.004749869999841394,2386,True
quarkus,2026-10-02T19:08:04.303445+00:00,321.91491272300004,/api/quotes/latest,0.003383966999990662,400,True
quarkus,2026-10-02T19:08:04.305936+00:00,321.91491272300004,/api/quotes/history,0.0024348040001314075,2386,True
quarkus,2026-10-02T19:08:09.338749+00:00,326.95094098799996,/api/quotes/latest,0.0026587190000100236,400,True
quarkus,2026-10-02T19:08:09.340552+00:00,326.95094098799996,/api/quotes/history,0.0017577690000507573,2386,True
quarkus,2026-10-02T19:08:14.372202+00:00,331.98470373400005,/api/quotes/latest,0.0023488249998990796,400,True
quarkus,2026-10-02T19:08:14.373967+00:00,331.98470373400005,/api/quotes/history,0.0017190580001624767,2386,True
quarkus,2026-10-02T19:08:19.404234+00:00,337.01657653999996,/api/quotes/latest,0.002506989000039539,400,True
quarkus,2026-10-02T19:08:19.405928+00:00,337.01657653999996,/api/quotes/history,0.0016492399997787288,2386,True
quarkus,2026-10-02T19:08:24.439106+00:00,342.0515655659999,/api/quotes/latest,0.002396921000126895,400,True
quarkus,2026-10-02T19:08:24.442237+00:00,342.0515655659999,/api/quotes/history,0.0030891189999238122,2386,True
quarkus,2026-10-02T19:08:29.473062+00:00,347.0855313069999,/api/quotes/latest,0.0023813459999928455,400,True
quarkus,2026-10-02T19:08:29.474810+00:00,347.0855313069999,/api/quotes/history,0.0017042370000126539,2386,True
quarkus,2026-10-02T19:08:34.509491+00:00,352.12099412299995,/api/quotes/latest,0.003348441000071034,400,True
quarkus,2026-10-02T19:08:34.512380+00:00,352.12099412299995,/api/quotes/history,0.0028442279999580933,2386,True
quarkus,2026-10-02T19:08:39.545627+00:00,357.15572023899995,/api/quotes/latest,0.00475824999989527,400,True
quarkus,2026-10-02T19:08:39.549444+00:00,357.15572023899995,/api/quotes/history,0.003774515999793948,2386,True
quarkus,2026-10-02T19:08:44.580483+00:00,362.19272052299993,/api/quotes/latest,0.0026136569999835046,400,True
quarkus,2026-10-02T19:08:44.582874+00:00,362.19272052299993,/api/quotes/history,0.0023411110000779445,2785,True
quarkus,2026-10-02T19:08:49.627577+00:00,367.23979058199984,/api/quotes/latest,0.0026376159999017545,400,True
quarkus,2026-10-02T19:08:49.630697+00:00,367.23979058199984,/api/quotes/history,0.0030751920000966493,2785,True
quarkus,2026-10-02T19:08:54.654090+00:00,372.2660448459999,/api/quotes/latest,0.002895767999916643,400,True
quarkus,2026-10-02T19:08:54.656274+00:00,372.2660448459999,/api/quotes/history,0.00212842299993099,2785,True
quarkus,2026-10-02T19:08:59.681053+00:00,377.29246664599987,/api/quotes/latest,0.0034377910001239798,400,True
quarkus,2026-10-02T19:08:59.683674+00:00,377.29246664599987,/api/quotes/history,0.002508860000034474,2785,True
quarkus,2026-10-02T19:09:04.722312+00:00,382.33445694700004,/api/quotes/latest,0.0027060549998623173,400,True
quarkus,2026-10-02T19:09:04.724828+00:00,382.33445694700004,/api/quotes/history,0.0024701209999875573,2785,True
quarkus,2026-10-02T19:09:09.723233+00:00,387.33490321599993,/api/quotes/latest,0.0031812629999876663,400,True
quarkus,2026-10-02T19:09:09.725833+00:00,387.33490321599993,/api/quotes/history,0.002544652999858954,2785,True
quarkus,2026-10-02T19:09:14.770401+00:00,392.3820494879999,/api/quotes/latest,0.003202614999963771,400,True
quarkus,2026-10-02T19:09:14.774748+00:00,392.3820494879999,/api/quotes/history,0.004294722999929945,2785,True
quarkus,2026-10-02T19:09:19.773666+00:00,397.38467022199984,/api/quotes/latest,0.003846973000008802,400,True
quarkus,2026-10-02T19:09:19.776451+00:00,397.38467022199984,/api/quotes/history,0.00273120400015614,2785,True
quarkus,2026-10-02T19:09:24.822581+00:00,402.43292686199993,/api/quotes/latest,0.004505652000034388,400,True
quarkus,2026-10-02T19:09:24.825008+00:00,402.43292686199993,/api/quotes/history,0.002377909999950134,2785,True
quarkus,2026-10-02T19:09:29.862437+00:00,407.474485854,/api/quotes/latest,0.002801766999937172,400,True
quarkus,2026-10-02T19:09:29.866748+00:00,407.474485854,/api/quotes/history,0.004269684999826495,2785,True
quarkus,2026-10-02T19:09:34.898554+00:00,412.51033002500003,/api/quotes/latest,0.003077365000081045,400,True
quarkus,2026-10-02T19:09:34.901533+00:00,412.51033002500003,/api/quotes/history,0.002871001999892542,2785,True
quarkus,2026-10-02T19:09:39.906836+00:00,417.5168918459999,/api/quotes/latest,0.004794402000015907,400,True
quarkus,2026-10-02T19:09:39.922231+00:00,417.5168918459999,/api/quotes/history,0.015354938999962542,2785,True
quarkus,2026-10-02T19:09:44.941820+00:00,422.550557602,/api/quotes/latest,0.0061132190000989794,400,True
quarkus,2026-10-02T19:09:44.944698+00:00,422.550557602,/api/quotes/history,0.0028294060000462196,3184,True
quarkus,2026-10-02T19:09:45.954054+00:00,423.56584975099986,/api/quotes/latest,0.0030559459999039973,400,True
quarkus,2026-10-02T19:09:45.956153+00:00,423.56584975099986,/api/quotes/history,0.002047143000027063,3184,True
quarkus,2026-10-02T19:09:46.966080+00:00,424.57794846499996,/api/quotes/latest,0.002983750999874246,400,True
quarkus,2026-10-02T19:09:46.968348+00:00,424.57794846499996,/api/quotes/history,0.0021973559998968994,3184,True
quarkus,2026-10-02T19:09:47.980374+00:00,425.5919391959999,/api/quotes/latest,0.003287076000106026,400,True
quarkus,2026-10-02T19:09:47.984337+00:00,425.5919391959999,/api/quotes/history,0.003907376000142904,3184,True
quarkus,2026-10-02T19:09:49.005403+00:00,426.61672574399995,/api/quotes/latest,0.00352709000003415,400,True
quarkus,2026-10-02T19:09:49.007298+00:00,426.61672574399995,/api/quotes/history,0.0018524390000038693,3184,True
quarkus,2026-10-02T19:09:50.016807+00:00,427.62868805799985,/api/quotes/latest,0.002970931000163546,400,True
quarkus,2026-10-02T19:09:50.019134+00:00,427.62868805799985,/api/quotes/history,0.002277345000038622,3184,True
quarkus,2026-10-02T19:09:51.029530+00:00,428.640729555,/api/quotes/latest,0.003653075000102035,400,True
quarkus,2026-10-02T19:09:51.033281+00:00,428.640729555,/api/quotes/history,0.0037107809998815355,3184,True
quarkus,2026-10-02T19:09:52.044422+00:00,429.65411532999997,/api/quotes/latest,0.0051587059999747,400,True
quarkus,2026-10-02T19:09:52.047494+00:00,429.65411532999997,/api/quotes/history,0.0030177070000263484,3184,True
quarkus,2026-10-02T19:09:53.059749+00:00,430.67189581799994,/api/quotes/latest,0.00270430699993085,400,True
quarkus,2026-10-02T19:09:53.061655+00:00,430.67189581799994,/api/quotes/history,0.0018625140000949614,3184,True
quarkus,2026-10-02T19:09:54.085484+00:00,431.697343799,/api/quotes/latest,0.0029908619999332586,400,True
quarkus,2026-10-02T19:09:54.089651+00:00,431.697343799,/api/quotes/history,0.0041267310000421276,3184,True
quarkus,2026-10-02T19:09:55.100829+00:00,432.71138712799984,/api/quotes/latest,0.004295451999951183,400,True
quarkus,2026-10-02T19:09:55.103948+00:00,432.71138712799984,/api/quotes/history,0.0030650149999473797,3184,True
quarkus,2026-10-02T19:09:56.113725+00:00,433.72541406100004,/api/quotes/latest,0.003164289999858738,400,True
quarkus,2026-10-02T19:09:56.116219+00:00,433.72541406100004,/api/quotes/history,0.0024383279999256047,3184,True
quarkus,2026-10-02T19:09:57.126393+00:00,434.7377444619999,/api/quotes/latest,0.0035003670000151033,400,True
quarkus,2026-10-02T19:09:57.129617+00:00,434.7377444619999,/api/quotes/history,0.003164193999964482,3184,True
quarkus,2026-10-02T19:09:58.141475+00:00,435.752341763,/api/quotes/latest,0.003985095999951227,400,True
quarkus,2026-10-02T19:09:58.144036+00:00,435.752341763,/api/quotes/history,0.0025109250000241445,3184,True
quarkus,2026-10-02T19:09:59.154059+00:00,436.76542243799986,/api/quotes/latest,0.003488360999881479,400,True
quarkus,2026-10-02T19:09:59.156653+00:00,436.76542243799986,/api/quotes/history,0.0024933719998898596,3184,True
quarkus,2026-10-02T19:10:00.166661+00:00,437.77768590899996,/api/quotes/latest,0.0038285140001335094,400,True
quarkus,2026-10-02T19:10:00.169215+00:00,437.77768590899996,/api/quotes/history,0.002491403000021819,3184,True
quarkus,2026-10-02T19:10:01.178338+00:00,438.7906718869999,/api/quotes/latest,0.002518320000035601,400,True
quarkus,2026-10-02T19:10:01.180207+00:00,438.7906718869999,/api/quotes/history,0.0018227989999104466,3184,True
quarkus,2026-10-02T19:10:02.191607+00:00,439.80193020799993,/api/quotes/latest,0.0045281770001111,400,True
quarkus,2026-10-02T19:10:02.194694+00:00,439.80193020799993,/api/quotes/history,0.00302847600005407,3184,True
quarkus,2026-10-02T19:10:03.209113+00:00,440.821298352,/api/quotes/latest,0.0026662769998893054,400,True
quarkus,2026-10-02T19:10:03.211552+00:00,440.821298352,/api/quotes/history,0.0024041359999955603,3184,True
quarkus,2026-10-02T19:10:04.221504+00:00,441.833443472,/api/quotes/latest,0.00291185600008248,400,True
quarkus,2026-10-02T19:10:04.224681+00:00,441.833443472,/api/quotes/history,0.003080359000023236,3184,True
quarkus,2026-10-02T19:10:05.234621+00:00,442.8455814659999,/api/quotes/latest,0.0038912449999770615,400,True
quarkus,2026-10-02T19:10:05.237230+00:00,442.8455814659999,/api/quotes/history,0.002552599999944505,3184,True
quarkus,2026-10-02T19:10:06.247043+00:00,443.858560293,/api/quotes/latest,0.0033351609999954235,400,True
quarkus,2026-10-02T19:10:06.249738+00:00,443.858560293,/api/quotes/history,0.002638014000012845,3184,True
quarkus,2026-10-02T19:10:07.260363+00:00,444.87065520099986,/api/quotes/latest,0.004560769999898184,400,True
quarkus,2026-10-02T19:10:07.264096+00:00,444.87065520099986,/api/quotes/history,0.003691805000016757,3184,True
quarkus,2026-10-02T19:10:08.276424+00:00,445.88697807999984,/api/quotes/latest,0.004296989000067697,400,True
quarkus,2026-10-02T19:10:08.279693+00:00,445.88697807999984,/api/quotes/history,0.003214679000166143,3184,True
quarkus,2026-10-02T19:10:09.291831+00:00,446.90183457299986,/api/quotes/latest,0.004862784999886571,400,True
quarkus,2026-10-02T19:10:09.296339+00:00,446.90183457299986,/api/quotes/history,0.004352922999942166,3184,True
quarkus,2026-10-02T19:10:10.313535+00:00,447.92433879400005,/api/quotes/latest,0.00404905499999586,400,True
quarkus,2026-10-02T19:10:10.317479+00:00,447.92433879400005,/api/quotes/history,0.0038940160000038304,3184,True
quarkus,2026-10-02T19:10:11.327940+00:00,448.938832778,/api/quotes/latest,0.003958787000101438,400,True
quarkus,2026-10-02T19:10:11.331623+00:00,448.938832778,/api/quotes/history,0.0036319590001312463,3184,True
quarkus,2026-10-02T19:10:12.341407+00:00,449.95336058299995,/api/quotes/latest,0.00291962300002524,400,True
quarkus,2026-10-02T19:10:12.344179+00:00,449.95336058299995,/api/quotes/history,0.002673438000101669,3184,True
quarkus,2026-10-02T19:10:13.366541+00:00,450.97733488699987,/api/quotes/latest,0.004057420999970418,400,True
quarkus,2026-10-02T19:10:13.369823+00:00,450.97733488699987,/api/quotes/history,0.0032270750000407133,3184,True
quarkus,2026-10-02T19:10:14.380398+00:00,451.99100373399983,/api/quotes/latest,0.004246303999934753,400,True
quarkus,2026-10-02T19:10:14.384642+00:00,451.99100373399983,/api/quotes/history,0.004191554000044562,3184,True
quarkus,2026-10-02T19:10:15.395381+00:00,453.006954901,/api/quotes/latest,0.003278530999978102,400,True
quarkus,2026-10-02T19:10:15.398435+00:00,453.006954901,/api/quotes/history,0.0030028809999294026,3184,True
quarkus,2026-10-02T19:10:16.408361+00:00,454.02043099499997,/api/quotes/latest,0.002783374000046024,400,True
quarkus,2026-10-02T19:10:16.411344+00:00,454.02043099499997,/api/quotes/history,0.0029281520000949968,3184,True
quarkus,2026-10-02T19:10:17.422612+00:00,455.03214902499985,/api/quotes/latest,0.003085927000029187,400,True
quarkus,2026-10-02T19:10:17.424837+00:00,455.03214902499985,/api/quotes/history,0.0021918600000390143,3184,True
quarkus,2026-10-02T19:10:18.434764+00:00,456.0470992339999,/api/quotes/latest,0.0025163329999031703,400,True
quarkus,2026-10-02T19:10:18.436823+00:00,456.0470992339999,/api/quotes/history,0.002009804000181248,3184,True
quarkus,2026-10-02T19:10:19.448342+00:00,457.0594860409999,/api/quotes/latest,0.0037086119998548384,400,True
quarkus,2026-10-02T19:10:19.451800+00:00,457.0594860409999,/api/quotes/history,0.003398371999992378,3184,True
quarkus,2026-10-02T19:10:20.462841+00:00,458.07351854800004,/api/quotes/latest,0.00417590699998982,400,True
quarkus,2026-10-02T19:10:20.467733+00:00,458.07351854800004,/api/quotes/history,0.004834126000105243,3184,True
quarkus,2026-10-02T19:10:21.478256+00:00,459.0898051259999,/api/quotes/latest,0.0033004310000706027,400,True
quarkus,2026-10-02T19:10:21.480692+00:00,459.0898051259999,/api/quotes/history,0.0023844970000936883,3184,True
quarkus,2026-10-02T19:10:22.500932+00:00,460.10959759599996,/api/quotes/latest,0.006185305999906632,400,True
quarkus,2026-10-02T19:10:22.505299+00:00,460.10959759599996,/api/quotes/history,0.004309278999926391,3184,True
quarkus,2026-10-02T19:10:23.516870+00:00,461.12756274899994,/api/quotes/latest,0.004156749000003401,400,True
quarkus,2026-10-02T19:10:23.520444+00:00,461.12756274899994,/api/quotes/history,0.0035181179998744483,3184,True
quarkus,2026-10-02T19:10:24.532462+00:00,462.14242518799983,/api/quotes/latest,0.004889757000000827,400,True
quarkus,2026-10-02T19:10:24.534754+00:00,462.14242518799983,/api/quotes/history,0.002233595999996396,3184,True
quarkus,2026-10-02T19:10:25.545784+00:00,463.15711166999995,/api/quotes/latest,0.0035231990000283986,400,True
quarkus,2026-10-02T19:10:25.550333+00:00,463.15711166999995,/api/quotes/history,0.004499189999933151,3184,True
quarkus,2026-10-02T19:10:26.560137+00:00,464.17207523799993,/api/quotes/latest,0.0029541269998389907,400,True
quarkus,2026-10-02T19:10:26.563250+00:00,464.17207523799993,/api/quotes/history,0.003003897999860783,3184,True
quarkus,2026-10-02T19:10:27.575928+00:00,465.18670247399996,/api/quotes/latest,0.004077450000067984,400,True
quarkus,2026-10-02T19:10:27.578952+00:00,465.18670247399996,/api/quotes/history,0.00295899399998234,3184,True
quarkus,2026-10-02T19:10:28.607837+00:00,466.21813462299997,/api/quotes/latest,0.004554363999886846,400,True
quarkus,2026-10-02T19:10:28.609672+00:00,466.21813462299997,/api/quotes/history,0.0017833939998581627,3184,True
quarkus,2026-10-02T19:10:29.617852+00:00,467.23041904799993,/api/quotes/latest,0.0022851749999972526,400,True
quarkus,2026-10-02T19:10:29.619967+00:00,467.23041904799993,/api/quotes/history,0.002069071000050826,3184,True
quarkus,2026-10-02T19:10:30.628073+00:00,468.240238158,/api/quotes/latest,0.0026889169998867146,400,True
quarkus,2026-10-02T19:10:30.631572+00:00,468.240238158,/api/quotes/history,0.0034495310001148027,3184,True
quarkus,2026-10-02T19:10:31.639121+00:00,469.25186113999985,/api/quotes/latest,0.0021105829998759873,400,True
quarkus,2026-10-02T19:10:31.640750+00:00,469.25186113999985,/api/quotes/history,0.0015871420000621583,3184,True
quarkus,2026-10-02T19:10:32.653137+00:00,470.26580272699994,/api/quotes/latest,0.002185072999964177,400,True
quarkus,2026-10-02T19:10:32.655680+00:00,470.26580272699994,/api/quotes/history,0.002496456000017133,3184,True
quarkus,2026-10-02T19:10:33.663273+00:00,471.2755145179999,/api/quotes/latest,0.002610466999840355,400,True
quarkus,2026-10-02T19:10:33.666247+00:00,471.2755145179999,/api/quotes/history,0.0029315940000742557,3184,True
quarkus,2026-10-02T19:10:34.673401+00:00,472.2861053019999,/api/quotes/latest,0.0021462899999278306,400,True
quarkus,2026-10-02T19:10:34.675031+00:00,472.2861053019999,/api/quotes/history,0.0015862340001149278,3184,True
quarkus,2026-10-02T19:10:35.682793+00:00,473.29486437399987,/api/quotes/latest,0.002778692999982013,400,True
quarkus,2026-10-02T19:10:35.685474+00:00,473.29486437399987,/api/quotes/history,0.0026375269999334705,3184,True
quarkus,2026-10-02T19:10:36.693150+00:00,474.305393697,/api/quotes/latest,0.00260673399998268,400,True
quarkus,2026-10-02T19:10:36.695072+00:00,474.305393697,/api/quotes/history,0.0018778340001972538,3184,True
quarkus,2026-10-02T19:10:37.704429+00:00,475.31708573799983,/api/quotes/latest,0.0021933779999017133,400,True
quarkus,2026-10-02T19:10:37.706223+00:00,475.31708573799983,/api/quotes/history,0.0017427900002076058,3184,True
quarkus,2026-10-02T19:10:38.714461+00:00,476.32603863500003,/api/quotes/latest,0.0032754769999883138,400,True
quarkus,2026-10-02T19:10:38.717302+00:00,476.32603863500003,/api/quotes/history,0.0027959610001744295,3184,True
quarkus,2026-10-02T19:10:39.725696+00:00,477.33788627599984,/api/quotes/latest,0.0026611749999574386,400,True
quarkus,2026-10-02T19:10:39.727700+00:00,477.33788627599984,/api/quotes/history,0.0019596419999743375,3184,True
quarkus,2026-10-02T19:10:40.736059+00:00,478.348487042,/api/quotes/latest,0.0024229250000189495,400,True
quarkus,2026-10-02T19:10:40.739288+00:00,478.348487042,/api/quotes/history,0.003186464000009437,3184,True
quarkus,2026-10-02T19:10:41.752568+00:00,479.362812954,/api/quotes/latest,0.00460652099991421,400,True
quarkus,2026-10-02T19:10:41.755292+00:00,479.362812954,/api/quotes/history,0.002679732000160584,3184,True
quarkus,2026-10-02T19:10:42.760123+00:00,480.37231782899994,/api/quotes/latest,0.0026560680000784487,400,True
quarkus,2026-10-02T19:10:42.764422+00:00,480.37231782899994,/api/quotes/history,0.004259094000190089,3583,True
quarkus,2026-10-02T19:10:43.774346+00:00,481.3842105399999,/api/quotes/latest,0.004986205000022892,400,True
quarkus,2026-10-02T19:10:43.776102+00:00,481.3842105399999,/api/quotes/history,0.0017089299999497598,3583,True
quarkus,2026-10-02T19:10:44.785321+00:00,482.39790483799993,/api/quotes/latest,0.0022660299998733535,400,True
quarkus,2026-10-02T19:10:44.787006+00:00,482.39790483799993,/api/quotes/history,0.0016422190001321724,3583,True
quarkus,2026-10-02T19:10:45.799094+00:00,483.40834223599995,/api/quotes/latest,0.00561216100004458,400,True
quarkus,2026-10-02T19:10:45.803595+00:00,483.40834223599995,/api/quotes/history,0.004442363000180194,3583,True
quarkus,2026-10-02T19:10:46.812006+00:00,484.42445444500004,/api/quotes/latest,0.002402291999942463,400,True
quarkus,2026-10-02T19:10:46.814153+00:00,484.42445444500004,/api/quotes/history,0.0021024699999543373,3583,True
quarkus,2026-10-02T19:10:47.825517+00:00,485.437295126,/api/quotes/latest,0.0030741570001282525,400,True
quarkus,2026-10-02T19:10:47.827493+00:00,485.437295126,/api/quotes/history,0.0019203599999855214,3583,True
quarkus,2026-10-02T19:10:48.838473+00:00,486.4490803849999,/api/quotes/latest,0.004243306000034863,400,True
quarkus,2026-10-02T19:10:48.840530+00:00,486.4490803849999,/api/quotes/history,0.002010802000086187,3583,True
quarkus,2026-10-02T19:10:49.862127+00:00,487.474372269,/api/quotes/latest,0.002606108999998469,400,True
quarkus,2026-10-02T19:10:49.864224+00:00,487.474372269,/api/quotes/history,0.002053072000080647,3583,True
quarkus,2026-10-02T19:10:50.900648+00:00,488.51256227299996,/api/quotes/latest,0.0029394190000857634,400,True
quarkus,2026-10-02T19:10:50.904347+00:00,488.51256227299996,/api/quotes/history,0.003648498000075051,3583,True
quarkus,2026-10-02T19:10:51.913469+00:00,489.52530556099987,/api/quotes/latest,0.00301566199982517,400,True
quarkus,2026-10-02T19:10:51.915782+00:00,489.52530556099987,/api/quotes/history,0.002250887999935003,3583,True
quarkus,2026-10-02T19:10:52.928115+00:00,490.539726579,/api/quotes/latest,0.003240853000079369,400,True
quarkus,2026-10-02T19:10:52.932154+00:00,490.539726579,/api/quotes/history,0.003994306000095094,3583,True
quarkus,2026-10-02T19:10:53.954215+00:00,491.56678278699997,/api/quotes/latest,0.00228265099985947,400,True
quarkus,2026-10-02T19:10:53.955661+00:00,491.56678278699997,/api/quotes/history,0.0014006900000822498,3583,True
quarkus,2026-10-02T19:10:54.963949+00:00,492.57639551700004,/api/quotes/latest,0.0024070779998055514,400,True
quarkus,2026-10-02T19:10:54.966636+00:00,492.57639551700004,/api/quotes/history,0.0025903749999542924,3583,True
quarkus,2026-10-02T19:10:55.975632+00:00,493.587749734,/api/quotes/latest,0.002733665000050678,400,True
quarkus,2026-10-02T19:10:55.977405+00:00,493.587749734,/api/quotes/history,0.0017266620000100374,3583,True
quarkus,2026-10-02T19:10:56.985322+00:00,494.59716431599986,/api/quotes/latest,0.003008801000078165,400,True
quarkus,2026-10-02T19:10:56.987656+00:00,494.59716431599986,/api/quotes/history,0.0022870509999393107,3583,True
quarkus,2026-10-02T19:10:58.004207+00:00,495.6162239309999,/api/quotes/latest,0.002836685999909605,400,True
quarkus,2026-10-02T19:10:58.008638+00:00,495.6162239309999,/api/quotes/history,0.004373562000182574,3583,True
quarkus,2026-10-02T19:10:59.017285+00:00,496.6291096089999,/api/quotes/latest,0.003028192999863677,400,True
quarkus,2026-10-02T19:10:59.019563+00:00,496.6291096089999,/api/quotes/history,0.002221740999857502,3583,True
quarkus,2026-10-02T19:11:00.027554+00:00,497.639957999,/api/quotes/latest,0.002448815000207105,400,True
quarkus,2026-10-02T19:11:00.032393+00:00,497.639957999,/api/quotes/history,0.0047916569999415515,3583,True
quarkus,2026-10-02T19:11:01.042201+00:00,498.6535941069999,/api/quotes/latest,0.0034583080000629707,400,True
quarkus,2026-10-02T19:11:01.044624+00:00,498.6535941069999,/api/quotes/history,0.002357167999889498,3583,True
quarkus,2026-10-02T19:11:02.056645+00:00,499.6663173919999,/api/quotes/latest,0.005178513000146268,400,True
quarkus,2026-10-02T19:11:02.059531+00:00,499.6663173919999,/api/quotes/history,0.0028316939999513124,3583,True
quarkus,2026-10-02T19:11:03.074551+00:00,500.6861622639999,/api/quotes/latest,0.0032409389998520055,400,True
quarkus,2026-10-02T19:11:03.076912+00:00,500.6861622639999,/api/quotes/history,0.0022939899999983027,3583,True
quarkus,2026-10-02T19:11:04.085367+00:00,501.69749406000005,/api/quotes/latest,0.002725272999896333,400,True
quarkus,2026-10-02T19:11:04.087631+00:00,501.69749406000005,/api/quotes/history,0.0022081649999563524,3583,True
quarkus,2026-10-02T19:11:05.097584+00:00,502.70953700799987,/api/quotes/latest,0.0029007910000018455,400,True
quarkus,2026-10-02T19:11:05.099924+00:00,502.70953700799987,/api/quotes/history,0.002278588999843123,3583,True
quarkus,2026-10-02T19:11:06.107406+00:00,503.7198988109999,/api/quotes/latest,0.002359649000027275,400,True
quarkus,2026-10-02T19:11:06.109154+00:00,503.7198988109999,/api/quotes/history,0.0016997529999116523,3583,True
quarkus,2026-10-02T19:11:07.119571+00:00,504.72986794099984,/api/quotes/latest,0.004555234999997992,400,True
quarkus,2026-10-02T19:11:07.121766+00:00,504.72986794099984,/api/quotes/history,0.0021408229999906325,3583,True
quarkus,2026-10-02T19:11:08.133680+00:00,505.74467857699983,/api/quotes/latest,0.0038538779999726103,400,True
quarkus,2026-10-02T19:11:08.137416+00:00,505.74467857699983,/api/quotes/history,0.003679848000047059,3583,True
quarkus,2026-10-02T19:11:09.147404+00:00,506.75929747600003,/api/quotes/latest,0.0029605080001147144,400,True
quarkus,2026-10-02T19:11:09.149871+00:00,506.75929747600003,/api/quotes/history,0.002409805000070264,3583,True
quarkus,2026-10-02T19:11:10.158586+00:00,507.77103381999996,/api/quotes/latest,0.0024032329999954527,400,True
quarkus,2026-10-02T19:11:10.160334+00:00,507.77103381999996,/api/quotes/history,0.0017004699998324213,3583,True
quarkus,2026-10-02T19:11:11.168493+00:00,508.78091848300005,/api/quotes/latest,0.0024259369999981573,400,True
quarkus,2026-10-02T19:11:11.172139+00:00,508.78091848300005,/api/quotes/history,0.00359840000010081,3583,True
quarkus,2026-10-02T19:11:12.179676+00:00,509.79222996299995,/api/quotes/latest,0.002297871000109808,400,True
quarkus,2026-10-02T19:11:12.182156+00:00,509.79222996299995,/api/quotes/history,0.002437350999798582,3583,True
quarkus,2026-10-02T19:11:13.193443+00:00,510.8059669459999,/api/quotes/latest,0.0023264360002031026,400,True
quarkus,2026-10-02T19:11:13.195007+00:00,510.8059669459999,/api/quotes/history,0.001519130000133373,3583,True
quarkus,2026-10-02T19:11:14.202354+00:00,511.815206406,/api/quotes/latest,0.001998555000000124,400,True
quarkus,2026-10-02T19:11:14.204071+00:00,511.815206406,/api/quotes/history,0.00167560499994579,3583,True
quarkus,2026-10-02T19:11:15.211347+00:00,512.8236726979999,/api/quotes/latest,0.0025249749999147753,400,True
quarkus,2026-10-02T19:11:15.213250+00:00,512.8236726979999,/api/quotes/history,0.001862688999835882,3583,True
quarkus,2026-10-02T19:11:16.221265+00:00,513.833567504,/api/quotes/latest,0.0025487069999599044,400,True
quarkus,2026-10-02T19:11:16.223004+00:00,513.833567504,/api/quotes/history,0.0016947789999903762,3583,True
quarkus,2026-10-02T19:11:17.229772+00:00,514.842250767,/api/quotes/latest,0.002374047000103019,400,True
quarkus,2026-10-02T19:11:17.232148+00:00,514.842250767,/api/quotes/history,0.002328410000018266,3583,True
quarkus,2026-10-02T19:11:18.242167+00:00,515.85478827,/api/quotes/latest,0.002250794000019596,400,True
quarkus,2026-10-02T19:11:18.243948+00:00,515.85478827,/api/quotes/history,0.0017112509999606118,3583,True
quarkus,2026-10-02T19:11:19.251658+00:00,516.8641254689999,/api/quotes/latest,0.0023829649999242974,400,True
quarkus,2026-10-02T19:11:19.253139+00:00,516.8641254689999,/api/quotes/history,0.0014203969999471155,3583,True
quarkus,2026-10-02T19:11:20.260353+00:00,517.872772901,/api/quotes/latest,0.002430743999866536,400,True
quarkus,2026-10-02T19:11:20.261902+00:00,517.872772901,/api/quotes/history,0.0015064500000789849,3583,True
quarkus,2026-10-02T19:11:21.269435+00:00,518.8823029999999,/api/quotes/latest,0.0019828720000987232,400,True
quarkus,2026-10-02T19:11:21.271052+00:00,518.8823029999999,/api/quotes/history,0.001570054000012533,3583,True
quarkus,2026-10-02T19:11:22.277841+00:00,519.890624221,/api/quotes/latest,0.0020680520001405966,400,True
quarkus,2026-10-02T19:11:22.280141+00:00,519.890624221,/api/quotes/history,0.0022633739999946556,3583,True
quarkus,2026-10-02T19:11:23.292470+00:00,520.9050293819998,/api/quotes/latest,0.0022929249998924206,400,True
quarkus,2026-10-02T19:11:23.294223+00:00,520.9050293819998,/api/quotes/history,0.0017072739999548503,3583,True
quarkus,2026-10-02T19:11:24.303089+00:00,521.915794387,/api/quotes/latest,0.002145973000097001,400,True
quarkus,2026-10-02T19:11:24.306564+00:00,521.915794387,/api/quotes/history,0.003428923000001305,3583,True
quarkus,2026-10-02T19:11:25.313817+00:00,522.9264256609999,/api/quotes/latest,0.0022434449999764183,400,True
quarkus,2026-10-02T19:11:25.317529+00:00,522.9264256609999,/api/quotes/history,0.003662373999986812,3583,True
quarkus,2026-10-02T19:11:26.324174+00:00,523.9367841789999,/api/quotes/latest,0.002241410999886284,400,True
quarkus,2026-10-02T19:11:26.326533+00:00,523.9367841789999,/api/quotes/history,0.002312945000085165,3583,True
quarkus,2026-10-02T19:11:27.333701+00:00,524.946183902,/api/quotes/latest,0.00236853000001247,400,True
quarkus,2026-10-02T19:11:27.338185+00:00,524.946183902,/api/quotes/history,0.004440125000201078,3583,True
quarkus,2026-10-02T19:11:28.349235+00:00,525.9598380119999,/api/quotes/latest,0.0042497970000567875,400,True
quarkus,2026-10-02T19:11:28.353460+00:00,525.9598380119999,/api/quotes/history,0.004167744999904244,3583,True
quarkus,2026-10-02T19:11:29.362004+00:00,526.973562746,/api/quotes/latest,0.0032917559999532386,400,True
quarkus,2026-10-02T19:11:29.365384+00:00,526.973562746,/api/quotes/history,0.003341528000191829,3583,True
quarkus,2026-10-02T19:11:30.372256+00:00,527.9852167209999,/api/quotes/latest,0.0018892819998654886,400,True
quarkus,2026-10-02T19:11:30.374724+00:00,527.9852167209999,/api/quotes/history,0.002425466000204324,3583,True
quarkus,2026-10-02T19:11:31.382957+00:00,528.995119428,/api/quotes/latest,0.0026897469999767054,400,True
quarkus,2026-10-02T19:11:31.385059+00:00,528.995119428,/api/quotes/history,0.0020944629998211894,3583,True
quarkus,2026-10-02T19:11:32.397078+00:00,530.005309915,/api/quotes/latest,0.0023195430001123896,400,True
quarkus,2026-10-02T19:11:32.399188+00:00,530.005309915,/api/quotes/history,0.0020671729998866795,3583,True
quarkus,2026-10-02T19:11:33.406304+00:00,531.0193079109999,/api/quotes/latest,0.0018471670000508311,400,True
quarkus,2026-10-02T19:11:33.407744+00:00,531.0193079109999,/api/quotes/history,0.0013953850000234524,3583,True
quarkus,2026-10-02T19:11:34.415172+00:00,532.0275882199999,/api/quotes/latest,0.0024347329999727663,400,True
quarkus,2026-10-02T19:11:34.416871+00:00,532.0275882199999,/api/quotes/history,0.001652617999980066,3583,True
quarkus,2026-10-02T19:11:35.424524+00:00,533.037297498,/api/quotes/latest,0.002077427999893189,400,True
quarkus,2026-10-02T19:11:35.427412+00:00,533.037297498,/api/quotes/history,0.0028246120000403607,3583,True
quarkus,2026-10-02T19:11:36.434500+00:00,534.0469432,/api/quotes/latest,0.002408300000070085,400,True
quarkus,2026-10-02T19:11:36.436392+00:00,534.0469432,/api/quotes/history,0.0018467790000613604,3583,True
quarkus,2026-10-02T19:11:37.445666+00:00,535.058241555,/api/quotes/latest,0.0022752439999749186,400,True
quarkus,2026-10-02T19:11:37.448714+00:00,535.058241555,/api/quotes/history,0.003009321000035925,3583,True
quarkus,2026-10-02T19:11:38.456392+00:00,536.0687830689999,/api/quotes/latest,0.0024623540000447974,400,True
quarkus,2026-10-02T19:11:38.458605+00:00,536.0687830689999,/api/quotes/history,0.0021609149998766952,3583,True
quarkus,2026-10-02T19:11:39.466589+00:00,537.079077593,/api/quotes/latest,0.002361691999794857,400,True
quarkus,2026-10-02T19:11:39.469582+00:00,537.079077593,/api/quotes/history,0.0029526050000185933,3583,True
quarkus,2026-10-02T19:11:40.504743+00:00,538.117172583,/api/quotes/latest,0.0024210920000768965,400,True
quarkus,2026-10-02T19:11:40.506479+00:00,538.117172583,/api/quotes/history,0.0016491779999796563,3583,True
quarkus,2026-10-02T19:11:41.515971+00:00,539.1282114779999,/api/quotes/latest,0.002613538000105109,400,True
quarkus,2026-10-02T19:11:41.518288+00:00,539.1282114779999,/api/quotes/history,0.002257930000041597,3583,True
quarkus,2026-10-02T19:11:42.534347+00:00,540.1460095339999,/api/quotes/latest,0.0031895720001102745,400,True
quarkus,2026-10-02T19:11:42.537666+00:00,540.1460095339999,/api/quotes/history,0.0032637619999604794,3982,True
quarkus,2026-10-02T19:11:43.549188+00:00,541.1607010579999,/api/quotes/latest,0.003341487999932724,400,True
quarkus,2026-10-02T19:11:43.551475+00:00,541.1607010579999,/api/quotes/history,0.0022274819998528983,3982,True
quarkus,2026-10-02T19:11:44.559494+00:00,542.1722278969999,/api/quotes/latest,0.002117147999797453,400,True
quarkus,2026-10-02T19:11:44.561281+00:00,542.1722278969999,/api/quotes/history,0.0017433769999115611,3982,True
quarkus,2026-10-02T19:11:45.571475+00:00,543.1823773039998,/api/quotes/latest,0.003950258000031681,400,True
quarkus,2026-10-02T19:11:45.573509+00:00,543.1823773039998,/api/quotes/history,0.0019809590000932076,3982,True
quarkus,2026-10-02T19:11:46.626621+00:00,544.198558451,/api/quotes/latest,0.04291363399988768,400,True
quarkus,2026-10-02T19:11:46.628527+00:00,544.198558451,/api/quotes/history,0.0018608320001476386,3982,True
quarkus,2026-10-02T19:11:47.604250+00:00,545.2157359389998,/api/quotes/latest,0.0033679619998565613,400,True
quarkus,2026-10-02T19:11:47.606500+00:00,545.2157359389998,/api/quotes/history,0.0021850799998901493,3982,True
quarkus,2026-10-02T19:11:48.614558+00:00,546.2270107019999,/api/quotes/latest,0.002399915000069086,400,True
quarkus,2026-10-02T19:11:48.616189+00:00,546.2270107019999,/api/quotes/history,0.0015818189999663446,3982,True
quarkus,2026-10-02T19:11:49.625115+00:00,547.2372427779999,/api/quotes/latest,0.00273088199992344,400,True
quarkus,2026-10-02T19:11:49.626893+00:00,547.2372427779999,/api/quotes/history,0.00166014899991751,3982,True
quarkus,2026-10-02T19:11:50.656499+00:00,548.2688601539999,/api/quotes/latest,0.0024910649999583256,400,True
quarkus,2026-10-02T19:11:50.658242+00:00,548.2688601539999,/api/quotes/history,0.001694047999990289,3982,True
quarkus,2026-10-02T19:11:51.667275+00:00,549.279344069,/api/quotes/latest,0.0027830090000406926,400,True
quarkus,2026-10-02T19:11:51.669519+00:00,549.279344069,/api/quotes/history,0.0021786939998946764,3982,True
quarkus,2026-10-02T19:11:52.683819+00:00,550.295765863,/api/quotes/latest,0.0029056019998279226,400,True
quarkus,2026-10-02T19:11:52.685969+00:00,550.295765863,/api/quotes/history,0.002092654000080074,3982,True
quarkus,2026-10-02T19:11:53.694150+00:00,551.306824496,/api/quotes/latest,0.0021759969999948225,400,True
quarkus,2026-10-02T19:11:53.695996+00:00,551.306824496,/api/quotes/history,0.0017906680000123743,3982,True
quarkus,2026-10-02T19:11:54.732896+00:00,552.3451434449998,/api/quotes/latest,0.002604598000061742,400,True
quarkus,2026-10-02T19:11:54.735041+00:00,552.3451434449998,/api/quotes/history,0.0020875430000160122,3982,True
quarkus,2026-10-02T19:11:55.743125+00:00,553.3559707039999,/api/quotes/latest,0.0020054680001067027,400,True
quarkus,2026-10-02T19:11:55.744665+00:00,553.3559707039999,/api/quotes/history,0.0014978530000462342,3982,True
quarkus,2026-10-02T19:11:56.756553+00:00,554.368354297,/api/quotes/latest,0.003052609999940614,400,True
quarkus,2026-10-02T19:11:56.759018+00:00,554.368354297,/api/quotes/history,0.002392329000031168,3982,True
quarkus,2026-10-02T19:11:57.770587+00:00,555.3831300249999,/api/quotes/latest,0.002308969000068828,400,True
quarkus,2026-10-02T19:11:57.773384+00:00,555.3831300249999,/api/quotes/history,0.0027458179999939603,3982,True
quarkus,2026-10-02T19:11:58.783421+00:00,556.3950324799998,/api/quotes/latest,0.003242820000195934,400,True
quarkus,2026-10-02T19:11:58.785442+00:00,556.3950324799998,/api/quotes/history,0.0019621530000222265,3982,True
quarkus,2026-10-02T19:11:59.794699+00:00,557.4062339319999,/api/quotes/latest,0.003324612000142224,400,True
quarkus,2026-10-02T19:11:59.798635+00:00,557.4062339319999,/api/quotes/history,0.003878034000081243,3982,True
quarkus,2026-10-02T19:12:00.808923+00:00,558.419855143,/api/quotes/latest,0.00392149000003883,400,True
quarkus,2026-10-02T19:12:00.811386+00:00,558.419855143,/api/quotes/history,0.0023204919998534024,3982,True
quarkus,2026-10-02T19:12:01.820281+00:00,559.432643312,/api/quotes/latest,0.002493811000022106,400,True
quarkus,2026-10-02T19:12:01.822481+00:00,559.432643312,/api/quotes/history,0.0021315829999366542,3982,True
quarkus,2026-10-02T19:12:02.866581+00:00,560.4787335459998,/api/quotes/latest,0.002699895999967339,400,True
quarkus,2026-10-02T19:12:02.868735+00:00,560.4787335459998,/api/quotes/history,0.002097992000017257,3982,True
quarkus,2026-10-02T19:12:03.881190+00:00,561.4937915149999,/api/quotes/latest,0.0022522330000356305,400,True
quarkus,2026-10-02T19:12:03.883303+00:00,561.4937915149999,/api/quotes/history,0.0020604809999440477,3982,True
quarkus,2026-10-02T19:12:04.894421+00:00,562.504922717,/api/quotes/latest,0.004351058000111152,400,True
quarkus,2026-10-02T19:12:04.899522+00:00,562.504922717,/api/quotes/history,0.005033215999901586,3982,True
quarkus,2026-10-02T19:12:05.908192+00:00,563.5203191,/api/quotes/latest,0.0027232290001393267,400,True
quarkus,2026-10-02T19:12:05.911129+00:00,563.5203191,/api/quotes/history,0.002887688999862803,3982,True
quarkus,2026-10-02T19:12:06.919680+00:00,564.5321157989999,/api/quotes/latest,0.002416220999975849,400,True
quarkus,2026-10-02T19:12:06.922463+00:00,564.5321157989999,/api/quotes/history,0.0027328630001193233,3982,True
quarkus,2026-10-02T19:12:07.934887+00:00,565.5471376619998,/api/quotes/latest,0.002601947999892218,400,True
quarkus,2026-10-02T19:12:07.937386+00:00,565.5471376619998,/api/quotes/history,0.002443845000016154,3982,True
quarkus,2026-10-02T19:12:08.946564+00:00,566.5588408369999,/api/quotes/latest,0.002610342000025412,400,True
quarkus,2026-10-02T19:12:08.949884+00:00,566.5588408369999,/api/quotes/history,0.0032359550000364834,3982,True
quarkus,2026-10-02T19:12:09.959141+00:00,567.5713384549999,/api/quotes/latest,0.0026477940000404487,400,True
quarkus,2026-10-02T19:12:09.961339+00:00,567.5713384549999,/api/quotes/history,0.0021454520001498167,3982,True
quarkus,2026-10-02T19:12:10.969783+00:00,568.5820040829999,/api/quotes/latest,0.0026308649999009504,400,True
quarkus,2026-10-02T19:12:10.971584+00:00,568.5820040829999,/api/quotes/history,0.0017500709998330422,3982,True
quarkus,2026-10-02T19:12:11.982057+00:00,569.593946191,/api/quotes/latest,0.0029624920000514976,400,True
quarkus,2026-10-02T19:12:11.984042+00:00,569.593946191,/api/quotes/history,0.0019324379998124641,3982,True
quarkus,2026-10-02T19:12:12.996716+00:00,570.6089440849998,/api/quotes/latest,0.0026267560001542734,400,True
quarkus,2026-10-02T19:12:13.000428+00:00,570.6089440849998,/api/quotes/history,0.003654181999991124,3982,True
quarkus,2026-10-02T19:12:14.010281+00:00,571.621633966,/api/quotes/latest,0.0034988279999197403,400,True
quarkus,2026-10-02T19:12:14.014480+00:00,571.621633966,/api/quotes/history,0.0041342140000324434,3982,True
quarkus,2026-10-02T19:12:15.024235+00:00,572.636077396,/api/quotes/latest,0.0030094839999037504,400,True
quarkus,2026-10-02T19:12:15.027467+00:00,572.636077396,/api/quotes/history,0.003177224999944883,3982,True
quarkus,2026-10-02T19:12:16.037895+00:00,573.6500984509998,/api/quotes/latest,0.002647743000125047,400,True
quarkus,2026-10-02T19:12:16.041834+00:00,573.6500984509998,/api/quotes/history,0.003897482999946078,3982,True
quarkus,2026-10-02T19:12:17.052956+00:00,574.6647500249999,/api/quotes/latest,0.003056475999983377,400,True
quarkus,2026-10-02T19:12:17.054701+00:00,574.6647500249999,/api/quotes/history,0.0016920069999741827,3982,True
quarkus,2026-10-02T19:12:18.067559+00:00,575.6800641909999,/api/quotes/latest,0.002347640999914802,400,True
quarkus,2026-10-02T19:12:18.071469+00:00,575.6800641909999,/api/quotes/history,0.003856632999941212,3982,True
quarkus,2026-10-02T19:12:19.082248+00:00,576.6938640189999,/api/quotes/latest,0.0032389180000791384,400,True
quarkus,2026-10-02T19:12:19.084748+00:00,576.6938640189999,/api/quotes/history,0.0024180590000923985,3982,True
quarkus,2026-10-02T19:12:20.095580+00:00,577.7074251899999,/api/quotes/latest,0.003008642999930089,400,True
quarkus,2026-10-02T19:12:20.097864+00:00,577.7074251899999,/api/quotes/history,0.0022206640001058986,3982,True
quarkus,2026-10-02T19:12:21.107384+00:00,578.7196366129999,/api/quotes/latest,0.0026392490001398983,400,True
quarkus,2026-10-02T19:12:21.109078+00:00,578.7196366129999,/api/quotes/history,0.0015908990001207712,3982,True
quarkus,2026-10-02T19:12:22.118349+00:00,579.7306891149999,/api/quotes/latest,0.0025131669999609585,400,True
quarkus,2026-10-02T19:12:22.120214+00:00,579.7306891149999,/api/quotes/history,0.0018082470000990725,3982,True
quarkus,2026-10-02T19:12:23.137910+00:00,580.749478537,/api/quotes/latest,0.0032869599999685306,400,True
quarkus,2026-10-02T19:12:23.139790+00:00,580.749478537,/api/quotes/history,0.0017938690000391944,3982,True
quarkus,2026-10-02T19:12:24.150360+00:00,581.7621647149999,/api/quotes/latest,0.003049486000008983,400,True
quarkus,2026-10-02T19:12:24.152465+00:00,581.7621647149999,/api/quotes/history,0.0020369360001950554,3982,True
quarkus,2026-10-02T19:12:25.163094+00:00,582.7749219519999,/api/quotes/latest,0.0030239340001116943,400,True
quarkus,2026-10-02T19:12:25.165087+00:00,582.7749219519999,/api/quotes/history,0.0019370019999769283,3982,True
quarkus,2026-10-02T19:12:26.175254+00:00,583.787119351,/api/quotes/latest,0.0029875939999328693,400,True
quarkus,2026-10-02T19:12:26.178296+00:00,583.787119351,/api/quotes/history,0.0030175189999681606,3982,True
quarkus,2026-10-02T19:12:27.188257+00:00,584.799818594,/api/quotes/latest,0.00328939599990008,400,True
quarkus,2026-10-02T19:12:27.190199+00:00,584.799818594,/api/quotes/history,0.0018931540000721725,3982,True
quarkus,2026-10-02T19:12:28.202323+00:00,585.814644373,/api/quotes/latest,0.0025304359999154258,400,True
quarkus,2026-10-02T19:12:28.204017+00:00,585.814644373,/api/quotes/history,0.0016418059999523393,3982,True
quarkus,2026-10-02T19:12:29.214505+00:00,586.826288319,/api/quotes/latest,0.0030691909998949995,400,True
quarkus,2026-10-02T19:12:29.216611+00:00,586.826288319,/api/quotes/history,0.002049673000101393,3982,True
quarkus,2026-10-02T19:12:30.225345+00:00,587.8374796109999,/api/quotes/latest,0.0027187900000171794,400,True
quarkus,2026-10-02T19:12:30.228379+00:00,587.8374796109999,/api/quotes/history,0.0029781709999952,3982,True
quarkus,2026-10-02T19:12:31.248040+00:00,588.85981425,/api/quotes/latest,0.0030804320001607266,400,True
quarkus,2026-10-02T19:12:31.250663+00:00,588.85981425,/api/quotes/history,0.002479215999983353,3982,True
quarkus,2026-10-02T19:12:32.258886+00:00,589.8716855379998,/api/quotes/latest,0.0020500920002177736,400,True
quarkus,2026-10-02T19:12:32.260324+00:00,589.8716855379998,/api/quotes/history,0.0013925149999067798,3982,True
quarkus,2026-10-02T19:12:33.276679+00:00,590.8885720359999,/api/quotes/latest,0.0029586949999611534,400,True
quarkus,2026-10-02T19:12:33.278933+00:00,590.8885720359999,/api/quotes/history,0.002198461000034513,3982,True
quarkus,2026-10-02T19:12:34.290001+00:00,591.900620571,/api/quotes/latest,0.0042317820000334905,400,True
quarkus,2026-10-02T19:12:34.291956+00:00,591.900620571,/api/quotes/history,0.0018987430000834138,3982,True
quarkus,2026-10-02T19:12:35.301956+00:00,592.913626664,/api/quotes/latest,0.0031806829999823094,400,True
quarkus,2026-10-02T19:12:35.305360+00:00,592.913626664,/api/quotes/history,0.003348369999912393,3982,True
quarkus,2026-10-02T19:12:36.315920+00:00,593.9275473389998,/api/quotes/latest,0.0032250980000299023,400,True
quarkus,2026-10-02T19:12:36.318868+00:00,593.9275473389998,/api/quotes/history,0.002844079999931637,3982,True
quarkus,2026-10-02T19:12:37.358143+00:00,594.9697391989998,/api/quotes/latest,0.003254497999932937,400,True
quarkus,2026-10-02T19:12:37.360032+00:00,594.9697391989998,/api/quotes/history,0.0018331900000703172,3982,True
quarkus,2026-10-02T19:12:38.373063+00:00,595.9849076149999,/api/quotes/latest,0.003006827000035628,400,True
quarkus,2026-10-02T19:12:38.375055+00:00,595.9849076149999,/api/quotes/history,0.0019380670000828104,3982,True
quarkus,2026-10-02T19:12:39.385948+00:00,596.9981619949999,/api/quotes/latest,0.0026382339999599935,400,True
quarkus,2026-10-02T19:12:39.387768+00:00,596.9981619949999,/api/quotes/history,0.001765943000009429,3982,True
quarkus,2026-10-02T19:12:40.410269+00:00,598.0226028449999,/api/quotes/latest,0.0025195719999828725,400,True
quarkus,2026-10-02T19:12:40.412156+00:00,598.0226028449999,/api/quotes/history,0.0018294599999535421,3982,True
quarkus,2026-10-02T19:12:41.420505+00:00,599.0331526489999,/api/quotes/latest,0.0022034460000668332,400,True
quarkus,2026-10-02T19:12:41.422828+00:00,599.0331526489999,/api/quotes/history,0.0022750969999378867,3982,True
quarkus,2026-10-02T19:12:42.437324+00:00,600.044320233,/api/quotes/latest,0.002255007999792724,400,True
quarkus,2026-10-02T19:12:42.439126+00:00,600.044320233,/api/quotes/history,0.0017669889998614963,4381,True
quarkus,2026-10-02T19:12:47.474061+00:00,605.086950957,/api/quotes/latest,0.0019619800000327814,400,True
quarkus,2026-10-02T19:12:47.475784+00:00,605.086950957,/api/quotes/history,0.0016189140001188207,4381,True
quarkus,2026-10-02T19:12:52.516064+00:00,610.127743367,/api/quotes/latest,0.003168342999970264,400,True
quarkus,2026-10-02T19:12:52.518046+00:00,610.127743367,/api/quotes/history,0.0019629060000170284,4381,True
quarkus,2026-10-02T19:12:57.554674+00:00,615.1669098129998,/api/quotes/latest,0.0026469580000139104,400,True
quarkus,2026-10-02T19:12:57.557273+00:00,615.1669098129998,/api/quotes/history,0.00251025599982313,4381,True
quarkus,2026-10-02T19:13:02.573395+00:00,620.1860775149999,/api/quotes/latest,0.0021722999999838066,400,True
quarkus,2026-10-02T19:13:02.575705+00:00,620.1860775149999,/api/quotes/history,0.002265413000031913,4381,True
quarkus,2026-10-02T19:13:07.615587+00:00,625.226895405,/api/quotes/latest,0.0035669310000230325,400,True
quarkus,2026-10-02T19:13:07.617459+00:00,625.226895405,/api/quotes/history,0.0017803139999159612,4381,True
quarkus,2026-10-02T19:13:12.659667+00:00,630.2720836829999,/api/quotes/latest,0.0024358009998195485,400,True
quarkus,2026-10-02T19:13:12.661409+00:00,630.2720836829999,/api/quotes/history,0.0016881550000107381,4381,True
quarkus,2026-10-02T19:13:17.697294+00:00,635.309211923,/api/quotes/latest,0.002932998000005682,400,True
quarkus,2026-10-02T19:13:17.699410+00:00,635.309211923,/api/quotes/history,0.0020629850000659644,4381,True
quarkus,2026-10-02T19:13:22.739930+00:00,640.352662091,/api/quotes/latest,0.002119206000088525,400,True
quarkus,2026-10-02T19:13:22.741447+00:00,640.352662091,/api/quotes/history,0.0014575049999621115,4381,True
quarkus,2026-10-02T19:13:27.780737+00:00,645.3936397939999,/api/quotes/latest,0.0019486470000629197,400,True
quarkus,2026-10-02T19:13:27.782258+00:00,645.3936397939999,/api/quotes/history,0.0014734270000644756,4381,True
quarkus,2026-10-02T19:13:32.812934+00:00,650.424840399,/api/quotes/latest,0.0029454650000388938,400,True
quarkus,2026-10-02T19:13:32.815933+00:00,650.424840399,/api/quotes/history,0.002925717999914923,4381,True
quarkus,2026-10-02T19:13:37.851322+00:00,655.4639999819999,/api/quotes/latest,0.00217420899980425,400,True
quarkus,2026-10-02T19:13:37.853247+00:00,655.4639999819999,/api/quotes/history,0.001870721999921443,4381,True
quarkus,2026-10-02T19:13:42.900870+00:00,660.512932932,/api/quotes/latest,0.002790729000025749,400,True
quarkus,2026-10-02T19:13:42.902772+00:00,660.512932932,/api/quotes/history,0.00184407699998701,4780,True
quarkus,2026-10-02T19:13:47.912442+00:00,665.5245941859998,/api/quotes/latest,0.0027020009999887407,400,True
quarkus,2026-10-02T19:13:47.915248+00:00,665.5245941859998,/api/quotes/history,0.002748021000115841,4780,True
quarkus,2026-10-02T19:13:52.924857+00:00,670.5365075309999,/api/quotes/latest,0.003201018000027034,400,True
quarkus,2026-10-02T19:13:52.926343+00:00,670.5365075309999,/api/quotes/history,0.0014372620000813185,4780,True
quarkus,2026-10-02T19:13:57.966950+00:00,675.5796137729999,/api/quotes/latest,0.0021867650000331196,400,True
quarkus,2026-10-02T19:13:57.968559+00:00,675.5796137729999,/api/quotes/history,0.0015214110001124936,4780,True
quarkus,2026-10-02T19:14:03.005365+00:00,680.6183218249998,/api/quotes/latest,0.0018938370001251315,400,True
quarkus,2026-10-02T19:14:03.006745+00:00,680.6183218249998,/api/quotes/history,0.0013311199998042866,4780,True
quarkus,2026-10-02T19:14:08.041976+00:00,685.654511724,/api/quotes/latest,0.002316540000038003,400,True
quarkus,2026-10-02T19:14:08.043935+00:00,685.654511724,/api/quotes/history,0.0018312530000912375,4780,True
quarkus,2026-10-02T19:14:13.057387+00:00,690.6699523049999,/api/quotes/latest,0.002284630999838555,400,True
quarkus,2026-10-02T19:14:13.058969+00:00,690.6699523049999,/api/quotes/history,0.001533359999939421,4780,True
quarkus,2026-10-02T19:14:18.073911+00:00,695.686519938,/api/quotes/latest,0.002243293999981688,400,True
quarkus,2026-10-02T19:14:18.075694+00:00,695.686519938,/api/quotes/history,0.0016898210001272673,4780,True
quarkus,2026-10-02T19:14:23.109527+00:00,700.722580743,/api/quotes/latest,0.0017945609999969747,400,True
quarkus,2026-10-02T19:14:23.110820+00:00,700.722580743,/api/quotes/history,0.0012540000000171858,4780,True
quarkus,2026-10-02T19:14:28.143081+00:00,705.7554570899999,/api/quotes/latest,0.0024778149997928267,400,True
quarkus,2026-10-02T19:14:28.147020+00:00,705.7554570899999,/api/quotes/history,0.0038938420000249607,4780,True
quarkus,2026-10-02T19:14:33.150622+00:00,710.763476311,/api/quotes/latest,0.001997949000042354,400,True
quarkus,2026-10-02T19:14:33.152171+00:00,710.763476311,/api/quotes/history,0.0015015760000096634,4780,True
quarkus,2026-10-02T19:14:38.192056+00:00,715.8045788939999,/api/quotes/latest,0.0024034839998421376,400,True
quarkus,2026-10-02T19:14:38.193867+00:00,715.8045788939999,/api/quotes/history,0.0016774960001839645,4780,True
quarkus,2026-10-02T19:14:43.204667+00:00,720.8173290709999,/api/quotes/latest,0.0021892210002079082,400,True
quarkus,2026-10-02T19:14:43.206917+00:00,720.8173290709999,/api/quotes/history,0.0021410370000012335,5179,True
quarkus,2026-10-02T19:14:48.226539+00:00,725.839501923,/api/quotes/latest,0.001887883000108559,400,True
quarkus,2026-10-02T19:14:48.227981+00:00,725.839501923,/api/quotes/history,0.001396603000102914,5179,True
quarkus,2026-10-02T19:14:53.275783+00:00,730.887726858,/api/quotes/latest,0.0029068619999179646,400,True
quarkus,2026-10-02T19:14:53.278454+00:00,730.887726858,/api/quotes/history,0.002617224999994505,5179,True
quarkus,2026-10-02T19:14:58.325254+00:00,735.9366060749999,/api/quotes/latest,0.003495981000014581,400,True
quarkus,2026-10-02T19:14:58.327251+00:00,735.9366060749999,/api/quotes/history,0.0019304590000501776,5179,True
quarkus,2026-10-02T19:15:03.366111+00:00,740.978804951,/api/quotes/latest,0.0021593070000562875,400,True
quarkus,2026-10-02T19:15:03.367976+00:00,740.978804951,/api/quotes/history,0.0018214780000107567,5179,True
quarkus,2026-10-02T19:15:08.387162+00:00,745.999968931,/api/quotes/latest,0.0020456120000744704,400,True
quarkus,2026-10-02T19:15:08.390718+00:00,745.999968931,/api/quotes/history,0.0035128549998262315,5179,True
quarkus,2026-10-02T19:15:13.433261+00:00,751.0453365569999,/api/quotes/latest,0.0027770299998337578,400,True
quarkus,2026-10-02T19:15:13.435382+00:00,751.0453365569999,/api/quotes/history,0.002065654000034556,5179,True
quarkus,2026-10-02T19:15:18.469297+00:00,756.0818634309999,/api/quotes/latest,0.0022872270001244033,400,True
quarkus,2026-10-02T19:15:18.471765+00:00,756.0818634309999,/api/quotes/history,0.0023712659999546304,5179,True
quarkus,2026-10-02T19:15:23.474001+00:00,761.08674729,/api/quotes/latest,0.002106056999991779,400,True
quarkus,2026-10-02T19:15:23.475367+00:00,761.08674729,/api/quotes/history,0.0013189379999403172,5179,True
quarkus,2026-10-02T19:15:28.483611+00:00,766.096497385,/api/quotes/latest,0.0019652299999961542,400,True
quarkus,2026-10-02T19:15:28.485381+00:00,766.096497385,/api/quotes/history,0.0017266930001369474,5179,True
quarkus,2026-10-02T19:15:33.524678+00:00,771.137012102,/api/quotes/latest,0.00251865999985057,400,True
quarkus,2026-10-02T19:15:33.526456+00:00,771.137012102,/api/quotes/history,0.0017222280000623869,5179,True
quarkus,2026-10-02T19:15:38.534206+00:00,776.1469073419998,/api/quotes/latest,0.002150272000108089,400,True
quarkus,2026-10-02T19:15:38.535771+00:00,776.1469073419998,/api/quotes/history,0.001506353999957355,5179,True
quarkus,2026-10-02T19:15:43.575771+00:00,781.1876677129999,/api/quotes/latest,0.0029535379999288125,400,True
quarkus,2026-10-02T19:15:43.577326+00:00,781.1876677129999,/api/quotes/history,0.0015104279998467973,5578,True
quarkus,2026-10-02T19:15:48.595144+00:00,786.207437151,/api/quotes/latest,0.0025591359999452834,400,True
quarkus,2026-10-02T19:15:48.597403+00:00,786.207437151,/api/quotes/history,0.0022033810000721132,5578,True
quarkus,2026-10-02T19:15:53.639018+00:00,791.250904727,/api/quotes/latest,0.003015947000221786,400,True
quarkus,2026-10-02T19:15:53.641024+00:00,791.250904727,/api/quotes/history,0.001896173999966777,5578,True
quarkus,2026-10-02T19:15:58.685308+00:00,796.2976618799999,/api/quotes/latest,0.00249954799983243,400,True
quarkus,2026-10-02T19:15:58.687173+00:00,796.2976618799999,/api/quotes/history,0.001805530999945404,5578,True
quarkus,2026-10-02T19:16:03.726721+00:00,801.3391087699999,/api/quotes/latest,0.0024657769999976153,400,True
quarkus,2026-10-02T19:16:03.729500+00:00,801.3391087699999,/api/quotes/history,0.0027439919999778795,5578,True
quarkus,2026-10-02T19:16:08.748335+00:00,806.3610962509999,/api/quotes/latest,0.002091060000111611,400,True
quarkus,2026-10-02T19:16:08.749690+00:00,806.3610962509999,/api/quotes/history,0.0013065030000234401,5578,True
quarkus,2026-10-02T19:16:13.751327+00:00,811.3642224139999,/api/quotes/latest,0.001955790000010893,400,True
quarkus,2026-10-02T19:16:13.753571+00:00,811.3642224139999,/api/quotes/history,0.0022039719999611407,5578,True
quarkus,2026-10-02T19:16:18.792983+00:00,816.403959471,/api/quotes/latest,0.0038752699999804463,400,True
quarkus,2026-10-02T19:16:18.794472+00:00,816.403959471,/api/quotes/history,0.0014393260000815644,5578,True
quarkus,2026-10-02T19:16:23.839228+00:00,821.4522371999999,/api/quotes/latest,0.0018413450000025477,400,True
quarkus,2026-10-02T19:16:23.840692+00:00,821.4522371999999,/api/quotes/history,0.0014182639999944513,5578,True
quarkus,2026-10-02T19:16:28.882158+00:00,826.494611824,/api/quotes/latest,0.002400119999947492,400,True
quarkus,2026-10-02T19:16:28.883843+00:00,826.494611824,/api/quotes/history,0.0016275869998025883,5578,True
quarkus,2026-10-02T19:16:33.888473+00:00,831.5011780699999,/api/quotes/latest,0.0021458060000441037,400,True
quarkus,2026-10-02T19:16:33.889942+00:00,831.5011780699999,/api/quotes/history,0.0014282360000379413,5578,True
quarkus,2026-10-02T19:16:38.937414+00:00,836.550182881,/api/quotes/latest,0.0020821359998990374,400,True
quarkus,2026-10-02T19:16:38.939094+00:00,836.550182881,/api/quotes/history,0.0016324840000834229,5578,True
quarkus,2026-10-02T19:16:43.945363+00:00,841.557445827,/api/quotes/latest,0.0027688620000390074,400,True
quarkus,2026-10-02T19:16:43.947345+00:00,841.557445827,/api/quotes/history,0.0019281500001397944,5977,True
quarkus,2026-10-02T19:16:48.946788+00:00,846.559613222,/api/quotes/latest,0.0020265870000457653,400,True
quarkus,2026-10-02T19:16:48.948437+00:00,846.559613222,/api/quotes/history,0.0016038449998632132,5977,True
quarkus,2026-10-02T19:16:53.980318+00:00,851.5931359459998,/api/quotes/latest,0.002033904999962033,400,True
quarkus,2026-10-02T19:16:53.983318+00:00,851.5931359459998,/api/quotes/history,0.0029525760000979062,5977,True
quarkus,2026-10-02T19:16:59.015608+00:00,856.6262819889998,/api/quotes/latest,0.004177948000005927,400,True
quarkus,2026-10-02T19:16:59.018313+00:00,856.6262819889998,/api/quotes/history,0.0026577549999728944,5977,True
quarkus,2026-10-02T19:17:04.053616+00:00,861.666577746,/api/quotes/latest,0.0018898690000241913,400,True
quarkus,2026-10-02T19:17:04.056470+00:00,861.666577746,/api/quotes/history,0.0027924379999149096,5977,True
quarkus,2026-10-02T19:17:09.086441+00:00,866.699172111,/api/quotes/latest,0.0021200669998506783,400,True
quarkus,2026-10-02T19:17:09.087730+00:00,866.699172111,/api/quotes/history,0.0012436489998890465,5977,True
quarkus,2026-10-02T19:17:14.122474+00:00,871.735325242,/api/quotes/latest,0.0019995249999738007,400,True
quarkus,2026-10-02T19:17:14.124744+00:00,871.735325242,/api/quotes/history,0.0022250300000905554,5977,True
quarkus,2026-10-02T19:17:19.136082+00:00,876.7486121919999,/api/quotes/latest,0.0023214770001231955,400,True
quarkus,2026-10-02T19:17:19.139701+00:00,876.7486121919999,/api/quotes/history,0.0035684120000496478,5977,True
quarkus,2026-10-02T19:17:24.177074+00:00,881.789681259,/api/quotes/latest,0.0022447239998655277,400,True
quarkus,2026-10-02T19:17:24.179719+00:00,881.789681259,/api/quotes/history,0.002595480000081807,5977,True
quarkus,2026-10-02T19:17:29.214613+00:00,886.827255835,/api/quotes/latest,0.002208805999998731,400,True
quarkus,2026-10-02T19:17:29.216247+00:00,886.827255835,/api/quotes/history,0.0015846480000618612,5977,True
quarkus,2026-10-02T19:17:34.215484+00:00,891.8282248179999,/api/quotes/latest,0.0021107529998971586,400,True
quarkus,2026-10-02T19:17:34.218406+00:00,891.8282248179999,/api/quotes/history,0.0028681400001460133,5977,True
quarkus,2026-10-02T19:17:39.260108+00:00,896.8727600459999,/api/quotes/latest,0.0021992870001668052,400,True
quarkus,2026-10-02T19:17:39.261823+00:00,896.8727600459999,/api/quotes/history,0.001667431999976543,5977,True
micronaut,2026-10-02T19:17:45.453195+00:00,0.0002513409999664873,/api/quotes/latest,0.004839858999957869,397,True
micronaut,2026-10-02T19:17:45.458326+00:00,0.0002513409999664873,/api/quotes/history,0.005083268999896973,397,True
micronaut,2026-10-02T19:17:50.495471+00:00,5.044010060000119,/api/quotes/latest,0.005351990999997724,397,True
micronaut,2026-10-02T19:17:50.500190+00:00,5.044010060000119,/api/quotes/history,0.004677002999869728,397,True
micronaut,2026-10-02T19:17:55.544362+00:00,10.09488801800012,/api/quotes/latest,0.00545660499983569,397,True
micronaut,2026-10-02T19:17:55.549854+00:00,10.09488801800012,/api/quotes/history,0.005441944000040166,397,True
micronaut,2026-10-02T19:18:00.587327+00:00,15.13833700500004,/api/quotes/latest,0.00496949700004734,397,True
micronaut,2026-10-02T19:18:00.590670+00:00,15.13833700500004,/api/quotes/history,0.003301899999996749,397,True
micronaut,2026-10-02T19:18:05.634867+00:00,20.181774585000085,/api/quotes/latest,0.009074457999986407,397,True
micronaut,2026-10-02T19:18:05.640096+00:00,20.181774585000085,/api/quotes/history,0.005181107999987944,397,True
micronaut,2026-10-02T19:18:10.677371+00:00,25.229076781000003,/api/quotes/latest,0.004275038000059794,397,True
micronaut,2026-10-02T19:18:10.682582+00:00,25.229076781000003,/api/quotes/history,0.0051640799999859155,397,True
micronaut,2026-10-02T19:18:15.697842+00:00,30.249345758000118,/api/quotes/latest,0.004474039000115226,397,True
micronaut,2026-10-02T19:18:15.700949+00:00,30.249345758000118,/api/quotes/history,0.0030684809999002027,397,True
micronaut,2026-10-02T19:18:20.702504+00:00,35.25360490799994,/api/quotes/latest,0.0048806230001900985,397,True
micronaut,2026-10-02T19:18:20.706795+00:00,35.25360490799994,/api/quotes/history,0.004240481000124419,397,True
micronaut,2026-10-02T19:18:25.717155+00:00,40.26596626299988,/api/quotes/latest,0.007168395000007877,397,True
micronaut,2026-10-02T19:18:25.720862+00:00,40.26596626299988,/api/quotes/history,0.003666177000013704,397,True
micronaut,2026-10-02T19:18:30.757298+00:00,45.30798584200011,/api/quotes/latest,0.0052936689999114606,397,True
micronaut,2026-10-02T19:18:30.761458+00:00,45.30798584200011,/api/quotes/history,0.004107756000394147,397,True
micronaut,2026-10-02T19:18:35.787689+00:00,50.33864467400008,/api/quotes/latest,0.005024754000260145,397,True
micronaut,2026-10-02T19:18:35.792005+00:00,50.33864467400008,/api/quotes/history,0.004269352999926923,397,True
micronaut,2026-10-02T19:18:40.797126+00:00,55.347972374000165,/api/quotes/latest,0.005134040000029927,397,True
micronaut,2026-10-02T19:18:40.800351+00:00,55.347972374000165,/api/quotes/history,0.003174704000230122,397,True
micronaut,2026-10-02T19:18:45.843207+00:00,60.39171033000002,/api/quotes/latest,0.007477207999727398,397,True
micronaut,2026-10-02T19:18:45.847881+00:00,60.39171033000002,/api/quotes/history,0.004615854999883595,793,True
micronaut,2026-10-02T19:18:50.874092+00:00,65.42574333900029,/api/quotes/latest,0.004328871000325307,397,True
micronaut,2026-10-02T19:18:50.877578+00:00,65.42574333900029,/api/quotes/history,0.003440081000007922,793,True
micronaut,2026-10-02T19:18:55.915705+00:00,70.46749846300008,/api/quotes/latest,0.004187376000118093,397,True
micronaut,2026-10-02T19:18:55.919354+00:00,70.46749846300008,/api/quotes/history,0.0036033510000379465,793,True
micronaut,2026-10-02T19:19:00.916244+00:00,75.46839498999998,/api/quotes/latest,0.0038205810001272766,397,True
micronaut,2026-10-02T19:19:00.918935+00:00,75.46839498999998,/api/quotes/history,0.0026520990004428313,793,True
micronaut,2026-10-02T19:19:05.935748+00:00,80.48162935400023,/api/quotes/latest,0.01009386399982759,397,True
micronaut,2026-10-02T19:19:05.940940+00:00,80.48162935400023,/api/quotes/history,0.005149877999883756,793,True
micronaut,2026-10-02T19:19:10.961504+00:00,85.51303026699998,/api/quotes/latest,0.0044546409999384196,397,True
micronaut,2026-10-02T19:19:10.969434+00:00,85.51303026699998,/api/quotes/history,0.007886606000283791,793,True
micronaut,2026-10-02T19:19:16.016307+00:00,90.5616408320002,/api/quotes/latest,0.010645932999977958,397,True
micronaut,2026-10-02T19:19:16.020306+00:00,90.5616408320002,/api/quotes/history,0.003955669999868405,793,True
micronaut,2026-10-02T19:19:21.040151+00:00,95.59143984399998,/api/quotes/latest,0.0046701900000698515,397,True
micronaut,2026-10-02T19:19:21.044289+00:00,95.59143984399998,/api/quotes/history,0.00408319100006338,793,True
micronaut,2026-10-02T19:19:26.083864+00:00,100.63429851199999,/api/quotes/latest,0.005545038000036584,397,True
micronaut,2026-10-02T19:19:26.087411+00:00,100.63429851199999,/api/quotes/history,0.0034937119999085553,793,True
micronaut,2026-10-02T19:19:31.127763+00:00,105.67968043200017,/api/quotes/latest,0.004060793999997259,397,True
micronaut,2026-10-02T19:19:31.132348+00:00,105.67968043200017,/api/quotes/history,0.00454475900005491,793,True
micronaut,2026-10-02T19:19:36.172670+00:00,110.72196096100015,/api/quotes/latest,0.006688006999866047,397,True
micronaut,2026-10-02T19:19:36.177164+00:00,110.72196096100015,/api/quotes/history,0.004453618999832543,793,True
micronaut,2026-10-02T19:19:41.213663+00:00,115.76560634299994,/api/quotes/latest,0.004036908000216499,397,True
micronaut,2026-10-02T19:19:41.217110+00:00,115.76560634299994,/api/quotes/history,0.00339938799970696,793,True
micronaut,2026-10-02T19:19:46.259710+00:00,120.80749319400002,/api/quotes/latest,0.008198704999813344,397,True
micronaut,2026-10-02T19:19:46.264621+00:00,120.80749319400002,/api/quotes/history,0.004860448999806977,1189,True
micronaut,2026-10-02T19:19:51.297261+00:00,125.84960868400003,/api/quotes/latest,0.0036318050001682423,397,True
micronaut,2026-10-02T19:19:51.300816+00:00,125.84960868400003,/api/quotes/history,0.003515212999900541,1189,True
micronaut,2026-10-02T19:19:56.308336+00:00,130.85266053400028,/api/quotes/latest,0.011656628999844543,397,True
micronaut,2026-10-02T19:19:56.312081+00:00,130.85266053400028,/api/quotes/history,0.0036960679999538115,1189,True
micronaut,2026-10-02T19:20:01.314834+00:00,135.8662048860001,/api/quotes/latest,0.004609515000083775,397,True
micronaut,2026-10-02T19:20:01.318715+00:00,135.8662048860001,/api/quotes/history,0.003829857000255288,1189,True
micronaut,2026-10-02T19:20:06.365250+00:00,140.91203982700017,/api/quotes/latest,0.009191789999931643,397,True
micronaut,2026-10-02T19:20:06.368392+00:00,140.91203982700017,/api/quotes/history,0.0030936829998609028,1189,True
micronaut,2026-10-02T19:20:11.406439+00:00,145.95816053599992,/api/quotes/latest,0.004258729999946809,397,True
micronaut,2026-10-02T19:20:11.410284+00:00,145.95816053599992,/api/quotes/history,0.0037955070001771674,1189,True
micronaut,2026-10-02T19:20:16.451452+00:00,151.00218884000014,/api/quotes/latest,0.005243928000254527,397,True
micronaut,2026-10-02T19:20:16.456961+00:00,151.00218884000014,/api/quotes/history,0.005462464000174805,1189,True
micronaut,2026-10-02T19:20:21.499796+00:00,156.04461027900015,/api/quotes/latest,0.011166838000008283,397,True
micronaut,2026-10-02T19:20:21.503208+00:00,156.04461027900015,/api/quotes/history,0.0033610740001677186,1189,True
micronaut,2026-10-02T19:20:26.505920+00:00,161.05747051000026,/api/quotes/latest,0.004430167999998957,397,True
micronaut,2026-10-02T19:20:26.509714+00:00,161.05747051000026,/api/quotes/history,0.00374660599982235,1189,True
micronaut,2026-10-02T19:20:31.532686+00:00,166.08318078599996,/api/quotes/latest,0.00548635999984981,397,True
micronaut,2026-10-02T19:20:31.536009+00:00,166.08318078599996,/api/quotes/history,0.003275551000115229,1189,True
micronaut,2026-10-02T19:20:36.577453+00:00,171.12412296000002,/api/quotes/latest,0.00930770000013581,397,True
micronaut,2026-10-02T19:20:36.580319+00:00,171.12412296000002,/api/quotes/history,0.0028114560000176425,1189,True
micronaut,2026-10-02T19:20:41.614155+00:00,176.16630166999994,/api/quotes/latest,0.003830045000086102,397,True
micronaut,2026-10-02T19:20:41.617227+00:00,176.16630166999994,/api/quotes/history,0.0030309769999803393,1189,True
micronaut,2026-10-02T19:20:46.646907+00:00,181.1935584150001,/api/quotes/latest,0.009330529999715509,400,True
micronaut,2026-10-02T19:20:46.653397+00:00,181.1935584150001,/api/quotes/history,0.006373660000008385,1588,True
micronaut,2026-10-02T19:20:51.690488+00:00,186.24331067499998,/api/quotes/latest,0.003155395000248973,400,True
micronaut,2026-10-02T19:20:51.692915+00:00,186.24331067499998,/api/quotes/history,0.0023700529995949182,1588,True
micronaut,2026-10-02T19:20:56.693755+00:00,191.24622679100003,/api/quotes/latest,0.00350891199968828,400,True
micronaut,2026-10-02T19:20:56.697610+00:00,191.24622679100003,/api/quotes/history,0.0038059670000620827,1588,True
micronaut,2026-10-02T19:21:01.732750+00:00,196.28459248700028,/api/quotes/latest,0.004135708999911003,400,True
micronaut,2026-10-02T19:21:01.736347+00:00,196.28459248700028,/api/quotes/history,0.003565944000001764,1588,True
micronaut,2026-10-02T19:21:06.784690+00:00,201.33000282700004,/api/quotes/latest,0.010668953000276815,400,True
micronaut,2026-10-02T19:21:06.788506+00:00,201.33000282700004,/api/quotes/history,0.003770366000026115,1588,True
micronaut,2026-10-02T19:21:11.791340+00:00,206.34355109299986,/api/quotes/latest,0.003768358999877819,400,True
micronaut,2026-10-02T19:21:11.794549+00:00,206.34355109299986,/api/quotes/history,0.0031580899999426038,1588,True
micronaut,2026-10-02T19:21:16.813947+00:00,211.36556354599998,/api/quotes/latest,0.004365062000033504,400,True
micronaut,2026-10-02T19:21:16.817489+00:00,211.36556354599998,/api/quotes/history,0.003427568999995856,1588,True
micronaut,2026-10-02T19:21:21.855627+00:00,216.40751523300014,/api/quotes/latest,0.004092927999863605,400,True
micronaut,2026-10-02T19:21:21.859192+00:00,216.40751523300014,/api/quotes/history,0.003517069000281481,1588,True
micronaut,2026-10-02T19:21:26.862607+00:00,221.4080068379999,/api/quotes/latest,0.010574941000413673,400,True
micronaut,2026-10-02T19:21:26.866138+00:00,221.4080068379999,/api/quotes/history,0.0034886059997916163,1588,True
micronaut,2026-10-02T19:21:31.898831+00:00,226.450787581,/api/quotes/latest,0.004024886000024708,400,True
micronaut,2026-10-02T19:21:31.902775+00:00,226.450787581,/api/quotes/history,0.0038944920001995342,1588,True
micronaut,2026-10-02T19:21:36.935060+00:00,231.48562352999988,/api/quotes/latest,0.0054177209999579645,400,True
micronaut,2026-10-02T19:21:36.939838+00:00,231.48562352999988,/api/quotes/history,0.004676308999933099,1588,True
micronaut,2026-10-02T19:21:41.980302+00:00,236.5320407690001,/api/quotes/latest,0.004242349999913131,400,True
micronaut,2026-10-02T19:21:41.986455+00:00,236.5320407690001,/api/quotes/history,0.006106238000029407,1588,True
micronaut,2026-10-02T19:21:47.032326+00:00,241.5786383049999,/api/quotes/latest,0.009667378999893117,400,True
micronaut,2026-10-02T19:21:47.036420+00:00,241.5786383049999,/api/quotes/history,0.004043312000248989,1987,True
micronaut,2026-10-02T19:21:52.053225+00:00,246.6032088249999,/api/quotes/latest,0.005997924999974202,400,True
micronaut,2026-10-02T19:21:52.056665+00:00,246.6032088249999,/api/quotes/history,0.0033890509998855123,1987,True
micronaut,2026-10-02T19:21:57.055402+00:00,251.60697527000002,/api/quotes/latest,0.00440653099985866,400,True
micronaut,2026-10-02T19:21:57.058939+00:00,251.60697527000002,/api/quotes/history,0.0034833449999496224,1987,True
micronaut,2026-10-02T19:22:02.100479+00:00,256.65177158000006,/api/quotes/latest,0.004687982000177726,400,True
micronaut,2026-10-02T19:22:02.104342+00:00,256.65177158000006,/api/quotes/history,0.003807065999808401,1987,True
micronaut,2026-10-02T19:22:07.135031+00:00,261.6784715419999,/api/quotes/latest,0.012538554999991902,400,True
micronaut,2026-10-02T19:22:07.137968+00:00,261.6784715419999,/api/quotes/history,0.002886526000111189,1987,True
micronaut,2026-10-02T19:22:12.126163+00:00,266.6793813029999,/api/quotes/latest,0.002760468999895238,400,True
micronaut,2026-10-02T19:22:12.129573+00:00,266.6793813029999,/api/quotes/history,0.0033721889999469568,1987,True
micronaut,2026-10-02T19:22:17.172276+00:00,271.71747297,/api/quotes/latest,0.010784122000131902,400,True
micronaut,2026-10-02T19:22:17.174851+00:00,271.71747297,/api/quotes/history,0.002530930999910197,1987,True
micronaut,2026-10-02T19:22:22.203276+00:00,276.7559339300001,/api/quotes/latest,0.003321969999888097,400,True
micronaut,2026-10-02T19:22:22.206156+00:00,276.7559339300001,/api/quotes/history,0.0028353930001685512,1987,True
micronaut,2026-10-02T19:22:27.226292+00:00,281.77078184699985,/api/quotes/latest,0.011491601999750856,400,True
micronaut,2026-10-02T19:22:27.229675+00:00,281.77078184699985,/api/quotes/history,0.0033374960003129672,1987,True
micronaut,2026-10-02T19:22:32.242283+00:00,286.793104547,/api/quotes/latest,0.005158911000307853,400,True
micronaut,2026-10-02T19:22:32.246307+00:00,286.793104547,/api/quotes/history,0.003975419000198599,1987,True
micronaut,2026-10-02T19:22:37.283583+00:00,291.82760944200027,/api/quotes/latest,0.01195428900018669,400,True
micronaut,2026-10-02T19:22:37.287229+00:00,291.82760944200027,/api/quotes/history,0.0035985110002911824,1987,True
micronaut,2026-10-02T19:22:42.276732+00:00,296.82938722100016,/api/quotes/latest,0.003326315999856888,400,True
micronaut,2026-10-02T19:22:42.279716+00:00,296.82938722100016,/api/quotes/history,0.002934407000338979,1987,True
micronaut,2026-10-02T19:22:47.327004+00:00,301.87391856700015,/api/quotes/latest,0.009066816000085964,400,True
micronaut,2026-10-02T19:22:47.330127+00:00,301.87391856700015,/api/quotes/history,0.0030731459996786725,2386,True
micronaut,2026-10-02T19:22:52.334750+00:00,306.88697058900016,/api/quotes/latest,0.0037929760001134127,400,True
micronaut,2026-10-02T19:22:52.339215+00:00,306.88697058900016,/api/quotes/history,0.0043781859999398876,2386,True
micronaut,2026-10-02T19:22:57.385116+00:00,311.9345407579999,/api/quotes/latest,0.006556184000146459,400,True
micronaut,2026-10-02T19:22:57.388431+00:00,311.9345407579999,/api/quotes/history,0.0032596060000287252,2386,True
micronaut,2026-10-02T19:23:02.426333+00:00,316.9787586749999,/api/quotes/latest,0.0035559000002649555,400,True
micronaut,2026-10-02T19:23:02.429587+00:00,316.9787586749999,/api/quotes/history,0.003206632000001264,2386,True
micronaut,2026-10-02T19:23:07.481374+00:00,322.02490125500026,/api/quotes/latest,0.01245370600008755,400,True
micronaut,2026-10-02T19:23:07.484619+00:00,322.02490125500026,/api/quotes/history,0.0031973590002962737,2386,True
micronaut,2026-10-02T19:23:12.473119+00:00,327.0257168840003,/api/quotes/latest,0.0033826599997155427,400,True
micronaut,2026-10-02T19:23:12.475636+00:00,327.0257168840003,/api/quotes/history,0.002467980999881547,2386,True
micronaut,2026-10-02T19:23:17.530049+00:00,332.07381446499994,/api/quotes/latest,0.012213541000164696,400,True
micronaut,2026-10-02T19:23:17.534238+00:00,332.07381446499994,/api/quotes/history,0.004147783000007621,2386,True
micronaut,2026-10-02T19:23:22.529229+00:00,337.0806243520001,/api/quotes/latest,0.004585867999594484,400,True
micronaut,2026-10-02T19:23:22.531745+00:00,337.0806243520001,/api/quotes/history,0.002463891999923362,2386,True
micronaut,2026-10-02T19:23:27.583907+00:00,342.1270177340002,/api/quotes/latest,0.012868532000084087,400,True
micronaut,2026-10-02T19:23:27.586966+00:00,342.1270177340002,/api/quotes/history,0.003009805999681703,2386,True
micronaut,2026-10-02T19:23:32.588869+00:00,347.1410486580003,/api/quotes/latest,0.003800441999828763,400,True
micronaut,2026-10-02T19:23:32.593163+00:00,347.1410486580003,/api/quotes/history,0.004235204999986308,2386,True
micronaut,2026-10-02T19:23:37.627388+00:00,352.1714900669999,/api/quotes/latest,0.011878236000029574,400,True
micronaut,2026-10-02T19:23:37.630243+00:00,352.1714900669999,/api/quotes/history,0.0028005950002807367,2386,True
micronaut,2026-10-02T19:23:42.631006+00:00,357.18295819000014,/api/quotes/latest,0.004028936999930011,400,True
micronaut,2026-10-02T19:23:42.634248+00:00,357.18295819000014,/api/quotes/history,0.003111946999979409,2386,True
micronaut,2026-10-02T19:23:47.674981+00:00,362.22767189000024,/api/quotes/latest,0.003290323999863176,400,True
micronaut,2026-10-02T19:23:47.678510+00:00,362.22767189000024,/api/quotes/history,0.003439907000029052,2785,True
micronaut,2026-10-02T19:23:52.716966+00:00,367.26978802500025,/api/quotes/latest,0.0031585570000061125,400,True
micronaut,2026-10-02T19:23:52.737336+00:00,367.26978802500025,/api/quotes/history,0.02032478599994647,2785,True
micronaut,2026-10-02T19:23:57.736494+00:00,372.2845709850003,/api/quotes/latest,0.007904719000180194,400,True
micronaut,2026-10-02T19:23:57.739407+00:00,372.2845709850003,/api/quotes/history,0.0028459940003813244,2785,True
micronaut,2026-10-02T19:24:02.779935+00:00,377.3320080819999,/api/quotes/latest,0.003906605999873136,400,True
micronaut,2026-10-02T19:24:02.784248+00:00,377.3320080819999,/api/quotes/history,0.004184736000297562,2785,True
micronaut,2026-10-02T19:24:07.808894+00:00,382.3522808570001,/api/quotes/latest,0.012595839999903546,400,True
micronaut,2026-10-02T19:24:07.811299+00:00,382.3522808570001,/api/quotes/history,0.0023192110002128175,2785,True
micronaut,2026-10-02T19:24:12.850284+00:00,387.402303889,/api/quotes/latest,0.0039600009999958274,400,True
micronaut,2026-10-02T19:24:12.853613+00:00,387.402303889,/api/quotes/history,0.003276214999914373,2785,True
micronaut,2026-10-02T19:24:17.883233+00:00,392.426334923,/api/quotes/latest,0.012877488000412995,400,True
micronaut,2026-10-02T19:24:17.886284+00:00,392.426334923,/api/quotes/history,0.0030505470003845403,2785,True
micronaut,2026-10-02T19:24:22.916302+00:00,397.46964136999986,/api/quotes/latest,0.0026527819995862956,400,True
micronaut,2026-10-02T19:24:22.918662+00:00,397.46964136999986,/api/quotes/history,0.0022839530001874664,2785,True
micronaut,2026-10-02T19:24:27.964613+00:00,402.50722215099995,/api/quotes/latest,0.013369994000186125,400,True
micronaut,2026-10-02T19:24:27.967344+00:00,402.50722215099995,/api/quotes/history,0.0026875489998019475,2785,True
micronaut,2026-10-02T19:24:32.997955+00:00,407.55125959999987,/api/quotes/latest,0.0026760410000861157,400,True
micronaut,2026-10-02T19:24:33.000475+00:00,407.55125959999987,/api/quotes/history,0.002438307999909739,2785,True
micronaut,2026-10-02T19:24:38.040930+00:00,412.5858701860002,/api/quotes/latest,0.011041067999940424,400,True
micronaut,2026-10-02T19:24:38.043852+00:00,412.5858701860002,/api/quotes/history,0.0028735100004269043,2785,True
micronaut,2026-10-02T19:24:43.074319+00:00,417.6273723080003,/api/quotes/latest,0.0029268220000631118,400,True
micronaut,2026-10-02T19:24:43.076584+00:00,417.6273723080003,/api/quotes/history,0.0022191369998836308,2785,True
micronaut,2026-10-02T19:24:48.111171+00:00,422.66324117800013,/api/quotes/latest,0.003916545000265614,400,True
micronaut,2026-10-02T19:24:48.115478+00:00,422.66324117800013,/api/quotes/history,0.004252991999692313,3184,True
micronaut,2026-10-02T19:24:49.128982+00:00,423.6815024050002,/api/quotes/latest,0.0034571510000205308,400,True
micronaut,2026-10-02T19:24:49.131426+00:00,423.6815024050002,/api/quotes/history,0.002379973000188329,3184,True
micronaut,2026-10-02T19:24:50.140279+00:00,424.693571926,/api/quotes/latest,0.0026862730001084856,400,True
micronaut,2026-10-02T19:24:50.142293+00:00,424.693571926,/api/quotes/history,0.0019722619999811286,3184,True
micronaut,2026-10-02T19:24:51.154893+00:00,425.7078226460003,/api/quotes/latest,0.0030491320003420697,400,True
micronaut,2026-10-02T19:24:51.157348+00:00,425.7078226460003,/api/quotes/history,0.0024103400000967667,3184,True
micronaut,2026-10-02T19:24:52.168553+00:00,426.7196459050001,/api/quotes/latest,0.004888740000296821,400,True
micronaut,2026-10-02T19:24:52.171592+00:00,426.7196459050001,/api/quotes/history,0.0029910160001236363,3184,True
micronaut,2026-10-02T19:24:53.180678+00:00,427.733348406,/api/quotes/latest,0.003311429999939719,400,True
micronaut,2026-10-02T19:24:53.183129+00:00,427.733348406,/api/quotes/history,0.0024010769998312753,3184,True
micronaut,2026-10-02T19:24:54.192624+00:00,428.7446306659999,/api/quotes/latest,0.0039726810000502155,400,True
micronaut,2026-10-02T19:24:54.194903+00:00,428.7446306659999,/api/quotes/history,0.0022401060000447615,3184,True
micronaut,2026-10-02T19:24:55.258774+00:00,429.8003823660001,/api/quotes/latest,0.014372518000072887,400,True
micronaut,2026-10-02T19:24:55.263891+00:00,429.8003823660001,/api/quotes/history,0.005068997000307718,3184,True
micronaut,2026-10-02T19:24:56.277328+00:00,430.83071257400024,/api/quotes/latest,0.0025959499998862157,400,True
micronaut,2026-10-02T19:24:56.279323+00:00,430.83071257400024,/api/quotes/history,0.0019504940000842907,3184,True
micronaut,2026-10-02T19:24:57.289127+00:00,431.8423192690002,/api/quotes/latest,0.002787282000099367,400,True
micronaut,2026-10-02T19:24:57.291717+00:00,431.8423192690002,/api/quotes/history,0.0025469100000918843,3184,True
micronaut,2026-10-02T19:24:58.303596+00:00,432.85465617,/api/quotes/latest,0.004921332999856531,400,True
micronaut,2026-10-02T19:24:58.308012+00:00,432.85465617,/api/quotes/history,0.004370160000235046,3184,True
micronaut,2026-10-02T19:24:59.318734+00:00,433.87044042800017,/api/quotes/latest,0.004275570000118023,400,True
micronaut,2026-10-02T19:24:59.322554+00:00,433.87044042800017,/api/quotes/history,0.0037758230000690673,3184,True
micronaut,2026-10-02T19:25:00.331074+00:00,434.8841994700001,/api/quotes/latest,0.0028547309998430137,400,True
micronaut,2026-10-02T19:25:00.333253+00:00,434.8841994700001,/api/quotes/history,0.0021338300002753385,3184,True
micronaut,2026-10-02T19:25:01.344095+00:00,435.8969761110002,/api/quotes/latest,0.0030997530002423446,400,True
micronaut,2026-10-02T19:25:01.346847+00:00,435.8969761110002,/api/quotes/history,0.002645258000029571,3184,True
micronaut,2026-10-02T19:25:02.355452+00:00,436.9079702930003,/api/quotes/latest,0.0034625369999048417,400,True
micronaut,2026-10-02T19:25:02.358799+00:00,436.9079702930003,/api/quotes/history,0.0033027240001501923,3184,True
micronaut,2026-10-02T19:25:03.388506+00:00,437.93991842900004,/api/quotes/latest,0.004567836999740393,400,True
micronaut,2026-10-02T19:25:03.391200+00:00,437.93991842900004,/api/quotes/history,0.002639220000219211,3184,True
micronaut,2026-10-02T19:25:04.399964+00:00,438.95308758500005,/api/quotes/latest,0.0028551250002237794,400,True
micronaut,2026-10-02T19:25:04.403568+00:00,438.95308758500005,/api/quotes/history,0.0035669950002557016,3184,True
micronaut,2026-10-02T19:25:05.421456+00:00,439.96446899800003,/api/quotes/latest,0.01297061000013855,400,True
micronaut,2026-10-02T19:25:05.424440+00:00,439.96446899800003,/api/quotes/history,0.0029343740002332197,3184,True
micronaut,2026-10-02T19:25:06.436378+00:00,440.98906885299994,/api/quotes/latest,0.003289332999884209,400,True
micronaut,2026-10-02T19:25:06.439400+00:00,440.98906885299994,/api/quotes/history,0.0029771929998787527,3184,True
micronaut,2026-10-02T19:25:07.448072+00:00,442.0006612299999,/api/quotes/latest,0.0033890110003085283,400,True
micronaut,2026-10-02T19:25:07.450392+00:00,442.0006612299999,/api/quotes/history,0.002281984000092052,3184,True
micronaut,2026-10-02T19:25:08.458196+00:00,443.01118324000026,/api/quotes/latest,0.0029947510001875344,400,True
micronaut,2026-10-02T19:25:08.461596+00:00,443.01118324000026,/api/quotes/history,0.0033487609998701373,3184,True
micronaut,2026-10-02T19:25:09.471005+00:00,444.02281246400025,/api/quotes/latest,0.004174718000285793,400,True
micronaut,2026-10-02T19:25:09.476218+00:00,444.02281246400025,/api/quotes/history,0.005160297000202263,3184,True
micronaut,2026-10-02T19:25:10.489359+00:00,445.038129346,/api/quotes/latest,0.005472203999943304,400,True
micronaut,2026-10-02T19:25:10.491719+00:00,445.038129346,/api/quotes/history,0.0023140980001699063,3184,True
micronaut,2026-10-02T19:25:11.500999+00:00,446.05401261999987,/api/quotes/latest,0.00296948599998359,400,True
micronaut,2026-10-02T19:25:11.505466+00:00,446.05401261999987,/api/quotes/history,0.004413658999965264,3184,True
micronaut,2026-10-02T19:25:12.514245+00:00,447.0669877979999,/api/quotes/latest,0.0032366809996347,400,True
micronaut,2026-10-02T19:25:12.518223+00:00,447.0669877979999,/api/quotes/history,0.0039338709998446575,3184,True
micronaut,2026-10-02T19:25:13.552688+00:00,448.1053013569999,/api/quotes/latest,0.0033680480000839452,400,True
micronaut,2026-10-02T19:25:13.555497+00:00,448.1053013569999,/api/quotes/history,0.0027576069996939623,3184,True
micronaut,2026-10-02T19:25:14.572816+00:00,449.1185055300002,/api/quotes/latest,0.010291876000337652,400,True
micronaut,2026-10-02T19:25:14.575073+00:00,449.1185055300002,/api/quotes/history,0.0022116209997875558,3184,True
micronaut,2026-10-02T19:25:15.589239+00:00,450.1422080010002,/api/quotes/latest,0.003008388999660383,400,True
micronaut,2026-10-02T19:25:15.593728+00:00,450.1422080010002,/api/quotes/history,0.004445399999895017,3184,True
micronaut,2026-10-02T19:25:16.604251+00:00,451.15555363700014,/api/quotes/latest,0.004678742000123748,400,True
micronaut,2026-10-02T19:25:16.607216+00:00,451.15555363700014,/api/quotes/history,0.002921376999893255,3184,True
micronaut,2026-10-02T19:25:17.649081+00:00,452.2010860149999,/api/quotes/latest,0.003975592000188044,400,True
micronaut,2026-10-02T19:25:17.654519+00:00,452.2010860149999,/api/quotes/history,0.005354452000119636,3184,True
micronaut,2026-10-02T19:25:18.663848+00:00,453.21659772600015,/api/quotes/latest,0.003230002000236709,400,True
micronaut,2026-10-02T19:25:18.666441+00:00,453.21659772600015,/api/quotes/history,0.0025452300001234107,3184,True
micronaut,2026-10-02T19:25:19.677405+00:00,454.2287232240001,/api/quotes/latest,0.004661173000386043,400,True
micronaut,2026-10-02T19:25:19.679605+00:00,454.2287232240001,/api/quotes/history,0.002152747999843996,3184,True
micronaut,2026-10-02T19:25:20.690752+00:00,455.24372784800016,/api/quotes/latest,0.003004291999786801,400,True
micronaut,2026-10-02T19:25:20.692856+00:00,455.24372784800016,/api/quotes/history,0.002055621000181418,3184,True
micronaut,2026-10-02T19:25:21.712841+00:00,456.2658939580001,/api/quotes/latest,0.0029277700000420737,400,True
micronaut,2026-10-02T19:25:21.716315+00:00,456.2658939580001,/api/quotes/history,0.0034246479999637813,3184,True
micronaut,2026-10-02T19:25:22.726322+00:00,457.2786776990001,/api/quotes/latest,0.003623987000082707,400,True
micronaut,2026-10-02T19:25:22.728552+00:00,457.2786776990001,/api/quotes/history,0.002181884000037826,3184,True
micronaut,2026-10-02T19:25:23.737716+00:00,458.2907109580001,/api/quotes/latest,0.002985922999869217,400,True
micronaut,2026-10-02T19:25:23.740340+00:00,458.2907109580001,/api/quotes/history,0.002571013000306266,3184,True
micronaut,2026-10-02T19:25:24.758430+00:00,459.30236970199985,/api/quotes/latest,0.01204046200018638,400,True
micronaut,2026-10-02T19:25:24.760797+00:00,459.30236970199985,/api/quotes/history,0.002318607999768574,3184,True
micronaut,2026-10-02T19:25:25.774804+00:00,460.3270869050002,/api/quotes/latest,0.0036963309999009653,400,True
micronaut,2026-10-02T19:25:25.777721+00:00,460.3270869050002,/api/quotes/history,0.0028706699999929697,3184,True
micronaut,2026-10-02T19:25:26.786714+00:00,461.3396745939999,/api/quotes/latest,0.0030179979999047646,400,True
micronaut,2026-10-02T19:25:26.791432+00:00,461.3396745939999,/api/quotes/history,0.004673861999890505,3184,True
micronaut,2026-10-02T19:25:27.800120+00:00,462.35335318800026,/api/quotes/latest,0.0027476330001263705,400,True
micronaut,2026-10-02T19:25:27.802080+00:00,462.35335318800026,/api/quotes/history,0.0019129480001538468,3184,True
micronaut,2026-10-02T19:25:28.810683+00:00,463.36428747499986,/api/quotes/latest,0.0023742939997646317,400,True
micronaut,2026-10-02T19:25:28.812578+00:00,463.36428747499986,/api/quotes/history,0.0018543749997661507,3184,True
micronaut,2026-10-02T19:25:29.821045+00:00,464.374207414,/api/quotes/latest,0.002818925000156014,400,True
micronaut,2026-10-02T19:25:29.824538+00:00,464.374207414,/api/quotes/history,0.0034456069997759187,3184,True
micronaut,2026-10-02T19:25:30.840417+00:00,465.38843858200016,/api/quotes/latest,0.007960309000281995,400,True
micronaut,2026-10-02T19:25:30.843541+00:00,465.38843858200016,/api/quotes/history,0.0030752270004086313,3184,True
micronaut,2026-10-02T19:25:31.854698+00:00,466.40648816600014,/api/quotes/latest,0.0041908950001925405,400,True
micronaut,2026-10-02T19:25:31.857343+00:00,466.40648816600014,/api/quotes/history,0.0025937919999705628,3184,True
micronaut,2026-10-02T19:25:32.865840+00:00,467.419100091,/api/quotes/latest,0.002718875000027765,400,True
micronaut,2026-10-02T19:25:32.867641+00:00,467.419100091,/api/quotes/history,0.0017583009998816124,3184,True
micronaut,2026-10-02T19:25:33.875353+00:00,468.42799035999997,/api/quotes/latest,0.0033427779999328777,400,True
micronaut,2026-10-02T19:25:33.877172+00:00,468.42799035999997,/api/quotes/history,0.001773906999915198,3184,True
micronaut,2026-10-02T19:25:34.894907+00:00,469.4385368349999,/api/quotes/latest,0.01239075800003775,400,True
micronaut,2026-10-02T19:25:34.898342+00:00,469.4385368349999,/api/quotes/history,0.0033478740001555707,3184,True
micronaut,2026-10-02T19:25:35.912534+00:00,470.46426461300007,/api/quotes/latest,0.00424809300011475,400,True
micronaut,2026-10-02T19:25:35.914482+00:00,470.46426461300007,/api/quotes/history,0.001904625999941345,3184,True
micronaut,2026-10-02T19:25:36.922269+00:00,471.4752875029999,/api/quotes/latest,0.0029621090002365236,400,True
micronaut,2026-10-02T19:25:36.926248+00:00,471.4752875029999,/api/quotes/history,0.003920594999726745,3184,True
micronaut,2026-10-02T19:25:37.933841+00:00,472.48704986500024,/api/quotes/latest,0.002771314999790775,400,True
micronaut,2026-10-02T19:25:37.937915+00:00,472.48704986500024,/api/quotes/history,0.004034493999824917,3184,True
micronaut,2026-10-02T19:25:38.945992+00:00,473.49969762699993,/api/quotes/latest,0.002274778999890259,400,True
micronaut,2026-10-02T19:25:38.947914+00:00,473.49969762699993,/api/quotes/history,0.0018774039999698289,3184,True
micronaut,2026-10-02T19:25:39.955863+00:00,474.50864326300007,/api/quotes/latest,0.0032002890002331696,400,True
micronaut,2026-10-02T19:25:39.958203+00:00,474.50864326300007,/api/quotes/history,0.002288408999902458,3184,True
micronaut,2026-10-02T19:25:40.967760+00:00,475.5208245910003,/api/quotes/latest,0.002915105000283802,400,True
micronaut,2026-10-02T19:25:40.970140+00:00,475.5208245910003,/api/quotes/history,0.002331803000288346,3184,True
micronaut,2026-10-02T19:25:41.977063+00:00,476.53049611200004,/api/quotes/latest,0.0025464820000706823,400,True
micronaut,2026-10-02T19:25:41.980280+00:00,476.53049611200004,/api/quotes/history,0.0031748159999551717,3184,True
micronaut,2026-10-02T19:25:42.988136+00:00,477.5415262710003,/api/quotes/latest,0.0025921010001184186,400,True
micronaut,2026-10-02T19:25:42.991315+00:00,477.5415262710003,/api/quotes/history,0.003095207000114897,3184,True
micronaut,2026-10-02T19:25:43.988616+00:00,478.54154459500023,/api/quotes/latest,0.0030536379999830388,400,True
micronaut,2026-10-02T19:25:43.991445+00:00,478.54154459500023,/api/quotes/history,0.002780982000331278,3184,True
micronaut,2026-10-02T19:25:45.004166+00:00,479.5524614760002,/api/quotes/latest,0.007687202999932197,400,True
micronaut,2026-10-02T19:25:45.008501+00:00,479.5524614760002,/api/quotes/history,0.0042830340003092715,3184,True
micronaut,2026-10-02T19:25:46.020795+00:00,480.57320792400014,/api/quotes/latest,0.003567557000224042,400,True
micronaut,2026-10-02T19:25:46.024493+00:00,480.57320792400014,/api/quotes/history,0.0036557749999701628,3583,True
micronaut,2026-10-02T19:25:47.033027+00:00,481.5859441580001,/api/quotes/latest,0.003062856999804353,400,True
micronaut,2026-10-02T19:25:47.035070+00:00,481.5859441580001,/api/quotes/history,0.0019989200000054552,3583,True
micronaut,2026-10-02T19:25:48.042264+00:00,482.5959344160001,/api/quotes/latest,0.00230938199956654,400,True
micronaut,2026-10-02T19:25:48.043844+00:00,482.5959344160001,/api/quotes/history,0.0015369249999821477,3583,True
micronaut,2026-10-02T19:25:49.051113+00:00,483.604678659,/api/quotes/latest,0.0024148449997483112,400,True
micronaut,2026-10-02T19:25:49.054726+00:00,483.604678659,/api/quotes/history,0.003526883999711572,3583,True
micronaut,2026-10-02T19:25:50.064400+00:00,484.61672211999985,/api/quotes/latest,0.003658374999758962,400,True
micronaut,2026-10-02T19:25:50.066203+00:00,484.61672211999985,/api/quotes/history,0.0017566800001986849,3583,True
micronaut,2026-10-02T19:25:51.076482+00:00,485.62946326500014,/api/quotes/latest,0.0029984620000504947,400,True
micronaut,2026-10-02T19:25:51.080182+00:00,485.62946326500014,/api/quotes/history,0.003654114999790181,3583,True
micronaut,2026-10-02T19:25:52.089602+00:00,486.64145634600027,/api/quotes/latest,0.004127535999941756,400,True
micronaut,2026-10-02T19:25:52.091742+00:00,486.64145634600027,/api/quotes/history,0.0020766959996763035,3583,True
micronaut,2026-10-02T19:25:53.099465+00:00,487.653180795,/api/quotes/latest,0.0022629049999522977,400,True
micronaut,2026-10-02T19:25:53.102081+00:00,487.653180795,/api/quotes/history,0.0025706179999360756,3583,True
micronaut,2026-10-02T19:25:54.109104+00:00,488.6625064630002,/api/quotes/latest,0.0025775049998628674,400,True
micronaut,2026-10-02T19:25:54.111287+00:00,488.6625064630002,/api/quotes/history,0.0021372260002863186,3583,True
micronaut,2026-10-02T19:25:55.119107+00:00,489.6722139799999,/api/quotes/latest,0.002913207999881706,400,True
micronaut,2026-10-02T19:25:55.122674+00:00,489.6722139799999,/api/quotes/history,0.0034842949999074335,3583,True
micronaut,2026-10-02T19:25:56.134240+00:00,490.6877307630002,/api/quotes/latest,0.0024893559998417913,400,True
micronaut,2026-10-02T19:25:56.136028+00:00,490.6877307630002,/api/quotes/history,0.0017521280001346895,3583,True
micronaut,2026-10-02T19:25:57.143910+00:00,491.69698599699996,/api/quotes/latest,0.002903572999912285,400,True
micronaut,2026-10-02T19:25:57.148291+00:00,491.69698599699996,/api/quotes/history,0.004339239999808342,3583,True
micronaut,2026-10-02T19:25:58.156620+00:00,492.70977317100005,/api/quotes/latest,0.0028263760000299953,400,True
micronaut,2026-10-02T19:25:58.158717+00:00,492.70977317100005,/api/quotes/history,0.002052668000033009,3583,True
micronaut,2026-10-02T19:25:59.166133+00:00,493.71986469800004,/api/quotes/latest,0.0022477500001514272,400,True
micronaut,2026-10-02T19:25:59.168836+00:00,493.71986469800004,/api/quotes/history,0.0026632059998519253,3583,True
micronaut,2026-10-02T19:26:00.177079+00:00,494.7303816230001,/api/quotes/latest,0.0026779550003084296,400,True
micronaut,2026-10-02T19:26:00.178690+00:00,494.7303816230001,/api/quotes/history,0.0015656440000384464,3583,True
micronaut,2026-10-02T19:26:01.186847+00:00,495.74051802500026,/api/quotes/latest,0.0023102139998627536,400,True
micronaut,2026-10-02T19:26:01.189228+00:00,495.74051802500026,/api/quotes/history,0.0023366450000139594,3583,True
micronaut,2026-10-02T19:26:02.200196+00:00,496.75355444900015,/api/quotes/latest,0.002621088000068994,400,True
micronaut,2026-10-02T19:26:02.202444+00:00,496.75355444900015,/api/quotes/history,0.002206864000072528,3583,True
micronaut,2026-10-02T19:26:03.211330+00:00,497.76362620200007,/api/quotes/latest,0.0036849109997092455,400,True
micronaut,2026-10-02T19:26:03.213518+00:00,497.76362620200007,/api/quotes/history,0.002135956000074657,3583,True
micronaut,2026-10-02T19:26:04.240629+00:00,498.7937008050003,/api/quotes/latest,0.002907346000029065,400,True
micronaut,2026-10-02T19:26:04.242270+00:00,498.7937008050003,/api/quotes/history,0.001597408000179712,3583,True
micronaut,2026-10-02T19:26:05.258191+00:00,499.80355563800003,/api/quotes/latest,0.010616214000037871,400,True
micronaut,2026-10-02T19:26:05.261163+00:00,499.80355563800003,/api/quotes/history,0.0029268540001794463,3583,True
micronaut,2026-10-02T19:26:06.273793+00:00,500.82554641700017,/api/quotes/latest,0.004226790999837249,400,True
micronaut,2026-10-02T19:26:06.275729+00:00,500.82554641700017,/api/quotes/history,0.0018902120000348077,3583,True
micronaut,2026-10-02T19:26:07.282783+00:00,501.8364544780002,/api/quotes/latest,0.0023080010000740003,400,True
micronaut,2026-10-02T19:26:07.284366+00:00,501.8364544780002,/api/quotes/history,0.0015389259997391491,3583,True
micronaut,2026-10-02T19:26:08.291921+00:00,502.8454933850003,/api/quotes/latest,0.0024068510001598042,400,True
micronaut,2026-10-02T19:26:08.293499+00:00,502.8454933850003,/api/quotes/history,0.001488386999881186,3583,True
micronaut,2026-10-02T19:26:09.302567+00:00,503.85462627800007,/api/quotes/latest,0.003921392999927775,400,True
micronaut,2026-10-02T19:26:09.305355+00:00,503.85462627800007,/api/quotes/history,0.0027444310003374994,3583,True
micronaut,2026-10-02T19:26:10.336019+00:00,504.8884263160003,/api/quotes/latest,0.003572788000383298,400,True
micronaut,2026-10-02T19:26:10.338621+00:00,504.8884263160003,/api/quotes/history,0.002558870000029856,3583,True
micronaut,2026-10-02T19:26:11.369563+00:00,505.9232181520001,/api/quotes/latest,0.0023266910002348595,400,True
micronaut,2026-10-02T19:26:11.372392+00:00,505.9232181520001,/api/quotes/history,0.0028019740002491744,3583,True
micronaut,2026-10-02T19:26:12.379594+00:00,506.9334658470002,/api/quotes/latest,0.0021069490003355895,400,True
micronaut,2026-10-02T19:26:12.381432+00:00,506.9334658470002,/api/quotes/history,0.0017961040002774098,3583,True
micronaut,2026-10-02T19:26:13.389759+00:00,507.94318343700024,/api/quotes/latest,0.0025564019997545984,400,True
micronaut,2026-10-02T19:26:13.392196+00:00,507.94318343700024,/api/quotes/history,0.002369388999795774,3583,True
micronaut,2026-10-02T19:26:14.399535+00:00,508.953212592,/api/quotes/latest,0.00230182799987233,400,True
micronaut,2026-10-02T19:26:14.401536+00:00,508.953212592,/api/quotes/history,0.0019579669997256133,3583,True
micronaut,2026-10-02T19:26:15.417403+00:00,509.96531750600025,/api/quotes/latest,0.00806559800003015,400,True
micronaut,2026-10-02T19:26:15.419309+00:00,509.96531750600025,/api/quotes/history,0.0018595299998196424,3583,True
micronaut,2026-10-02T19:26:16.432364+00:00,510.9860142790003,/api/quotes/latest,0.0023096589998203854,400,True
micronaut,2026-10-02T19:26:16.436381+00:00,510.9860142790003,/api/quotes/history,0.0039781559999028104,3583,True
micronaut,2026-10-02T19:26:17.448489+00:00,512.0004693690003,/api/quotes/latest,0.004000806000021839,400,True
micronaut,2026-10-02T19:26:17.450530+00:00,512.0004693690003,/api/quotes/history,0.0019950400001107482,3583,True
micronaut,2026-10-02T19:26:18.459557+00:00,513.01227694,/api/quotes/latest,0.003260506000060559,400,True
micronaut,2026-10-02T19:26:18.461772+00:00,513.01227694,/api/quotes/history,0.0021588069998870196,3583,True
micronaut,2026-10-02T19:26:19.469780+00:00,514.023389679,/api/quotes/latest,0.0023722420000922284,400,True
micronaut,2026-10-02T19:26:19.472761+00:00,514.023389679,/api/quotes/history,0.0029353350000747014,3583,True
micronaut,2026-10-02T19:26:20.481681+00:00,515.0339100870001,/api/quotes/latest,0.002062449999812088,400,True
micronaut,2026-10-02T19:26:20.483399+00:00,515.0339100870001,/api/quotes/history,0.0016860329997143708,3583,True
micronaut,2026-10-02T19:26:21.491244+00:00,516.0444794989999,/api/quotes/latest,0.0027459079997242952,400,True
micronaut,2026-10-02T19:26:21.493062+00:00,516.0444794989999,/api/quotes/history,0.0017657739999776823,3583,True
micronaut,2026-10-02T19:26:22.500319+00:00,517.0541174720001,/api/quotes/latest,0.002181349000238697,400,True
micronaut,2026-10-02T19:26:22.502526+00:00,517.0541174720001,/api/quotes/history,0.0021620050001729396,3583,True
micronaut,2026-10-02T19:26:23.509512+00:00,518.063006545,/api/quotes/latest,0.0024850889999470382,400,True
micronaut,2026-10-02T19:26:23.511181+00:00,518.063006545,/api/quotes/history,0.0016223990000980848,3583,True
micronaut,2026-10-02T19:26:24.525114+00:00,519.0727983470001,/api/quotes/latest,0.008296378000068216,400,True
micronaut,2026-10-02T19:26:24.528432+00:00,519.0727983470001,/api/quotes/history,0.003277241999967373,3583,True
micronaut,2026-10-02T19:26:25.549244+00:00,520.0944027310002,/api/quotes/latest,0.010822020999967208,400,True
micronaut,2026-10-02T19:26:25.551018+00:00,520.0944027310002,/api/quotes/history,0.0017279090002375597,3583,True
micronaut,2026-10-02T19:26:26.558629+00:00,521.1121215460003,/api/quotes/latest,0.002486231000148109,400,True
micronaut,2026-10-02T19:26:26.562335+00:00,521.1121215460003,/api/quotes/history,0.0035349129998394346,3583,True
micronaut,2026-10-02T19:26:27.569812+00:00,522.1234666750001,/api/quotes/latest,0.002326933999938774,400,True
micronaut,2026-10-02T19:26:27.572205+00:00,522.1234666750001,/api/quotes/history,0.002349987999878067,3583,True
micronaut,2026-10-02T19:26:28.579439+00:00,523.1331923590001,/api/quotes/latest,0.0022255540002333873,400,True
micronaut,2026-10-02T19:26:28.580988+00:00,523.1331923590001,/api/quotes/history,0.0015047940000840754,3583,True
micronaut,2026-10-02T19:26:29.589131+00:00,524.1424529260003,/api/quotes/latest,0.0026585549999254,400,True
micronaut,2026-10-02T19:26:29.591025+00:00,524.1424529260003,/api/quotes/history,0.001847208000071987,3583,True
micronaut,2026-10-02T19:26:30.606175+00:00,525.1594114540003,/api/quotes/latest,0.002755629000148474,400,True
micronaut,2026-10-02T19:26:30.611601+00:00,525.1594114540003,/api/quotes/history,0.005307576000177505,3583,True
micronaut,2026-10-02T19:26:31.619147+00:00,526.1725390760002,/api/quotes/latest,0.0025886540001920366,400,True
micronaut,2026-10-02T19:26:31.622364+00:00,526.1725390760002,/api/quotes/history,0.0031753620000927185,3583,True
micronaut,2026-10-02T19:26:32.655212+00:00,527.2079976270002,/api/quotes/latest,0.003195952999703877,400,True
micronaut,2026-10-02T19:26:32.658740+00:00,527.2079976270002,/api/quotes/history,0.0034853280003517284,3583,True
micronaut,2026-10-02T19:26:33.666451+00:00,528.2202293579999,/api/quotes/latest,0.0022014179999132466,400,True
micronaut,2026-10-02T19:26:33.667927+00:00,528.2202293579999,/api/quotes/history,0.0014334379998217628,3583,True
micronaut,2026-10-02T19:26:34.683238+00:00,529.2285242060002,/api/quotes/latest,0.010694008999962534,400,True
micronaut,2026-10-02T19:26:34.685439+00:00,529.2285242060002,/api/quotes/history,0.002154753000013443,3583,True
micronaut,2026-10-02T19:26:35.697393+00:00,530.2506466039999,/api/quotes/latest,0.002726511000219034,400,True
micronaut,2026-10-02T19:26:35.700073+00:00,530.2506466039999,/api/quotes/history,0.0026330939999752445,3583,True
micronaut,2026-10-02T19:26:36.707849+00:00,531.261295449,/api/quotes/latest,0.0025338619998365175,400,True
micronaut,2026-10-02T19:26:36.709801+00:00,531.261295449,/api/quotes/history,0.0019051959998250823,3583,True
micronaut,2026-10-02T19:26:37.717053+00:00,532.2707348490003,/api/quotes/latest,0.0022976410000410397,400,True
micronaut,2026-10-02T19:26:37.718946+00:00,532.2707348490003,/api/quotes/history,0.0018053779999718245,3583,True
micronaut,2026-10-02T19:26:38.725770+00:00,533.2795035500003,/api/quotes/latest,0.002245911000045453,400,True
micronaut,2026-10-02T19:26:38.727260+00:00,533.2795035500003,/api/quotes/history,0.0014457520001087687,3583,True
micronaut,2026-10-02T19:26:39.734370+00:00,534.2880726829999,/api/quotes/latest,0.0022765759999856527,400,True
micronaut,2026-10-02T19:26:39.738321+00:00,534.2880726829999,/api/quotes/history,0.003912573999969027,3583,True
micronaut,2026-10-02T19:26:40.747224+00:00,535.300901739,/api/quotes/latest,0.002301411000189546,400,True
micronaut,2026-10-02T19:26:40.751069+00:00,535.300901739,/api/quotes/history,0.003834698999980901,3583,True
micronaut,2026-10-02T19:26:41.759127+00:00,536.3128129490001,/api/quotes/latest,0.002293340000051103,400,True
micronaut,2026-10-02T19:26:41.760600+00:00,536.3128129490001,/api/quotes/history,0.00143043200023385,3583,True
micronaut,2026-10-02T19:26:42.768304+00:00,537.321728031,/api/quotes/latest,0.0025552179999976943,400,True
micronaut,2026-10-02T19:26:42.770226+00:00,537.321728031,/api/quotes/history,0.001883423999970546,3583,True
micronaut,2026-10-02T19:26:43.777243+00:00,538.330976622,/api/quotes/latest,0.0022460200002569763,400,True
micronaut,2026-10-02T19:26:43.778709+00:00,538.330976622,/api/quotes/history,0.0014121899998826848,3583,True
micronaut,2026-10-02T19:26:44.793906+00:00,539.339565361,/api/quotes/latest,0.010322954000002937,400,True
micronaut,2026-10-02T19:26:44.795729+00:00,539.339565361,/api/quotes/history,0.0017171800000141957,3583,True
micronaut,2026-10-02T19:26:45.809499+00:00,540.3609885320002,/api/quotes/latest,0.004497331000038685,400,True
micronaut,2026-10-02T19:26:45.819133+00:00,540.3609885320002,/api/quotes/history,0.009570206999796937,3982,True
micronaut,2026-10-02T19:26:46.827118+00:00,541.380248506,/api/quotes/latest,0.0028484770000432036,400,True
micronaut,2026-10-02T19:26:46.830701+00:00,541.380248506,/api/quotes/history,0.0035401530003582593,3982,True
micronaut,2026-10-02T19:26:47.837766+00:00,542.3910760520002,/api/quotes/latest,0.0026715050003076612,400,True
micronaut,2026-10-02T19:26:47.841322+00:00,542.3910760520002,/api/quotes/history,0.003507720000015979,3982,True
micronaut,2026-10-02T19:26:48.849526+00:00,543.4026858030002,/api/quotes/latest,0.0028194860001349298,400,True
micronaut,2026-10-02T19:26:48.851095+00:00,543.4026858030002,/api/quotes/history,0.0015260989998751029,3982,True
micronaut,2026-10-02T19:26:49.858458+00:00,544.411977058,/api/quotes/latest,0.002461267999933625,400,True
micronaut,2026-10-02T19:26:49.860090+00:00,544.411977058,/api/quotes/history,0.0015849380001782265,3982,True
micronaut,2026-10-02T19:26:50.869238+00:00,545.422995596,/api/quotes/latest,0.0022214440000425384,400,True
micronaut,2026-10-02T19:26:50.871307+00:00,545.422995596,/api/quotes/history,0.002030780000040977,3982,True
micronaut,2026-10-02T19:26:51.878563+00:00,546.4324993099999,/api/quotes/latest,0.002043556999979046,400,True
micronaut,2026-10-02T19:26:51.880087+00:00,546.4324993099999,/api/quotes/history,0.0014813970001341659,3982,True
micronaut,2026-10-02T19:26:52.900699+00:00,547.4545314460001,/api/quotes/latest,0.002146719999927882,400,True
micronaut,2026-10-02T19:26:52.904374+00:00,547.4545314460001,/api/quotes/history,0.0036324259999673814,3982,True
micronaut,2026-10-02T19:26:53.912500+00:00,548.4659654669999,/api/quotes/latest,0.002513673000066774,400,True
micronaut,2026-10-02T19:26:53.915378+00:00,548.4659654669999,/api/quotes/history,0.0028352290000839275,3982,True
micronaut,2026-10-02T19:26:54.930275+00:00,549.4769054170001,/api/quotes/latest,0.00935118200004581,400,True
micronaut,2026-10-02T19:26:54.932062+00:00,549.4769054170001,/api/quotes/history,0.001739114999963931,3982,True
micronaut,2026-10-02T19:26:55.945201+00:00,550.4975945720003,/api/quotes/latest,0.0035846430000674445,400,True
micronaut,2026-10-02T19:26:55.946729+00:00,550.4975945720003,/api/quotes/history,0.0014883700000609679,3982,True
micronaut,2026-10-02T19:26:56.954276+00:00,551.50777234,/api/quotes/latest,0.0024851890002537402,400,True
micronaut,2026-10-02T19:26:56.957227+00:00,551.50777234,/api/quotes/history,0.0029068559997540433,3982,True
micronaut,2026-10-02T19:26:57.965913+00:00,552.5183358170002,/api/quotes/latest,0.0035565819998737425,400,True
micronaut,2026-10-02T19:26:57.969472+00:00,552.5183358170002,/api/quotes/history,0.00346116799983065,3982,True
micronaut,2026-10-02T19:26:58.976661+00:00,553.530430019,/api/quotes/latest,0.002211487999829842,400,True
micronaut,2026-10-02T19:26:58.978771+00:00,553.530430019,/api/quotes/history,0.00206328099966413,3982,True
micronaut,2026-10-02T19:26:59.985866+00:00,554.539775066,/api/quotes/latest,0.0020698139996966347,400,True
micronaut,2026-10-02T19:26:59.987501+00:00,554.539775066,/api/quotes/history,0.0015947820002111257,3982,True
micronaut,2026-10-02T19:27:00.996549+00:00,555.550417763,/api/quotes/latest,0.002111516000240954,400,True
micronaut,2026-10-02T19:27:00.999543+00:00,555.550417763,/api/quotes/history,0.0029514049997487746,3982,True
micronaut,2026-10-02T19:27:02.033107+00:00,556.586867339,/api/quotes/latest,0.0022193869999682647,400,True
micronaut,2026-10-02T19:27:02.034609+00:00,556.586867339,/api/quotes/history,0.0014590240002689825,3982,True
micronaut,2026-10-02T19:27:03.041644+00:00,557.5953391070002,/api/quotes/latest,0.0022845739999866055,400,True
micronaut,2026-10-02T19:27:03.043490+00:00,557.5953391070002,/api/quotes/history,0.00180133100002422,3982,True
micronaut,2026-10-02T19:27:04.050369+00:00,558.604154658,/api/quotes/latest,0.0021945619996586174,400,True
micronaut,2026-10-02T19:27:04.052105+00:00,558.604154658,/api/quotes/history,0.00169112599996879,3982,True
micronaut,2026-10-02T19:27:05.060751+00:00,559.6145451329999,/api/quotes/latest,0.002192649000335223,400,True
micronaut,2026-10-02T19:27:05.062364+00:00,559.6145451329999,/api/quotes/history,0.0015821530000721395,3982,True
micronaut,2026-10-02T19:27:06.073695+00:00,560.6273721060002,/api/quotes/latest,0.002303600000232109,400,True
micronaut,2026-10-02T19:27:06.075375+00:00,560.6273721060002,/api/quotes/history,0.0016343869997399452,3982,True
micronaut,2026-10-02T19:27:07.084488+00:00,561.6370652680002,/api/quotes/latest,0.0034015309997812437,400,True
micronaut,2026-10-02T19:27:07.103178+00:00,561.6370652680002,/api/quotes/history,0.018651894999948126,3982,True
micronaut,2026-10-02T19:27:08.118750+00:00,562.664172756,/api/quotes/latest,0.010556679000274016,400,True
micronaut,2026-10-02T19:27:08.120748+00:00,562.664172756,/api/quotes/history,0.001961158000085561,3982,True
micronaut,2026-10-02T19:27:09.128092+00:00,563.681924989,/api/quotes/latest,0.0021456509998643014,400,True
micronaut,2026-10-02T19:27:09.131209+00:00,563.681924989,/api/quotes/history,0.003064494000227569,3982,True
micronaut,2026-10-02T19:27:10.140000+00:00,564.693563838,/api/quotes/latest,0.0024175399998966896,400,True
micronaut,2026-10-02T19:27:10.143088+00:00,564.693563838,/api/quotes/history,0.0030415419996643323,3982,True
micronaut,2026-10-02T19:27:11.152775+00:00,565.7064506070001,/api/quotes/latest,0.002303407999988849,400,True
micronaut,2026-10-02T19:27:11.157398+00:00,565.7064506070001,/api/quotes/history,0.004577382000206853,3982,True
micronaut,2026-10-02T19:27:12.164325+00:00,566.717986695,/api/quotes/latest,0.002317485999810742,400,True
micronaut,2026-10-02T19:27:12.167877+00:00,566.717986695,/api/quotes/history,0.0035105219999422843,3982,True
micronaut,2026-10-02T19:27:13.175373+00:00,567.72896786,/api/quotes/latest,0.0023862389998612343,400,True
micronaut,2026-10-02T19:27:13.177402+00:00,567.72896786,/api/quotes/history,0.0019838600001094164,3982,True
micronaut,2026-10-02T19:27:14.184084+00:00,568.7376990890002,/api/quotes/latest,0.002365419999932783,400,True
micronaut,2026-10-02T19:27:14.185759+00:00,568.7376990890002,/api/quotes/history,0.0015027009999357688,3982,True
micronaut,2026-10-02T19:27:15.195128+00:00,569.748815551,/api/quotes/latest,0.002292668000336562,400,True
micronaut,2026-10-02T19:27:15.196896+00:00,569.748815551,/api/quotes/history,0.0017250560003958526,3982,True
micronaut,2026-10-02T19:27:16.209138+00:00,570.7627929250002,/api/quotes/latest,0.0023243819996423554,400,True
micronaut,2026-10-02T19:27:16.210749+00:00,570.7627929250002,/api/quotes/history,0.0015655929996682971,3982,True
micronaut,2026-10-02T19:27:17.221330+00:00,571.7751562040003,/api/quotes/latest,0.0021732249997512554,400,True
micronaut,2026-10-02T19:27:17.224164+00:00,571.7751562040003,/api/quotes/history,0.0027671230000123614,3982,True
micronaut,2026-10-02T19:27:18.231248+00:00,572.7851754180001,/api/quotes/latest,0.0020516500003395777,400,True
micronaut,2026-10-02T19:27:18.234410+00:00,572.7851754180001,/api/quotes/history,0.0031113959998947394,3982,True
micronaut,2026-10-02T19:27:19.242156+00:00,573.7955934760002,/api/quotes/latest,0.0025421549999009585,400,True
micronaut,2026-10-02T19:27:19.243653+00:00,573.7955934760002,/api/quotes/history,0.001450855999792111,3982,True
micronaut,2026-10-02T19:27:20.251831+00:00,574.805035543,/api/quotes/latest,0.002774758000214206,400,True
micronaut,2026-10-02T19:27:20.253750+00:00,574.805035543,/api/quotes/history,0.0018797289999383793,3982,True
micronaut,2026-10-02T19:27:21.263031+00:00,575.8164291170001,/api/quotes/latest,0.002566379999734636,400,True
micronaut,2026-10-02T19:27:21.266566+00:00,575.8164291170001,/api/quotes/history,0.0034920250000141095,3982,True
micronaut,2026-10-02T19:27:22.274675+00:00,576.8284452140001,/api/quotes/latest,0.002241512999717088,400,True
micronaut,2026-10-02T19:27:22.276774+00:00,576.8284452140001,/api/quotes/history,0.0020168959999864455,3982,True
micronaut,2026-10-02T19:27:23.284777+00:00,577.8380999270003,/api/quotes/latest,0.0026563239998722565,400,True
micronaut,2026-10-02T19:27:23.286343+00:00,577.8380999270003,/api/quotes/history,0.0015217860000120709,3982,True
micronaut,2026-10-02T19:27:24.306399+00:00,578.8590691479999,/api/quotes/latest,0.003311915999802295,400,True
micronaut,2026-10-02T19:27:24.308956+00:00,578.8590691479999,/api/quotes/history,0.002503347000128997,3982,True
micronaut,2026-10-02T19:27:25.347934+00:00,579.892334437,/api/quotes/latest,0.011620975999903749,400,True
micronaut,2026-10-02T19:27:25.349998+00:00,579.892334437,/api/quotes/history,0.0019749560001400823,3982,True
micronaut,2026-10-02T19:27:26.362130+00:00,580.915848907,/api/quotes/latest,0.0022763219999433204,400,True
micronaut,2026-10-02T19:27:26.363767+00:00,580.915848907,/api/quotes/history,0.0015740540002298076,3982,True
micronaut,2026-10-02T19:27:27.373342+00:00,581.92652619,/api/quotes/latest,0.002796357000079297,400,True
micronaut,2026-10-02T19:27:27.375798+00:00,581.92652619,/api/quotes/history,0.0024019449997467746,3982,True
micronaut,2026-10-02T19:27:28.386245+00:00,582.9378726200002,/api/quotes/latest,0.004352626000127202,400,True
micronaut,2026-10-02T19:27:28.388620+00:00,582.9378726200002,/api/quotes/history,0.0023230910001075245,3982,True
micronaut,2026-10-02T19:27:29.398159+00:00,583.9513092020002,/api/quotes/latest,0.0028316010002527037,400,True
micronaut,2026-10-02T19:27:29.399996+00:00,583.9513092020002,/api/quotes/history,0.0017846979999376344,3982,True
micronaut,2026-10-02T19:27:30.409091+00:00,584.9622849430002,/api/quotes/latest,0.002786554999602231,400,True
micronaut,2026-10-02T19:27:30.410891+00:00,584.9622849430002,/api/quotes/history,0.0017510760003460746,3982,True
micronaut,2026-10-02T19:27:31.420915+00:00,585.9746384939999,/api/quotes/latest,0.0023193440001705312,400,True
micronaut,2026-10-02T19:27:31.422830+00:00,585.9746384939999,/api/quotes/history,0.0018020290003732953,3982,True
micronaut,2026-10-02T19:27:32.431700+00:00,586.9852729570002,/api/quotes/latest,0.0024066310002126556,400,True
micronaut,2026-10-02T19:27:32.434420+00:00,586.9852729570002,/api/quotes/history,0.002671157999884599,3982,True
micronaut,2026-10-02T19:27:33.437421+00:00,587.99027019,/api/quotes/latest,0.003132509999886679,400,True
micronaut,2026-10-02T19:27:33.441246+00:00,587.99027019,/api/quotes/history,0.003772708000269631,3982,True
micronaut,2026-10-02T19:27:34.450682+00:00,589.0039700010002,/api/quotes/latest,0.002693115000056423,400,True
micronaut,2026-10-02T19:27:34.452882+00:00,589.0039700010002,/api/quotes/history,0.002131956000084756,3982,True
micronaut,2026-10-02T19:27:35.473193+00:00,590.015170145,/api/quotes/latest,0.009956728000361181,400,True
micronaut,2026-10-02T19:27:35.476106+00:00,590.015170145,/api/quotes/history,0.002871407999919029,3982,True
micronaut,2026-10-02T19:27:36.483859+00:00,591.0376136190002,/api/quotes/latest,0.002225009000085265,400,True
micronaut,2026-10-02T19:27:36.485457+00:00,591.0376136190002,/api/quotes/history,0.0015546119998361974,3982,True
micronaut,2026-10-02T19:27:37.495114+00:00,592.048784177,/api/quotes/latest,0.0023102929999367916,400,True
micronaut,2026-10-02T19:27:37.496902+00:00,592.048784177,/api/quotes/history,0.0017405139997208607,3982,True
micronaut,2026-10-02T19:27:38.505406+00:00,593.0593851550002,/api/quotes/latest,0.0019998640000267187,400,True
micronaut,2026-10-02T19:27:38.506926+00:00,593.0593851550002,/api/quotes/history,0.0014781290001337766,3982,True
micronaut,2026-10-02T19:27:39.516557+00:00,594.0695609190002,/api/quotes/latest,0.0029771429999527754,400,True
micronaut,2026-10-02T19:27:39.518931+00:00,594.0695609190002,/api/quotes/history,0.0023169400001279428,3982,True
micronaut,2026-10-02T19:27:40.531311+00:00,595.0836375540002,/api/quotes/latest,0.0036535650001496833,400,True
micronaut,2026-10-02T19:27:40.533059+00:00,595.0836375540002,/api/quotes/history,0.001688357000148244,3982,True
micronaut,2026-10-02T19:27:41.542553+00:00,596.0953000509999,/api/quotes/latest,0.0032347339997613744,400,True
micronaut,2026-10-02T19:27:41.544552+00:00,596.0953000509999,/api/quotes/history,0.0019419320001361484,3982,True
micronaut,2026-10-02T19:27:42.556126+00:00,597.1081196190003,/api/quotes/latest,0.003988118000052054,400,True
micronaut,2026-10-02T19:27:42.558344+00:00,597.1081196190003,/api/quotes/history,0.0021600840000246535,3982,True
micronaut,2026-10-02T19:27:43.569013+00:00,598.1211592529999,/api/quotes/latest,0.0038353830000232847,400,True
micronaut,2026-10-02T19:27:43.571294+00:00,598.1211592529999,/api/quotes/history,0.0021563210002568667,3982,True
micronaut,2026-10-02T19:27:44.586975+00:00,599.1327118660001,/api/quotes/latest,0.010244058999887784,400,True
micronaut,2026-10-02T19:27:44.589236+00:00,599.1327118660001,/api/quotes/history,0.0022156990003168175,3982,True
micronaut,2026-10-02T19:27:45.620721+00:00,600.1743068790001,/api/quotes/latest,0.002393823000147677,400,True
micronaut,2026-10-02T19:27:45.623488+00:00,600.1743068790001,/api/quotes/history,0.0027277959998173174,4381,True
micronaut,2026-10-02T19:27:50.722018+00:00,605.2389419750002,/api/quotes/latest,0.03905760499992539,400,True
micronaut,2026-10-02T19:27:50.724473+00:00,605.2389419750002,/api/quotes/history,0.002411186000244925,4381,True
micronaut,2026-10-02T19:27:55.714113+00:00,610.259594015,/api/quotes/latest,0.010500865999802045,400,True
micronaut,2026-10-02T19:27:55.716068+00:00,610.259594015,/api/quotes/history,0.0019108980000055453,4381,True
micronaut,2026-10-02T19:28:00.752177+00:00,615.3049977129999,/api/quotes/latest,0.003159412000059092,400,True
micronaut,2026-10-02T19:28:00.754990+00:00,615.3049977129999,/api/quotes/history,0.002768019000086497,4381,True
micronaut,2026-10-02T19:28:05.797170+00:00,620.343018304,/api/quotes/latest,0.010133076999863988,400,True
micronaut,2026-10-02T19:28:05.799106+00:00,620.343018304,/api/quotes/history,0.0018898200000876386,4381,True
micronaut,2026-10-02T19:28:10.803073+00:00,625.3560556960001,/api/quotes/latest,0.002999247999923682,400,True
micronaut,2026-10-02T19:28:10.805403+00:00,625.3560556960001,/api/quotes/history,0.0022748029996364494,4381,True
micronaut,2026-10-02T19:28:15.844996+00:00,630.3983596480002,/api/quotes/latest,0.0026166890002059517,400,True
micronaut,2026-10-02T19:28:15.846948+00:00,630.3983596480002,/api/quotes/history,0.0018574539999463013,4381,True
micronaut,2026-10-02T19:28:20.881823+00:00,635.435647198,/api/quotes/latest,0.0021561410003414494,400,True
micronaut,2026-10-02T19:28:20.885414+00:00,635.435647198,/api/quotes/history,0.003543342999819288,4381,True
micronaut,2026-10-02T19:28:25.940112+00:00,640.484720551,/api/quotes/latest,0.011372700999800145,400,True
micronaut,2026-10-02T19:28:25.942101+00:00,640.484720551,/api/quotes/history,0.0019385129999136552,4381,True
micronaut,2026-10-02T19:28:30.940728+00:00,645.4940216969999,/api/quotes/latest,0.002685773000393965,400,True
micronaut,2026-10-02T19:28:30.943048+00:00,645.4940216969999,/api/quotes/history,0.0022691589997521078,4381,True
micronaut,2026-10-02T19:28:35.998959+00:00,650.5407311520003,/api/quotes/latest,0.014244782000332634,400,True
micronaut,2026-10-02T19:28:36.001066+00:00,650.5407311520003,/api/quotes/history,0.0020087990001229628,4381,True
micronaut,2026-10-02T19:28:41.006051+00:00,655.5588952840003,/api/quotes/latest,0.0031371570003102534,400,True
micronaut,2026-10-02T19:28:41.008193+00:00,655.5588952840003,/api/quotes/history,0.0020852600000580424,4381,True
micronaut,2026-10-02T19:28:46.059342+00:00,660.6041082050001,/api/quotes/latest,0.011213205000331072,400,True
micronaut,2026-10-02T19:28:46.062199+00:00,660.6041082050001,/api/quotes/history,0.0028032440000060888,4780,True
micronaut,2026-10-02T19:28:51.084307+00:00,665.6367069080002,/api/quotes/latest,0.003580969999802619,400,True
micronaut,2026-10-02T19:28:51.086157+00:00,665.6367069080002,/api/quotes/history,0.001792953999938618,4780,True
micronaut,2026-10-02T19:28:56.137229+00:00,670.680212147,/api/quotes/latest,0.012997351000194612,400,True
micronaut,2026-10-02T19:28:56.139428+00:00,670.680212147,/api/quotes/history,0.0021366060000218567,4780,True
micronaut,2026-10-02T19:29:01.132101+00:00,675.6852102739999,/api/quotes/latest,0.002872516000024916,400,True
micronaut,2026-10-02T19:29:01.135535+00:00,675.6852102739999,/api/quotes/history,0.0033764489999157377,4780,True
micronaut,2026-10-02T19:29:06.175125+00:00,680.7283983890002,/api/quotes/latest,0.0027077139998255007,400,True
micronaut,2026-10-02T19:29:06.177191+00:00,680.7283983890002,/api/quotes/history,0.0020136749999437598,4780,True
micronaut,2026-10-02T19:29:11.217231+00:00,685.7703790599999,/api/quotes/latest,0.0028323489996182616,400,True
micronaut,2026-10-02T19:29:11.219095+00:00,685.7703790599999,/api/quotes/history,0.0018065859999296663,4780,True
micronaut,2026-10-02T19:29:16.274308+00:00,690.8168211130001,/api/quotes/latest,0.013465917999837984,400,True
micronaut,2026-10-02T19:29:16.276585+00:00,690.8168211130001,/api/quotes/history,0.0022280469997895125,4780,True
micronaut,2026-10-02T19:29:21.271944+00:00,695.8252505390001,/api/quotes/latest,0.002732246000050509,400,True
micronaut,2026-10-02T19:29:21.273923+00:00,695.8252505390001,/api/quotes/history,0.0018592599999465165,4780,True
micronaut,2026-10-02T19:29:26.321769+00:00,700.8662864940002,/api/quotes/latest,0.011464342999715882,400,True
micronaut,2026-10-02T19:29:26.323686+00:00,700.8662864940002,/api/quotes/history,0.0018669820001377957,4780,True
micronaut,2026-10-02T19:29:31.314408+00:00,705.8677039270001,/api/quotes/latest,0.0026849729997593386,400,True
micronaut,2026-10-02T19:29:31.316242+00:00,705.8677039270001,/api/quotes/history,0.0017882320003081986,4780,True
micronaut,2026-10-02T19:29:36.369713+00:00,710.9148048530001,/api/quotes/latest,0.010888519999753044,400,True
micronaut,2026-10-02T19:29:36.371337+00:00,710.9148048530001,/api/quotes/history,0.0015791969999554567,4780,True
micronaut,2026-10-02T19:29:41.361852+00:00,715.9151693180002,/api/quotes/latest,0.002664312999968388,400,True
micronaut,2026-10-02T19:29:41.363870+00:00,715.9151693180002,/api/quotes/history,0.001961350999863498,4780,True
micronaut,2026-10-02T19:29:46.416894+00:00,720.963441201,/api/quotes/latest,0.009434080999653816,400,True
micronaut,2026-10-02T19:29:46.418879+00:00,720.963441201,/api/quotes/history,0.00193185700027243,5179,True
micronaut,2026-10-02T19:29:51.459130+00:00,726.0125731410003,/api/quotes/latest,0.0025372099999003694,400,True
micronaut,2026-10-02T19:29:51.460960+00:00,726.0125731410003,/api/quotes/history,0.001775022999936482,5179,True
micronaut,2026-10-02T19:29:56.475252+00:00,731.017141928,/api/quotes/latest,0.01409244700016643,400,True
micronaut,2026-10-02T19:29:56.478026+00:00,731.017141928,/api/quotes/history,0.0027239739997639845,5179,True
micronaut,2026-10-02T19:30:01.474947+00:00,736.028960137,/api/quotes/latest,0.001966614999673766,400,True
micronaut,2026-10-02T19:30:01.476664+00:00,736.028960137,/api/quotes/history,0.001625419999982114,5179,True
micronaut,2026-10-02T19:30:06.517436+00:00,741.0704421390001,/api/quotes/latest,0.002975099000195769,400,True
micronaut,2026-10-02T19:30:06.519346+00:00,741.0704421390001,/api/quotes/history,0.0018562000000201806,5179,True
micronaut,2026-10-02T19:30:11.559666+00:00,746.1131316300002,/api/quotes/latest,0.002514810999855399,400,True
micronaut,2026-10-02T19:30:11.563475+00:00,746.1131316300002,/api/quotes/history,0.003754761999971379,5179,True
micronaut,2026-10-02T19:30:16.583122+00:00,751.1265692040001,/api/quotes/latest,0.012533446999896114,400,True
micronaut,2026-10-02T19:30:16.585107+00:00,751.1265692040001,/api/quotes/history,0.0019355969998287037,5179,True
micronaut,2026-10-02T19:30:21.573869+00:00,756.126640169,/api/quotes/latest,0.0032120569999278814,400,True
micronaut,2026-10-02T19:30:21.576033+00:00,756.126640169,/api/quotes/history,0.0020545540000966867,5179,True
micronaut,2026-10-02T19:30:26.627481+00:00,761.1736064219999,/api/quotes/latest,0.009855478000190487,400,True
micronaut,2026-10-02T19:30:26.629184+00:00,761.1736064219999,/api/quotes/history,0.0018427690001772135,5179,True
micronaut,2026-10-02T19:30:31.662145+00:00,766.2156954530001,/api/quotes/latest,0.002430582999750186,400,True
micronaut,2026-10-02T19:30:31.665438+00:00,766.2156954530001,/api/quotes/history,0.0032420870002169977,5179,True
micronaut,2026-10-02T19:30:36.715252+00:00,771.2587073680002,/api/quotes/latest,0.012524362000021938,400,True
micronaut,2026-10-02T19:30:36.717308+00:00,771.2587073680002,/api/quotes/history,0.002005650000228343,5179,True
micronaut,2026-10-02T19:30:41.726165+00:00,776.2790058609999,/api/quotes/latest,0.003139523999834637,400,True
micronaut,2026-10-02T19:30:41.728278+00:00,776.2790058609999,/api/quotes/history,0.0020591709999280283,5179,True
micronaut,2026-10-02T19:30:46.780044+00:00,781.324866471,/api/quotes/latest,0.011157244000060018,400,True
micronaut,2026-10-02T19:30:46.782141+00:00,781.324866471,/api/quotes/history,0.002045618000011018,5578,True
micronaut,2026-10-02T19:30:51.772947+00:00,786.3257059349999,/api/quotes/latest,0.0032252720002361457,400,True
micronaut,2026-10-02T19:30:51.775108+00:00,786.3257059349999,/api/quotes/history,0.0020561609999276698,5578,True
micronaut,2026-10-02T19:30:56.804844+00:00,791.3583984530001,/api/quotes/latest,0.0024260039999717264,400,True
micronaut,2026-10-02T19:30:56.806784+00:00,791.3583984530001,/api/quotes/history,0.0018870069998229155,5578,True
micronaut,2026-10-02T19:31:01.849373+00:00,796.40004989,/api/quotes/latest,0.005305261999637878,400,True
micronaut,2026-10-02T19:31:01.851265+00:00,796.40004989,/api/quotes/history,0.0018296040002496738,5578,True
micronaut,2026-10-02T19:31:06.881801+00:00,801.425495902,/api/quotes/latest,0.012287131999983103,400,True
micronaut,2026-10-02T19:31:06.883969+00:00,801.425495902,/api/quotes/history,0.0021150630000192905,5578,True
micronaut,2026-10-02T19:31:11.920794+00:00,806.4745793299999,/api/quotes/latest,0.002195652000409609,400,True
micronaut,2026-10-02T19:31:11.924620+00:00,806.4745793299999,/api/quotes/history,0.003778211000280862,5578,True
micronaut,2026-10-02T19:31:16.976849+00:00,811.5196428170002,/api/quotes/latest,0.01318579700000555,400,True
micronaut,2026-10-02T19:31:16.984532+00:00,811.5196428170002,/api/quotes/history,0.007636768000338634,5578,True
micronaut,2026-10-02T19:31:21.972869+00:00,816.5260160510002,/api/quotes/latest,0.002833693999946263,400,True
micronaut,2026-10-02T19:31:21.974766+00:00,816.5260160510002,/api/quotes/history,0.0018463579999661306,5578,True
micronaut,2026-10-02T19:31:27.028371+00:00,821.5724684420002,/api/quotes/latest,0.01188343600006192,400,True
micronaut,2026-10-02T19:31:27.030283+00:00,821.5724684420002,/api/quotes/history,0.001861748000010266,5578,True
micronaut,2026-10-02T19:31:32.029151+00:00,826.5823682549999,/api/quotes/latest,0.0027640449998216354,400,True
micronaut,2026-10-02T19:31:32.030964+00:00,826.5823682549999,/api/quotes/history,0.0017543999997542414,5578,True
micronaut,2026-10-02T19:31:37.086179+00:00,831.6300867489999,/api/quotes/latest,0.012072191000243038,400,True
micronaut,2026-10-02T19:31:37.088185+00:00,831.6300867489999,/api/quotes/history,0.0019993619998786016,5578,True
micronaut,2026-10-02T19:31:42.125806+00:00,836.6795054150002,/api/quotes/latest,0.0022820389999651525,400,True
micronaut,2026-10-02T19:31:42.127498+00:00,836.6795054150002,/api/quotes/history,0.0016395579996242304,5578,True
micronaut,2026-10-02T19:31:47.171927+00:00,841.7249067729999,/api/quotes/latest,0.0030017389999557054,400,True
micronaut,2026-10-02T19:31:47.187035+00:00,841.7249067729999,/api/quotes/history,0.015054873000281077,5977,True
micronaut,2026-10-02T19:31:52.194684+00:00,846.7378716839999,/api/quotes/latest,0.01279364500032898,400,True
micronaut,2026-10-02T19:31:52.196617+00:00,846.7378716839999,/api/quotes/history,0.0018805800000336603,5977,True
micronaut,2026-10-02T19:31:57.191893+00:00,851.744889694,/api/quotes/latest,0.0029841600003237545,400,True
micronaut,2026-10-02T19:31:57.193863+00:00,851.744889694,/api/quotes/history,0.001915694000217627,5977,True
micronaut,2026-10-02T19:32:02.219361+00:00,856.7704812669999,/api/quotes/latest,0.004860205000113638,400,True
micronaut,2026-10-02T19:32:02.221196+00:00,856.7704812669999,/api/quotes/history,0.001785466000001179,5977,True
micronaut,2026-10-02T19:32:07.274518+00:00,861.8182839800002,/api/quotes/latest,0.012214993000270624,400,True
micronaut,2026-10-02T19:32:07.276727+00:00,861.8182839800002,/api/quotes/history,0.002153990999886446,5977,True
micronaut,2026-10-02T19:32:12.296241+00:00,866.848987844,/api/quotes/latest,0.0032325890001629887,400,True
micronaut,2026-10-02T19:32:12.298564+00:00,866.848987844,/api/quotes/history,0.0022657429999526357,5977,True
micronaut,2026-10-02T19:32:17.349267+00:00,871.8926273070001,/api/quotes/latest,0.012618163999832177,400,True
micronaut,2026-10-02T19:32:17.351330+00:00,871.8926273070001,/api/quotes/history,0.0020127449997744407,5977,True
micronaut,2026-10-02T19:32:22.354772+00:00,876.907764564,/api/quotes/latest,0.0029878589998588723,400,True
micronaut,2026-10-02T19:32:22.357931+00:00,876.907764564,/api/quotes/history,0.003102952000062942,5977,True
micronaut,2026-10-02T19:32:27.410354+00:00,881.9540736640001,/api/quotes/latest,0.012260758000138594,400,True
micronaut,2026-10-02T19:32:27.412212+00:00,881.9540736640001,/api/quotes/history,0.0018071859999508888,5977,True
micronaut,2026-10-02T19:32:32.451562+00:00,887.0038972900002,/api/quotes/latest,0.0036471749999691383,400,True
micronaut,2026-10-02T19:32:32.454499+00:00,887.0038972900002,/api/quotes/history,0.0028845609999734734,5977,True
micronaut,2026-10-02T19:32:37.507353+00:00,892.0490598480001,/api/quotes/latest,0.014273737999701552,400,True
micronaut,2026-10-02T19:32:37.512058+00:00,892.0490598480001,/api/quotes/history,0.004662267999719916,5977,True
micronaut,2026-10-02T19:32:42.518427+00:00,897.069729374,/api/quotes/latest,0.004677395000271645,400,True
micronaut,2026-10-02T19:32:42.522545+00:00,897.069729374,/api/quotes/history,0.004060950999701163,5977,True
